station_cd,station_g_cd,station_name,station_name_k,station_name_r,line_cd,pref_cd,post,address,lon,lat,open_ymd,close_ymd,e_status,e_sort,n,m,k_avg,intersection_count,streets_per_node_avg,streets_per_node_counts,streets_per_node_proportion,edge_length_total,edge_length_avg,street_length_total,street_length_avg,street_segments_count,node_density_km,intersection_density_km,edge_density_km,street_density_km,circuity_avg,self_loop_proportion,clean_intersection_count,clean_intersection_density_km,station_name_roman,cluster_number
1130516,1130516,新三郷,,,11305,11,341-0012,三郷市半田,139.869341,35.858667,0000-00-00,0000-00-00,0,1130516,172.0,444.0,5.162790697674419,163.0,3.0872093023255816,"{0: 0, 1: 9, 2: 3, 3: 125, 4: 34, 5: 1}","{0: 0.0, 1: 0.05232558139534884, 2: 0.01744186046511628, 3: 0.7267441860465116, 4: 0.19767441860465115, 5: 0.005813953488372093}",52971.537,119.30526351351352,28927.383000000005,117.59098780487808,246.0,77.04204372334145,73.01077399363172,23726.95040492209,12957.120383068865,1.058288106007773,0.0045045045045045,115.0,51.51066876851318,,1
1131804,1131804,明覚,,,11318,11,355-0354,比企郡ときがわ町番匠,139.288789,36.003309,0000-00-00,0000-00-00,0,1131804,161.0,386.0,4.795031055900621,119.0,2.571428571428572,"{0: 0, 1: 42, 2: 0, 3: 104, 4: 15}","{0: 0.0, 1: 0.2608695652173913, 2: 0.0, 3: 0.6459627329192547, 4: 0.09316770186335403}",36703.788000000015,95.08753367875651,18351.894,95.08753367875649,193.0,93.8564494978941,69.37215832453042,21396.815060890764,10698.407530445378,1.0714166501673092,0.0,96.0,55.96409411054555,,1
1131806,1131806,竹沢,,,11318,11,355-0336,比企郡小川町大字勝呂,139.229952,36.075466,0000-00-00,0000-00-00,0,1131806,76.0,199.0,5.2368421052631575,67.0,2.8421052631578947,"{0: 0, 1: 9, 2: 0, 3: 61, 4: 6}","{0: 0.0, 1: 0.11842105263157894, 2: 0.0, 3: 0.8026315789473685, 4: 0.07894736842105263}",23099.28100000002,116.07678894472372,11596.391,115.96391,100.0,44.86809558408485,39.554768475443225,13637.115103047843,6846.1576291897545,1.1087917339211872,0.0050251256281407,58.0,34.241441366801595,,1
1131807,1131807,折原,,,11318,11,369-1225,大里郡寄居町大字西ノ入,139.195205,36.096296,0000-00-00,0000-00-00,0,1131807,70.0,168.0,4.8,56.0,2.642857142857143,"{0: 0, 1: 14, 2: 0, 3: 53, 4: 3}","{0: 0.0, 1: 0.2, 2: 0.0, 3: 0.7571428571428571, 4: 0.04285714285714286}",22398.246,133.32289285714282,11199.123,133.32289285714288,84.0,37.38335996969657,29.90668797575725,11961.73847011166,5980.869235055831,1.0864553308275964,0.0,48.0,25.634303979220505,,1
1131810,1131810,松久,,,11318,11,367-0113,児玉郡美里町大字甘粕,139.182127,36.172938,0000-00-00,0000-00-00,0,1131810,128.0,348.0,5.4375,118.0,3.0,"{0: 0, 1: 10, 2: 0, 3: 98, 4: 20}","{0: 0.0, 1: 0.078125, 2: 0.0, 3: 0.765625, 4: 0.15625}",44312.722,127.33540804597702,22156.361,127.33540804597702,174.0,64.54239691221642,59.50002215344952,22344.135090505504,11172.067545252752,1.0374238262494972,0.0,103.0,51.93646001529915,,1
2100134,2100134,東武竹沢,,,21001,11,355-0331,比企郡小川町大字靱負６８７-１,139.237591,36.0754,0000-00-00,0000-00-00,0,2100134,95.0,245.0,5.157894736842105,81.0,2.863157894736842,"{0: 0, 1: 14, 2: 0, 3: 66, 4: 15}","{0: 0.0, 1: 0.14736842105263157, 2: 0.0, 3: 0.6947368421052632, 4: 0.15789473684210525}",31021.595000000016,126.61875510204088,15557.548000000004,126.48413008130083,123.0,55.92903388442281,47.68686046987629,18263.24039898781,9159.1434657951,1.1046875588527985,0.0040816326530612,73.0,42.97704709013542,,1
2100135,2100135,男衾,,,21001,11,369-1216,大里郡寄居町大字富田１７９２-１,139.234442,36.107415,0000-00-00,0000-00-00,0,2100135,146.0,370.0,5.068493150684931,120.0,2.732876712328767,"{0: 0, 1: 26, 2: 0, 3: 108, 4: 11, 5: 1}","{0: 0.0, 1: 0.1780821917808219, 2: 0.0, 3: 0.7397260273972602, 4: 0.07534246575342465, 5: 0.00684931506849315}",43453.014000000025,117.44057837837843,21726.506999999983,117.44057837837828,185.0,67.4322316440949,55.423752036242384,20069.408943028087,10034.70447151403,1.0871621478514453,0.0054054054054054,96.0,44.33900162899391,,1
2100307,2100307,柳生,,,21003,11,349-1202,加須市小野袋1834-4,139.659645,36.206756,0000-00-00,0000-00-00,0,2100307,140.0,401.0,5.728571428571429,121.0,3.007142857142857,"{0: 0, 1: 19, 2: 0, 3: 83, 4: 37, 5: 1}","{0: 0.0, 1: 0.1357142857142857, 2: 0.0, 3: 0.5928571428571429, 4: 0.2642857142857143, 5: 0.007142857142857143}",48684.94800000002,121.40884788029928,24362.86200000001,121.20826865671646,201.0,77.35867210411219,66.85999517569697,26901.44949098396,13461.99037839811,1.0376235194074093,0.0074812967581047,115.0,63.54462351409215,,1
2100703,2100703,西大家,,,21007,11,350-0244,坂戸市大字森戸６２３-７,139.356321,35.931698,0000-00-00,0000-00-00,0,2100703,145.0,384.0,5.296551724137931,122.0,2.8413793103448275,"{0: 0, 1: 23, 2: 0, 3: 102, 4: 18, 5: 1, 6: 1}","{0: 0.0, 1: 0.15862068965517243, 2: 0.0, 3: 0.7034482758620689, 4: 0.12413793103448276, 5: 0.006896551724137931, 6: 0.006896551724137931}",42483.05000000003,110.63294270833342,21241.525000000005,110.63294270833336,192.0,66.85914885020188,56.25390454982503,19588.831472831524,9794.415736415756,1.0363362565586032,0.0,103.0,47.4930505625572,,1
2200128,2200128,武蔵横手,,,22001,11,350-1257,日高市横手字山下７５０,139.280667,35.885256,0000-00-00,0000-00-00,0,2200128,21.0,50.0,4.761904761904762,16.0,2.619047619047619,"{0: 0, 1: 5, 2: 0, 3: 14, 4: 2}","{0: 0.0, 1: 0.23809523809523808, 2: 0.0, 3: 0.6666666666666666, 4: 0.09523809523809523}",9189.346,183.78692000000004,4594.673,183.78692,25.0,67.58080326134582,51.49013581816824,29572.54210125882,14786.271050629408,1.1144921781352986,0.0,12.0,38.61760186362618,,1
2200129,2200129,東吾野,,,22001,11,357-0211,飯能市平戸２２０,139.260281,35.892439,0000-00-00,0000-00-00,0,2200129,39.0,84.0,4.307692307692308,24.0,2.282051282051282,"{0: 0, 1: 15, 2: 0, 3: 23, 4: 0, 5: 1}","{0: 0.0, 1: 0.38461538461538464, 2: 0.0, 3: 0.5897435897435898, 4: 0.0, 5: 0.02564102564102564}",11277.434000000008,134.25516666666675,5638.717000000001,134.25516666666667,42.0,39.98878295549051,24.60848181876339,11563.355397971012,5781.677698985503,1.0992761647923328,0.0,18.0,18.456361364072546,,1
2200130,2200130,吾野,,,22001,11,357-0213,飯能市坂石町分３２６-１,139.226787,35.908502,0000-00-00,0000-00-00,0,2200130,44.0,96.0,4.363636363636363,28.0,2.2954545454545454,"{0: 0, 1: 16, 2: 0, 3: 27, 4: 1}","{0: 0.0, 1: 0.36363636363636365, 2: 0.0, 3: 0.6136363636363636, 4: 0.022727272727272728}",12712.044000000004,132.41712500000003,6356.022,132.417125,48.0,60.28570169634967,38.36362835222252,17417.147557610726,8708.57377880536,1.089871757807964,0.0,27.0,36.99349876821457,,1
2200204,2200128,武蔵横手,,,22002,11,350-1257,日高市横手字山下７５０,139.280667,35.885256,0000-00-00,0000-00-00,0,2200204,21.0,50.0,4.761904761904762,16.0,2.619047619047619,"{0: 0, 1: 5, 2: 0, 3: 14, 4: 2}","{0: 0.0, 1: 0.23809523809523808, 2: 0.0, 3: 0.6666666666666666, 4: 0.09523809523809523}",9189.346,183.78692000000004,4594.673,183.78692,25.0,67.58080326134582,51.49013581816824,29572.54210125882,14786.271050629408,1.1144921781352986,0.0,12.0,38.61760186362618,,1
2200205,2200129,東吾野,,,22002,11,357-0211,飯能市平戸２２０,139.260281,35.892439,0000-00-00,0000-00-00,0,2200205,39.0,84.0,4.307692307692308,24.0,2.282051282051282,"{0: 0, 1: 15, 2: 0, 3: 23, 4: 0, 5: 1}","{0: 0.0, 1: 0.38461538461538464, 2: 0.0, 3: 0.5897435897435898, 4: 0.0, 5: 0.02564102564102564}",11277.434000000008,134.25516666666675,5638.717000000001,134.25516666666667,42.0,39.98878295549051,24.60848181876339,11563.355397971012,5781.677698985503,1.0992761647923328,0.0,18.0,18.456361364072546,,1
2200206,2200130,吾野,,,22002,11,357-0213,飯能市坂石町分３２６-１,139.226787,35.908502,0000-00-00,0000-00-00,0,2200206,44.0,96.0,4.363636363636363,28.0,2.2954545454545454,"{0: 0, 1: 16, 2: 0, 3: 27, 4: 1}","{0: 0.0, 1: 0.36363636363636365, 2: 0.0, 3: 0.6136363636363636, 4: 0.022727272727272728}",12712.044000000004,132.41712500000003,6356.022,132.417125,48.0,60.28570169634967,38.36362835222252,17417.147557610726,8708.57377880536,1.089871757807964,0.0,27.0,36.99349876821457,,1
2200207,2200207,西吾野,,,22002,11,357-0216,飯能市吾野下ノ平５７９,139.202425,35.927082,0000-00-00,0000-00-00,0,2200207,23.0,48.0,4.173913043478261,15.0,2.3043478260869565,"{0: 0, 1: 8, 2: 0, 3: 15}","{0: 0.0, 1: 0.34782608695652173, 2: 0.0, 3: 0.6521739130434783}",10468.792000000003,218.09983333333344,5234.395999999999,218.0998333333333,24.0,22.525783541985053,14.690728396946774,10252.945327741952,5126.472663870973,1.1815734141821863,0.0,14.0,13.711346503816989,,1
2200208,2200208,正丸,,,22002,11,357-0218,飯能市坂元１６５８,139.181521,35.938324,0000-00-00,0000-00-00,0,2200208,14.0,30.0,4.285714285714286,10.0,2.5,"{0: 0, 1: 4, 2: 0, 3: 9, 4: 1}","{0: 0.0, 1: 0.2857142857142857, 2: 0.0, 3: 0.6428571428571429, 4: 0.07142857142857142}",5521.598,184.05326666666667,2760.799,184.05326666666667,15.0,46.30243520471945,33.07316800337104,18261.67383010775,9130.836915053877,1.2598949508847277,0.0,10.0,33.07316800337104,,1
2200209,2200209,芦ヶ久保,,,22002,11,368-0071,埼玉県秩父郡横瀬町芦ヶ久保,139.135982,35.976505,0000-00-00,0000-00-00,0,2200209,14.0,30.0,4.285714285714286,11.0,2.571428571428572,"{0: 0, 1: 3, 2: 0, 3: 11}","{0: 0.0, 1: 0.21428571428571427, 2: 0.0, 3: 0.7857142857142857}",7238.635999999999,241.28786666666664,3619.318,241.28786666666667,15.0,31.94948266747001,25.10316495301216,16519.333958437463,8259.666979218731,1.2656255962628629,0.0,10.0,22.82105904819287,,1
9930604,9930604,武州荒木,,,99306,11,361-0011,行田市荒木,139.488569,36.162614,0000-00-00,0000-00-00,0,9930604,135.0,360.0,5.333333333333333,119.0,3.0,"{0: 0, 1: 16, 2: 0, 3: 88, 4: 30, 5: 1}","{0: 0.0, 1: 0.11851851851851852, 2: 0.0, 3: 0.6518518518518519, 4: 0.2222222222222222, 5: 0.007407407407407408}",42557.211,118.214475,22512.47199999999,120.387550802139,187.0,72.27399167828429,63.7081852571543,22783.55195307399,12052.342325819314,1.0481753830904343,0.0,96.0,51.39483852677994,,1
9930619,9930619,波久礼,,,99306,11,369-1300,秩父郡長瀞町大字末野,139.158078,36.126728,0000-00-00,0000-00-00,0,9930619,68.0,156.0,4.588235294117647,49.0,2.485294117647059,"{0: 0, 1: 19, 2: 0, 3: 46, 4: 3}","{0: 0.0, 1: 0.27941176470588236, 2: 0.0, 3: 0.6764705882352942, 4: 0.04411764705882353}",24416.678,156.51716666666664,12208.339,156.51716666666667,78.0,39.3990372400159,28.390482717070284,14146.964791168775,7073.48239558439,1.1357944629017542,0.0,43.0,24.91409707824535,,1
9930620,9930620,樋口,,,99306,11,369-1302,秩父郡長瀞町野上下郷,139.122226,36.131076,0000-00-00,0000-00-00,0,9930620,59.0,148.0,5.016949152542373,47.0,2.694915254237288,"{0: 0, 1: 12, 2: 0, 3: 41, 4: 6}","{0: 0.0, 1: 0.2033898305084746, 2: 0.0, 3: 0.6949152542372882, 4: 0.1016949152542373}",23008.03000000001,155.45966216216223,11504.015,155.45966216216215,74.0,44.02334855552819,35.06944715440381,17167.636004509317,8583.818002254655,1.0802672380574805,0.0,44.0,32.83097180412272,,1
9930621,9930621,野上,,,99306,11,369-1304,秩父郡長瀞町大字本野上,139.110865,36.11157,0000-00-00,0000-00-00,0,9930621,101.0,270.0,5.346534653465347,86.0,2.8316831683168315,"{0: 0, 1: 15, 2: 0, 3: 73, 4: 13}","{0: 0.0, 1: 0.1485148514851485, 2: 0.0, 3: 0.7227722772277227, 4: 0.12871287128712872}",33432.59400000002,123.8244222222223,16716.296999999988,123.82442222222213,135.0,66.01589005960187,56.2115499517402,21852.30148427036,10926.150742135163,1.0451910531210584,0.0,75.0,49.02170053930832,,1
9930622,9930622,長瀞,,,99306,11,369-1305,秩父郡長瀞町大字長瀞,139.112346,36.095462,0000-00-00,0000-00-00,0,9930622,82.0,226.0,5.512195121951219,73.0,2.8780487804878048,"{0: 0, 1: 9, 2: 0, 3: 65, 4: 8}","{0: 0.0, 1: 0.10975609756097561, 2: 0.0, 3: 0.7926829268292683, 4: 0.0975609756097561}",27188.007999999983,120.30092035398222,13594.004000000004,120.30092035398232,113.0,92.15382725793128,82.03938280279249,30554.621862429907,15277.310931214966,1.0860392897866604,0.0,61.0,68.55345686260742,,1
9930623,9930623,上長瀞,,,99306,11,369-1305,秩父郡長瀞町大字長瀞,139.11319,36.086169,0000-00-00,0000-00-00,0,9930623,90.0,236.0,5.2444444444444445,79.0,2.833333333333333,"{0: 0, 1: 11, 2: 0, 3: 72, 4: 7}","{0: 0.0, 1: 0.12222222222222222, 2: 0.0, 3: 0.8, 4: 0.07777777777777778}",33325.36199999999,141.20916101694908,16662.681000000004,141.2091610169492,118.0,45.74690944601687,40.15562051372592,16939.247974108122,8469.623987054067,1.0949628655033914,0.0,70.0,35.58092956912423,,1
9930624,9930624,親鼻,,,99306,11,369-1412,秩父郡皆野町大字皆野,139.106103,36.077539,0000-00-00,0000-00-00,0,9930624,122.0,317.0,5.19672131147541,103.0,2.795081967213114,"{0: 0, 1: 19, 2: 0, 3: 90, 4: 13}","{0: 0.0, 1: 0.1557377049180328, 2: 0.0, 3: 0.7377049180327869, 4: 0.10655737704918032}",35935.068999999974,113.35983911671916,18001.706,113.21827672955972,159.0,69.97024395935426,59.07323875256958,20609.7175789035,10324.45705331616,1.0605850054831727,0.0,85.0,48.74976013561568,,1
9930626,9930626,和銅黒谷,,,99306,11,368-0001,秩父市大字黒谷,139.101666,36.046671,0000-00-00,0000-00-00,0,9930626,63.0,164.0,5.206349206349207,55.0,2.888888888888889,"{0: 0, 1: 8, 2: 0, 3: 46, 4: 9}","{0: 0.0, 1: 0.12698412698412698, 2: 0.0, 3: 0.7301587301587301, 4: 0.14285714285714285}",24817.781999999992,151.3279390243902,12408.890999999992,151.32793902439016,82.0,38.20453839881875,33.35316844341319,15050.030244325591,7525.015122162795,1.0579737562714897,0.0,49.0,29.714640976859027,,1
9930627,9930627,大野原,,,99306,11,368-0005,秩父市大字大野原,139.094071,36.018586,0000-00-00,0000-00-00,0,9930627,122.0,320.0,5.245901639344262,106.0,2.8688524590163933,"{0: 0, 1: 16, 2: 0, 3: 90, 4: 16}","{0: 0.0, 1: 0.13114754098360656, 2: 0.0, 3: 0.7377049180327869, 4: 0.13114754098360656}",40341.78200000009,126.06806875000026,20170.890999999992,126.06806874999997,160.0,58.58223470921593,50.89931868177778,19371.407718951046,9685.703859475498,1.0725058385171131,0.0,97.0,46.577678416343815,,1
9930630,9930630,影森,,,99306,11,369-1872,秩父市大字上影森,139.068413,35.972015,0000-00-00,0000-00-00,0,9930630,78.0,204.0,5.230769230769231,65.0,2.8076923076923075,"{0: 0, 1: 13, 2: 0, 3: 54, 4: 11}","{0: 0.0, 1: 0.16666666666666666, 2: 0.0, 3: 0.6923076923076923, 4: 0.14102564102564102}",28521.22000000002,139.8099019607844,14260.609999999988,139.8099019607842,102.0,55.59782273305682,46.33151894421402,20329.7145344938,10164.857267246882,1.0757223483780094,0.0,60.0,42.76755594850525,,1
9930631,9930631,浦山口,,,99306,11,369-1801,秩父市荒川久那,139.058134,35.963922,0000-00-00,0000-00-00,0,9930631,60.0,134.0,4.466666666666667,46.0,2.583333333333333,"{0: 0, 1: 14, 2: 0, 3: 43, 4: 3}","{0: 0.0, 1: 0.23333333333333334, 2: 0.0, 3: 0.7166666666666667, 4: 0.05}",23359.812,174.3269552238806,11679.906000000004,174.32695522388065,67.0,35.53105652503051,27.24047666919005,13833.31334310143,6916.656671550717,1.129575317753429,0.0,43.0,25.463923842938527,,1
9930632,9930632,武州中川,,,99306,11,369-1802,秩父市荒川上田野,139.035439,35.958347,0000-00-00,0000-00-00,0,9930632,96.0,256.0,5.333333333333333,78.0,2.78125,"{0: 0, 1: 18, 2: 0, 3: 63, 4: 15}","{0: 0.0, 1: 0.1875, 2: 0.0, 3: 0.65625, 4: 0.15625}",32623.315999999984,127.43482812499994,16311.657999999994,127.43482812499995,128.0,71.86109183591343,58.38713711667965,24420.282365291903,12210.141182645952,1.0752600419824203,0.0,71.0,53.14726583697764,,1
9930633,9930633,武州日野,,,99306,11,369-1803,秩父市荒川日野,139.021888,35.953867,0000-00-00,0000-00-00,0,9930633,70.0,170.0,4.857142857142857,57.0,2.657142857142857,"{0: 0, 1: 13, 2: 0, 3: 55, 4: 2}","{0: 0.0, 1: 0.18571428571428572, 2: 0.0, 3: 0.7857142857142857, 4: 0.02857142857142857}",24228.51800000001,142.5206941176471,12114.259000000004,142.5206941176471,85.0,44.191705229080014,35.98467425796515,15295.707508477995,7647.853754238998,1.129367227677542,0.0,51.0,32.1968138097583,,1
9930634,9930634,白久,,,99306,11,369-1912,秩父市荒川白久,138.993263,35.95895,0000-00-00,0000-00-00,0,9930634,37.0,82.0,4.4324324324324325,29.0,2.5675675675675675,"{0: 0, 1: 8, 2: 0, 3: 29}","{0: 0.0, 1: 0.21621621621621623, 2: 0.0, 3: 0.7837837837837838}",15418.31,188.0281707317073,7709.155000000002,188.0281707317073,41.0,28.74629434649852,22.530879352661,11978.899394204363,5989.449697102184,1.1324112968638984,0.0,25.0,19.42317185574224,,1
9930635,9930635,三峰口,,,99306,11,369-1912,秩父市荒川白久,138.978706,35.960075,0000-00-00,0000-00-00,0,9930635,45.0,108.0,4.8,35.0,2.555555555555556,"{0: 0, 1: 10, 2: 0, 3: 35}","{0: 0.0, 1: 0.2222222222222222, 2: 0.0, 3: 0.7777777777777778}",18073.815999999988,167.35014814814804,9036.907999999998,167.3501481481481,54.0,40.10905485495253,31.19593155385197,16109.415052940409,8054.707526470206,1.126699259523218,0.0,30.0,26.73936990330169,,1
1131416,1131416,南酒々井,,,11314,12,285-0914,印旛郡酒々井町馬橋,140.267828,35.704217,0000-00-00,0000-00-00,0,1131416,69.0,190.0,5.507246376811594,63.0,2.971014492753623,"{0: 0, 1: 6, 2: 0, 3: 53, 4: 10}","{0: 0.0, 1: 0.08695652173913043, 2: 0.0, 3: 0.7681159420289855, 4: 0.14492753623188406}",22717.77400000001,119.56723157894744,11358.887000000002,119.5672315789474,95.0,47.69311156313833,43.545884470691526,15702.627968813971,7851.313984406983,1.0994313032557814,0.0,50.0,34.5602257703901,,1
1131419,1131419,日向,,,11314,12,289-1205,山武市椎崎,140.362447,35.628402,0000-00-00,0000-00-00,0,1131419,121.0,322.0,5.322314049586777,109.0,2.900826446280992,"{0: 0, 1: 12, 2: 0, 3: 97, 4: 12}","{0: 0.0, 1: 0.09917355371900827, 2: 0.0, 3: 0.8016528925619835, 4: 0.09917355371900827}",39276.85599999994,121.9778136645961,19638.428,121.97781366459624,161.0,63.674334672531856,57.3595246223634,20668.823750651547,10334.411875325786,1.1877906739729125,0.0062111801242236,97.0,51.04471457219496,,1
1131428,1131428,倉橋,,,11314,12,289-2611,旭市倉橋,140.714018,35.737836,0000-00-00,0000-00-00,0,1131428,21.0,50.0,4.761904761904762,19.0,2.9047619047619047,"{0: 0, 1: 2, 2: 0, 3: 17, 4: 2}","{0: 0.0, 1: 0.09523809523809523, 2: 0.0, 3: 0.8095238095238095, 4: 0.09523809523809523}",10790.273999999996,215.8054799999999,5395.1370000000015,215.80548000000007,25.0,23.70528867406676,21.447642133679444,12180.312382965569,6090.156191482787,1.0632945096503514,0.0,18.0,20.31881886348579,,1
1131429,1131429,猿田,,,11314,12,288-0855,銚子市猿田町,140.7374,35.747383,0000-00-00,0000-00-00,0,1131429,33.0,82.0,4.96969696969697,31.0,3.0,"{0: 0, 1: 2, 2: 0, 3: 27, 4: 4}","{0: 0.0, 1: 0.06060606060606061, 2: 0.0, 3: 0.8181818181818182, 4: 0.12121212121212122}",18056.725999999988,220.203975609756,9028.363,220.20397560975613,41.0,23.278629737619823,21.86780369291559,12737.449661444023,6368.724830722016,1.0742991342760146,0.0,29.0,20.45697764821136,,1
1132414,1132414,東浪見,,,11324,12,299-4303,長生郡一宮町東浪見,140.376706,35.34669,0000-00-00,0000-00-00,0,1132414,65.0,164.0,5.046153846153846,54.0,2.769230769230769,"{0: 0, 1: 11, 2: 0, 3: 47, 4: 7}","{0: 0.0, 1: 0.16923076923076924, 2: 0.0, 3: 0.7230769230769231, 4: 0.1076923076923077}",21762.5,132.69817073170728,10881.249999999998,132.6981707317073,82.0,40.55073678954694,33.68830440977746,13576.698605884843,6788.349302942424,1.049716153138923,0.0,44.0,27.449729519077927,,1
1132419,1132419,浪花,,,11324,12,298-0012,いすみ市小沢,140.379428,35.222674,0000-00-00,0000-00-00,0,1132419,83.0,196.0,4.72289156626506,60.0,2.5301204819277108,"{0: 0, 1: 23, 2: 0, 3: 53, 4: 7}","{0: 0.0, 1: 0.27710843373493976, 2: 0.0, 3: 0.6385542168674698, 4: 0.08433734939759036}",24814.665999999983,126.60543877551012,12407.333000000008,126.60543877551028,98.0,42.325234990790754,30.596555415029464,12654.055056240784,6327.027528120399,1.1035521136122908,0.0,52.0,26.517014693025533,,1
1132422,1132422,鵜原,,,11324,12,299-5243,勝浦市鵜原,140.278446,35.140828,0000-00-00,0000-00-00,0,1132422,54.0,128.0,4.7407407407407405,41.0,2.555555555555556,"{0: 0, 1: 13, 2: 0, 3: 39, 4: 2}","{0: 0.0, 1: 0.24074074074074073, 2: 0.0, 3: 0.7222222222222222, 4: 0.037037037037037035}",21120.51299999999,165.00400781249994,10637.166000000005,161.16918181818187,66.0,33.900519168315824,25.7392830722398,13259.191774095618,6677.878701473287,1.124300932214694,0.0,32.0,20.08919654418716,,1
1132423,1132423,上総興津,,,11324,12,299-5245,勝浦市興津,140.250487,35.137146,0000-00-00,0000-00-00,0,1132423,100.0,228.0,4.56,70.0,2.43,"{0: 0, 1: 30, 2: 1, 3: 65, 4: 4}","{0: 0.0, 1: 0.3, 2: 0.01, 3: 0.65, 4: 0.04}",18690.653000000013,81.9765482456141,9659.624,81.86122033898305,118.0,127.882814787722,89.51797035140541,23902.133158605822,12352.999069110345,1.1073705288727342,0.0,48.0,61.383751098106565,,1
1132424,1132424,行川アイランド,,,11324,12,299-5255,勝浦市浜行川,140.226962,35.11832,0000-00-00,0000-00-00,0,1132424,64.0,142.0,4.4375,40.0,2.328125,"{0: 0, 1: 24, 2: 0, 3: 35, 4: 5}","{0: 0.0, 1: 0.375, 2: 0.0, 3: 0.546875, 4: 0.078125}",14486.18599999999,102.01539436619711,7243.093000000002,102.0153943661972,71.0,66.454105786293,41.53381611643313,15041.664638811188,7520.832319405601,1.142789876190651,0.0,23.0,23.88194426694905,,1
1132425,1132425,安房小湊,,,11324,12,299-5502,鴨川市内浦,140.190337,35.128597,0000-00-00,0000-00-00,0,1132425,84.0,194.0,4.619047619047619,60.0,2.4642857142857144,"{0: 0, 1: 24, 2: 0, 3: 57, 4: 3}","{0: 0.0, 1: 0.2857142857142857, 2: 0.0, 3: 0.6785714285714286, 4: 0.03571428571428571}",18622.016,95.98977319587628,9311.008,95.98977319587628,97.0,61.34991562866227,43.82136830618734,13600.703695661889,6800.351847830945,1.0696772014015437,0.0,43.0,31.405313952767592,,1
1132426,1132426,安房天津,,,11324,12,299-5503,鴨川市天津,140.154487,35.125473,0000-00-00,0000-00-00,0,1132426,123.0,295.0,4.796747967479675,91.0,2.5609756097560976,"{0: 0, 1: 32, 2: 0, 3: 81, 4: 10}","{0: 0.0, 1: 0.2601626016260163, 2: 0.0, 3: 0.6585365853658537, 4: 0.08130081300813008}",28886.484,97.92028474576269,14631.308,97.54205333333334,150.0,86.29760782360002,63.84619765811059,20266.946891339,10265.421786425217,1.1344533245573454,0.0067796610169491,72.0,50.51567287235123,,1
1132515,1132515,佐貫町,,,11325,12,293-0057,富津市亀田,139.876106,35.260113,0000-00-00,0000-00-00,0,1132515,102.0,246.0,4.823529411764706,79.0,2.617647058823529,"{0: 0, 1: 23, 2: 0, 3: 72, 4: 7}","{0: 0.0, 1: 0.22549019607843138, 2: 0.0, 3: 0.7058823529411765, 4: 0.06862745098039216}",31050.66199999996,126.22220325203234,15525.331000000007,126.2222032520326,123.0,57.85284543660617,44.807595975410656,17611.46224892449,8805.731124462262,1.0790309051279918,0.0,68.0,38.56856362440411,,1
1132516,1132516,上総湊,,,11325,12,299-1607,富津市湊,139.871016,35.221855,0000-00-00,0000-00-00,0,1132516,125.0,286.0,4.576,84.0,2.4,"{0: 0, 1: 41, 2: 0, 3: 77, 4: 7}","{0: 0.0, 1: 0.328, 2: 0.0, 3: 0.616, 4: 0.056}",29188.388000000006,102.05730069930073,14647.457000000008,101.71845138888894,144.0,108.1635529866128,72.68590760700381,25256.95801625452,12674.567930709069,1.0554281383523232,0.0,63.0,54.51443070525286,,1
1132517,1132517,竹岡,,,11325,12,299-1622,富津市萩生,139.830159,35.197582,0000-00-00,0000-00-00,0,1132517,57.0,140.0,4.912280701754386,43.0,2.56140350877193,"{0: 0, 1: 14, 2: 0, 3: 40, 4: 3}","{0: 0.0, 1: 0.24561403508771928, 2: 0.0, 3: 0.7017543859649122, 4: 0.05263157894736842}",15452.655999999994,110.37611428571424,7726.328000000002,110.37611428571432,70.0,62.2437766970986,46.955831543425255,16874.239814755794,8437.119907377904,1.3181769636119816,0.0,36.0,39.31185896658859,,1
1132518,1132518,浜金谷,,,11325,12,299-1861,富津市金谷,139.822141,35.168215,0000-00-00,0000-00-00,0,1132518,69.0,163.0,4.72463768115942,54.0,2.6666666666666665,"{0: 0, 1: 15, 2: 0, 3: 48, 4: 5, 5: 1}","{0: 0.0, 1: 0.21739130434782608, 2: 0.0, 3: 0.6956521739130435, 4: 0.07246376811594203, 5: 0.014492753623188406}",22210.973999999995,136.2636441717791,11906.379000000004,140.07504705882357,85.0,43.92204423627104,34.37377375012516,14138.42583418356,7579.021813504474,1.0770536327090288,0.0,45.0,28.64481145843764,,1
1132519,1132519,保田,,,11325,12,299-1902,安房郡鋸南町保田,139.838114,35.14148,0000-00-00,0000-00-00,0,1132519,117.0,276.0,4.717948717948718,82.0,2.4871794871794872,"{0: 0, 1: 35, 2: 0, 3: 72, 4: 10}","{0: 0.0, 1: 0.29914529914529914, 2: 0.0, 3: 0.6153846153846154, 4: 0.08547008547008547}",31346.379,113.57383695652176,15823.046000000006,113.83486330935256,139.0,88.99911595139439,62.37544878644735,23844.44460920816,12036.214578275622,1.070369527950386,0.0,69.0,52.48665812518131,,1
1132521,1132521,岩井,,,11325,12,299-2226,南房総市市部,139.849839,35.093062,0000-00-00,0000-00-00,0,1132521,163.0,440.0,5.398773006134969,141.0,2.8466257668711656,"{0: 0, 1: 22, 2: 0, 3: 122, 4: 19}","{0: 0.0, 1: 0.13496932515337423, 2: 0.0, 3: 0.7484662576687117, 4: 0.1165644171779141}",48310.51399999993,109.79662272727256,24155.257000000005,109.79662272727276,220.0,80.8388696608842,69.92810197659308,23959.308861940583,11979.654430970311,1.0735537763367928,0.0,114.0,56.53761436405398,,1
1132522,1132522,富浦,,,11325,12,299-2403,南房総市富浦町原岡,139.837811,35.04614,0000-00-00,0000-00-00,0,1132522,128.0,322.0,5.03125,99.0,2.6484375,"{0: 0, 1: 29, 2: 0, 3: 86, 4: 13}","{0: 0.0, 1: 0.2265625, 2: 0.0, 3: 0.671875, 4: 0.1015625}",32695.408000000007,101.5385341614907,16347.704000000009,101.53853416149072,161.0,78.52880299748149,60.73712106836459,20058.83791995532,10029.418959977662,1.0762144015674917,0.0,76.0,46.62647677975463,,1
1132525,1132525,九重,,,11325,12,294-0011,館山市二子,139.911383,34.99752,0000-00-00,0000-00-00,0,1132525,86.0,192.0,4.465116279069767,57.0,2.395348837209302,"{0: 0, 1: 29, 2: 0, 3: 51, 4: 6}","{0: 0.0, 1: 0.3372093023255814, 2: 0.0, 3: 0.5930232558139535, 4: 0.06976744186046512}",21581.09,112.40151041666664,10790.545000000002,112.40151041666668,96.0,60.66271513485714,40.20668328705648,15222.878081043184,7611.439040521594,1.0986957941599444,0.0,47.0,33.15287920160797,,1
1132526,1132526,千倉,,,11325,12,295-0004,南房総市千倉町瀬戸,139.954738,34.976704,0000-00-00,0000-00-00,0,1132526,136.0,339.0,4.985294117647059,112.0,2.6838235294117645,"{0: 0, 1: 24, 2: 0, 3: 107, 4: 5}","{0: 0.0, 1: 0.17647058823529413, 2: 0.0, 3: 0.7867647058823529, 4: 0.03676470588235294}",37741.52799999999,111.33194100294985,18954.53399999999,110.84522807017537,171.0,80.01790142710581,65.89709529291066,22205.866670679065,11152.220832417092,1.0437436895769443,0.0,86.0,50.59955531419926,,1
1132527,1132527,千歳,,,11325,12,295-0003,南房総市千倉町白子,139.966378,34.991701,0000-00-00,0000-00-00,0,1132527,58.0,152.0,5.241379310344827,51.0,2.827586206896552,"{0: 0, 1: 7, 2: 0, 3: 47, 4: 4}","{0: 0.0, 1: 0.1206896551724138, 2: 0.0, 3: 0.8103448275862069, 4: 0.06896551724137931}",23764.078,156.34261842105263,11882.039000000004,156.3426184210527,76.0,44.42203869895774,39.06075816632492,18200.841251052592,9100.4206255263,1.0994451222036334,0.0,48.0,36.76306650948227,,1
1132528,1132528,南三原,,,11325,12,299-2713,南房総市和田町松田,139.979204,35.021065,0000-00-00,0000-00-00,0,1132528,55.0,134.0,4.872727272727273,45.0,2.709090909090909,"{0: 0, 1: 10, 2: 0, 3: 41, 4: 4}","{0: 0.0, 1: 0.18181818181818182, 2: 0.0, 3: 0.7454545454545455, 4: 0.07272727272727272}",24101.542,179.86225373134326,12050.771,179.8622537313433,67.0,35.25508722811924,28.845071368461195,15449.126646221444,7724.563323110722,1.060838427905902,0.0,41.0,26.28106502459798,,1
1132529,1132529,和田浦,,,11325,12,299-2703,南房総市和田町仁我浦,140.019569,35.041885,0000-00-00,0000-00-00,0,1132529,65.0,156.0,4.8,50.0,2.5538461538461537,"{0: 0, 1: 15, 2: 0, 3: 49, 4: 1}","{0: 0.0, 1: 0.23076923076923078, 2: 0.0, 3: 0.7538461538461538, 4: 0.015384615384615385}",17842.70499999999,114.37631410256404,9045.489999999996,114.49987341772147,79.0,60.63964960638737,46.64588431260567,16645.775065079008,8438.697601816626,1.0835910777236466,0.0,40.0,37.316707450084536,,1
1132530,1132530,江見,,,11325,12,299-2841,鴨川市西江見,140.061026,35.062513,0000-00-00,0000-00-00,0,1132530,24.0,58.0,4.833333333333333,21.0,2.75,"{0: 0, 1: 3, 2: 0, 3: 21}","{0: 0.0, 1: 0.125, 2: 0.0, 3: 0.875}",9857.770000000002,169.96155172413796,4928.885,169.96155172413793,29.0,36.86918032959332,32.26053278839416,15143.662490735634,7571.831245367815,1.1202719936958576,0.0,19.0,29.188101094261377,,1
1132531,1132531,太海,,,11325,12,296-0000,鴨川市太海,140.096229,35.081435,0000-00-00,0000-00-00,0,1132531,44.0,107.0,4.863636363636363,35.0,2.6818181818181817,"{0: 0, 1: 9, 2: 0, 3: 31, 4: 4}","{0: 0.0, 1: 0.20454545454545456, 2: 0.0, 3: 0.7045454545454546, 4: 0.09090909090909091}",19933.556,186.29491588785044,10074.185000000003,183.1670000000001,55.0,40.27829413837128,32.03955215552261,18247.491631629444,9222.067878053818,1.2621924906287965,0.0186915887850467,29.0,26.54705750029016,,1
1132609,1132609,市川塩浜,,,11326,12,272-0127,市川市塩浜２丁目,139.923684,35.666554,0000-00-00,0000-00-00,0,1132609,38.0,78.0,4.105263157894737,36.0,3.131578947368421,"{0: 0, 1: 2, 2: 0, 3: 28, 4: 7, 5: 1}","{0: 0.0, 1: 0.05263157894736842, 2: 0.0, 3: 0.7368421052631579, 4: 0.18421052631578946, 5: 0.02631578947368421}",13605.343999999996,174.42748717948714,9907.401999999996,190.52696153846148,52.0,51.36156772494484,48.6583273183688,18389.25782308347,13391.044705296152,1.0088991844031108,0.0,29.0,39.19698589535264,,1
1132611,1132611,二俣新町,,,11326,12,272-0002,市川市二俣新町,139.959525,35.691273,0000-00-00,0000-00-00,0,1132611,99.0,205.0,4.141414141414141,89.0,2.929292929292929,"{0: 0, 1: 10, 2: 0, 3: 78, 4: 9, 5: 2}","{0: 0.0, 1: 0.10101010101010101, 2: 0.0, 3: 0.7878787878787878, 4: 0.09090909090909091, 5: 0.020202020202020204}",30123.671999999995,146.9447414634146,20272.466,160.89258730158724,126.0,47.45237908809757,42.65920948323923,14438.786901712225,9716.93678467241,1.0493466557422544,0.0,71.0,34.03150419449422,,1
1132612,1132612,南船橋,,,11326,12,273-0013,船橋市若松２丁目,139.995773,35.681804,0000-00-00,0000-00-00,0,1132612,168.0,386.0,4.595238095238095,161.0,3.130952380952381,"{0: 0, 1: 7, 2: 4, 3: 121, 4: 32, 5: 4}","{0: 0.0, 1: 0.041666666666666664, 2: 0.023809523809523808, 3: 0.7202380952380952, 4: 0.19047619047619047, 5: 0.023809523809523808}",41792.55599999994,108.27087046632109,27432.691999999985,118.24436206896544,232.0,74.3909757270089,71.29135173838351,18505.88701765271,12147.29002796732,1.0903667841003586,0.0025906735751295,109.0,48.26557353716648,,1
1132614,1132614,海浜幕張,,,11326,12,261-0021,千葉市美浜区ひび野,140.041917,35.648373,0000-00-00,0000-00-00,0,1132614,151.0,302.0,4.0,151.0,3.589403973509934,"{0: 0, 1: 0, 2: 0, 3: 63, 4: 87, 5: 1}","{0: 0.0, 1: 0.0, 2: 0.0, 3: 0.41721854304635764, 4: 0.5761589403973509, 5: 0.006622516556291391}",33693.95,111.56937086092714,27872.08400000001,113.30115447154476,246.0,72.87207817791025,72.87207817791025,16260.58383127549,13450.971418736968,1.0059347600516673,0.0,88.0,42.46849589176227,,1
1132704,1132813,空港第２ビル（第２旅客ターミナル）,,,11327,12,282-0004,千葉県成田市古込字古込1-1,140.387871,35.773327,0000-00-00,0000-00-00,0,1132704,111.0,178.0,3.207207207207208,94.0,3.036036036036036,"{0: 0, 1: 17, 2: 0, 3: 62, 4: 27, 5: 4, 6: 1}","{0: 0.0, 1: 0.15315315315315314, 2: 0.0, 3: 0.5585585585585585, 4: 0.24324324324324326, 5: 0.036036036036036036, 6: 0.009009009009009009}",26387.835000000014,148.2462640449439,24294.588000000007,152.79615094339627,159.0,154.9340552897256,131.20541619129915,36832.200782578,33910.441805703646,1.1022561149114285,0.0168539325842696,58.0,80.95653339463139,,1
1132705,1132705,成田空港（第１旅客ターミナル）,,,11327,12,282-0011,千葉県成田市三里塚御料牧場1-1,140.384644,35.763983,0000-00-00,0000-00-00,0,1132705,48.0,73.0,3.0416666666666665,44.0,3.3125,"{0: 0, 1: 4, 2: 0, 3: 25, 4: 15, 5: 4}","{0: 0.0, 1: 0.08333333333333333, 2: 0.0, 3: 0.5208333333333334, 4: 0.3125, 5: 0.08333333333333333}",10154.575999999995,139.10378082191778,10028.375000000002,139.28298611111114,72.0,160.4112382079501,147.0436350239543,33935.58561743194,33513.83439507609,1.1165177914345927,0.0,26.0,86.889420695973,,1
1132706,1132706,久住,,,11327,12,286-0813,成田市飯岡,140.338929,35.832232,0000-00-00,0000-00-00,0,1132706,110.0,317.0,5.763636363636364,109.0,3.145454545454545,"{0: 0, 1: 1, 2: 0, 3: 91, 4: 18}","{0: 0.0, 1: 0.00909090909090909, 2: 0.0, 3: 0.8272727272727273, 4: 0.16363636363636364}",37652.46200000002,118.77748264984234,18900.511,118.12819375,160.0,53.36206247871117,52.8769528198138,18265.57299746636,9168.820444196072,1.0760000097496751,0.0,105.0,50.9365141842243,,1
1132707,1132707,滑河,,,11327,12,289-0107,成田市猿山,140.347871,35.877079,0000-00-00,0000-00-00,0,1132707,128.0,321.0,5.015625,102.0,2.703125,"{0: 0, 1: 26, 2: 0, 3: 88, 4: 14}","{0: 0.0, 1: 0.203125, 2: 0.0, 3: 0.6875, 4: 0.109375}",33665.01700000005,104.8754423676014,16871.11599999999,104.78954037267076,161.0,70.10388030560418,55.864029618528335,18437.877517610417,9240.083567859085,1.055066624678004,0.0,73.0,39.98111923678989,,1
1132708,1132708,下総神崎,,,11327,12,289-0202,香取郡神崎町郡,140.410657,35.8948,0000-00-00,0000-00-00,0,1132708,111.0,278.0,5.009009009009009,91.0,2.7117117117117115,"{0: 0, 1: 20, 2: 0, 3: 83, 4: 8}","{0: 0.0, 1: 0.18018018018018017, 2: 0.0, 3: 0.7477477477477478, 4: 0.07207207207207207}",32972.85400000001,118.60738848920866,16486.427,118.60738848920865,139.0,68.87042320343258,56.461337941552834,20458.14783067564,10229.073915337814,1.099868854612289,0.0,79.0,49.015886784424985,,1
1132709,1132709,大戸,,,11327,12,287-0054,香取市大戸川,140.457828,35.890004,0000-00-00,0000-00-00,0,1132709,112.0,292.0,5.214285714285714,94.0,2.758928571428572,"{0: 0, 1: 18, 2: 0, 3: 85, 4: 9}","{0: 0.0, 1: 0.16071428571428573, 2: 0.0, 3: 0.7589285714285714, 4: 0.08035714285714286}",37571.914,128.67093835616438,18785.956999999995,128.67093835616436,146.0,62.20582448789376,52.20845983805369,20867.784713912846,10433.89235695642,1.120109878583191,0.0,81.0,44.98814092428031,,1
1132711,1132711,香取,,,11327,12,287-0011,香取市津宮,140.532367,35.897856,0000-00-00,0000-00-00,0,1132711,99.0,280.0,5.656565656565657,92.0,2.97979797979798,"{0: 0, 1: 7, 2: 0, 3: 80, 4: 12}","{0: 0.0, 1: 0.0707070707070707, 2: 0.0, 3: 0.8080808080808081, 4: 0.12121212121212122}",37172.21400000001,132.75790714285716,18586.107,132.75790714285714,140.0,56.19479917582974,52.22142953713471,21099.84950152492,10549.92475076246,1.0562085376417103,0.0,76.0,43.13944179154607,,1
1132712,1132712,水郷,,,11327,12,289-0301,香取市一ノ分目,140.570181,35.885508,0000-00-00,0000-00-00,0,1132712,102.0,288.0,5.647058823529412,92.0,2.9607843137254903,"{0: 0, 1: 10, 2: 0, 3: 76, 4: 16}","{0: 0.0, 1: 0.09803921568627451, 2: 0.0, 3: 0.7450980392156863, 4: 0.1568627450980392}",32528.286,112.9454375,16264.142999999998,112.94543749999998,144.0,62.10027957252768,56.01201686933869,19804.075045246453,9902.037522623226,1.069655375158279,0.0,76.0,46.27079654423631,,1
1132715,1132715,下総橘,,,11327,12,289-0612,香取郡東庄町石出,140.702273,35.818673,0000-00-00,0000-00-00,0,1132715,58.0,156.0,5.379310344827586,53.0,2.9655172413793105,"{0: 0, 1: 5, 2: 0, 3: 45, 4: 8}","{0: 0.0, 1: 0.08620689655172414, 2: 0.0, 3: 0.7758620689655172, 4: 0.13793103448275862}",24218.07800000001,155.2440897435898,12109.039000000004,155.2440897435898,78.0,39.4440284603206,36.04368117925847,16469.975135970075,8234.987567985037,1.0682270002113303,0.0,48.0,32.64333389819635,,1
1132716,1132716,下総豊里,,,11327,12,288-0873,銚子市笹本町,140.721011,35.792899,0000-00-00,0000-00-00,0,1132716,93.0,226.0,4.860215053763441,75.0,2.6989247311827955,"{0: 0, 1: 18, 2: 0, 3: 67, 4: 8}","{0: 0.0, 1: 0.1935483870967742, 2: 0.0, 3: 0.7204301075268817, 4: 0.08602150537634409}",32486.51600000002,143.74564601769922,16243.257999999994,143.74564601769907,113.0,48.57314803598383,39.17189357740632,16967.444632702776,8483.72231635138,1.0994554619621029,0.0088495575221238,64.0,33.42668251938672,,1
1132717,1132717,椎柴,,,11327,12,288-0863,銚子市野尻町,140.758875,35.765204,0000-00-00,0000-00-00,0,1132717,91.0,257.0,5.648351648351649,87.0,3.021978021978022,"{0: 0, 1: 4, 2: 0, 3: 77, 4: 10}","{0: 0.0, 1: 0.04395604395604396, 2: 0.0, 3: 0.8461538461538461, 4: 0.10989010989010989}",31907.348999999987,124.15310894941628,15991.938999999997,123.96851937984492,129.0,66.13369781576714,63.22672208760154,23188.47227327713,11622.044629826163,1.039558435656648,0.0,75.0,54.50579490310478,,1
1132728,1132728,下総松崎,,,11327,12,286-0841,成田市大竹,140.27749,35.807806,0000-00-00,0000-00-00,0,1132728,64.0,172.0,5.375,61.0,3.03125,"{0: 0, 1: 3, 2: 0, 3: 53, 4: 8}","{0: 0.0, 1: 0.046875, 2: 0.0, 3: 0.828125, 4: 0.125}",31732.068000000007,184.4887674418605,15866.034000000003,184.4887674418605,86.0,31.469520635651367,29.994386855855208,15603.015136529571,7801.507568264786,1.0532011414201554,0.0,53.0,26.06069677639879,,1
1132813,1132813,空港第２ビル（第２旅客ターミナル）,,,11328,12,282-0004,千葉県成田市古込字古込1-1,140.387163,35.773693,0000-00-00,0000-00-00,0,1132813,110.0,177.0,3.2181818181818183,93.0,3.036363636363636,"{0: 0, 1: 17, 2: 0, 3: 61, 4: 27, 5: 4, 6: 1}","{0: 0.0, 1: 0.15454545454545454, 2: 0.0, 3: 0.5545454545454546, 4: 0.24545454545454545, 5: 0.03636363636363636, 6: 0.00909090909090909}",26285.156000000014,148.50370621468934,24191.909000000007,153.11334810126587,158.0,156.23658967330005,132.0909349056082,37333.66484064257,34360.55781678923,1.102689900499651,0.0169491525423728,57.0,80.95896010343729,,1
1132814,1132705,成田空港（第１旅客ターミナル）,,,11328,12,282-0011,千葉県成田市三里塚御料牧場1-1,140.384644,35.763983,0000-00-00,0000-00-00,0,1132814,48.0,73.0,3.0416666666666665,44.0,3.3125,"{0: 0, 1: 4, 2: 0, 3: 25, 4: 15, 5: 4}","{0: 0.0, 1: 0.08333333333333333, 2: 0.0, 3: 0.5208333333333334, 4: 0.3125, 5: 0.08333333333333333}",10154.575999999995,139.10378082191778,10028.375000000002,139.28298611111114,72.0,160.4112382079501,147.0436350239543,33935.58561743194,33513.83439507609,1.1165177914345927,0.0,26.0,86.889420695973,,1
1132902,1132711,香取,,,11329,12,287-0011,香取市津宮,140.532367,35.897856,0000-00-00,0000-00-00,0,1132902,99.0,280.0,5.656565656565657,92.0,2.97979797979798,"{0: 0, 1: 7, 2: 0, 3: 80, 4: 12}","{0: 0.0, 1: 0.0707070707070707, 2: 0.0, 3: 0.8080808080808081, 4: 0.12121212121212122}",37172.21400000001,132.75790714285716,18586.107,132.75790714285714,140.0,56.19479917582974,52.22142953713471,21099.84950152492,10549.92475076246,1.0562085376417103,0.0,76.0,43.13944179154607,,1
1132903,1132903,十二橋,,,11329,12,287-0011,香取市津宮字黒須,140.545707,35.916984,0000-00-00,0000-00-00,0,1132903,43.0,108.0,5.023255813953488,40.0,3.0232558139534884,"{0: 0, 1: 3, 2: 0, 3: 33, 4: 7}","{0: 0.0, 1: 0.06976744186046512, 2: 0.0, 3: 0.7674418604651163, 4: 0.16279069767441862}",16136.874000000002,149.4155,8068.436999999999,149.41549999999998,54.0,60.64779878035287,56.41655700497941,22759.671797579256,11379.835898789626,1.1169803537860328,0.0,33.0,46.54365952910801,,1
1133006,1133006,東横田,,,11330,12,299-0236,袖ケ浦市横田,140.035995,35.386185,0000-00-00,0000-00-00,0,1133006,186.0,466.0,5.010752688172043,141.0,2.629032258064516,"{0: 0, 1: 45, 2: 0, 3: 120, 4: 21}","{0: 0.0, 1: 0.24193548387096775, 2: 0.0, 3: 0.6451612903225806, 4: 0.11290322580645161}",40584.03599999998,87.09020600858365,20292.01799999998,87.09020600858359,233.0,94.1626273759956,71.38134655922246,20545.6960176451,10272.848008822544,1.0828705361107345,0.0085836909871244,96.0,48.60006574244934,,1
1133008,1133008,下郡,,,11330,12,292-0401,君津市山本,140.055372,35.355018,0000-00-00,0000-00-00,0,1133008,143.0,340.0,4.755244755244755,112.0,2.6503496503496504,"{0: 0, 1: 31, 2: 0, 3: 100, 4: 12}","{0: 0.0, 1: 0.21678321678321677, 2: 0.0, 3: 0.6993006993006993, 4: 0.08391608391608392}",36773.01200000004,108.15591764705894,19752.826,114.17818497109825,173.0,76.34057704110009,59.79122117904343,19631.279409925184,10545.04989533178,1.080498403415432,0.0058823529411764,89.0,47.51266682977558,,1
1133009,1133009,小櫃,,,11330,12,292-0451,君津市末吉,140.059794,35.328252,0000-00-00,0000-00-00,0,1133009,82.0,221.0,5.390243902439025,70.0,2.8780487804878048,"{0: 0, 1: 12, 2: 0, 3: 56, 4: 14}","{0: 0.0, 1: 0.14634146341463414, 2: 0.0, 3: 0.6829268292682927, 4: 0.17073170731707318}",26518.66400000001,119.99395475113128,13280.973000000002,119.64840540540544,111.0,53.14273844169941,45.36575232827999,17186.27347286965,8607.161882808196,1.0394097666359945,0.0,59.0,38.23684839097884,,1
1133010,1133010,俵田,,,11330,12,292-0455,君津市俵田,140.061386,35.314495,0000-00-00,0000-00-00,0,1133010,76.0,186.0,4.894736842105263,57.0,2.6184210526315788,"{0: 0, 1: 19, 2: 0, 3: 48, 4: 9}","{0: 0.0, 1: 0.25, 2: 0.0, 3: 0.631578947368421, 4: 0.11842105263157894}",24673.01200000002,132.65060215053774,12336.506,132.65060215053762,93.0,56.899380050691256,42.67453503801845,18472.09324714825,9236.04662357412,1.0527446856842706,0.0,49.0,36.68512661162989,,1
1133011,1133011,久留里,,,11330,12,292-0421,君津市久留里市場,140.075613,35.295812,0000-00-00,0000-00-00,0,1133011,98.0,239.0,4.877551020408164,75.0,2.5816326530612246,"{0: 0, 1: 23, 2: 0, 3: 70, 4: 5}","{0: 0.0, 1: 0.23469387755102042, 2: 0.0, 3: 0.7142857142857143, 4: 0.05102040816326531}",25838.06199999998,108.10904602510452,12952.476999999995,107.9373083333333,120.0,58.33874379239183,44.64699780029987,15381.225297040144,7710.522828365794,1.0659325506547457,0.00836820083682,60.0,35.7175982402399,,1
1133012,1133012,平山,,,11330,12,292-0502,君津市平山,140.064682,35.274312,0000-00-00,0000-00-00,0,1133012,12.0,24.0,4.0,9.0,2.5,"{0: 0, 1: 3, 2: 0, 3: 9}","{0: 0.0, 1: 0.25, 2: 0.0, 3: 0.75}",7152.734,298.0305833333333,3576.367,298.03058333333337,12.0,22.945311696706217,17.208983772529663,13676.80925946902,6838.40462973451,1.1113688717924557,0.0,9.0,17.208983772529663,,1
1133013,1133013,上総松丘,,,11330,12,292-0503,君津市広岡,140.064046,35.258226,0000-00-00,0000-00-00,0,1133013,22.0,50.0,4.545454545454546,19.0,2.727272727272727,"{0: 0, 1: 3, 2: 0, 3: 19}","{0: 0.0, 1: 0.13636363636363635, 2: 0.0, 3: 0.8636363636363636}",11009.881999999998,220.19763999999995,5504.941000000001,220.19764000000004,25.0,30.410218200383664,26.263370263967712,15218.768817294384,7609.384408647194,1.1292085862876142,0.0,17.0,23.49880497302374,,1
1133014,1133014,上総亀山,,,11330,12,292-0531,君津市藤林,140.089479,35.233153,0000-00-00,0000-00-00,0,1133014,60.0,150.0,5.0,48.0,2.716666666666667,"{0: 0, 1: 12, 2: 0, 3: 41, 4: 7}","{0: 0.0, 1: 0.2, 2: 0.0, 3: 0.6833333333333333, 4: 0.11666666666666667}",23982.978000000006,159.88652000000005,11991.489000000003,159.88652000000005,75.0,36.03793739776541,28.830349918212328,14404.95099626642,7202.475498133211,1.1815986807456962,0.0133333333333333,44.0,26.4278207583613,,1
1133104,1133104,求名,,,11331,12,283-0002,東金市求名,140.39626,35.579947,0000-00-00,0000-00-00,0,1133104,132.0,359.0,5.4393939393939394,114.0,2.893939393939394,"{0: 0, 1: 18, 2: 0, 3: 92, 4: 22}","{0: 0.0, 1: 0.13636363636363635, 2: 0.0, 3: 0.696969696969697, 4: 0.16666666666666666}",38824.816999999966,108.147122562674,19491.314999999995,108.2850833333333,180.0,72.8969042215699,62.95641728226491,21440.97701718921,10764.064565965517,1.0883776633737126,0.0083565459610027,100.0,55.22492744058325,,1
2300136,2300136,大佐倉,,,23001,12,285-0041,佐倉市大佐倉松山２７７,140.25079,35.729908,0000-00-00,0000-00-00,0,2300136,133.0,328.0,4.932330827067669,107.0,2.6842105263157894,"{0: 0, 1: 26, 2: 0, 3: 97, 4: 10}","{0: 0.0, 1: 0.19548872180451127, 2: 0.0, 3: 0.7293233082706767, 4: 0.07518796992481203}",27534.733999999964,83.94735975609746,13767.366999999997,83.94735975609754,164.0,82.81404900876362,66.62483642058426,17144.833164806518,8572.416582403268,1.06253593733925,0.0,61.0,37.98238337995925,,1
2300138,2300138,宗吾参道,,,23001,12,285-0907,印旛郡酒々井町下岩橋字仲田４３２-３,140.280975,35.752669,0000-00-00,0000-00-00,0,2300138,115.0,318.0,5.530434782608696,107.0,2.9478260869565216,"{0: 0, 1: 8, 2: 0, 3: 97, 4: 10}","{0: 0.0, 1: 0.06956521739130435, 2: 0.0, 3: 0.8434782608695652, 4: 0.08695652173913043}",40005.75599999999,125.80426415094335,20002.87800000001,125.8042641509435,159.0,53.7989605864373,50.05642419781558,18715.37469804024,9357.687349020129,1.110475225180905,0.0062893081761006,93.0,43.50698551772756,,1
2300141,2300141,東成田,,,23001,12,286-0104,成田市古込字込前１２４,140.387225,35.770091,0000-00-00,0000-00-00,0,2300141,108.0,171.0,3.1666666666666665,91.0,3.037037037037037,"{0: 0, 1: 17, 2: 0, 3: 59, 4: 27, 5: 4, 6: 1}","{0: 0.0, 1: 0.1574074074074074, 2: 0.0, 3: 0.5462962962962963, 4: 0.25, 5: 0.037037037037037035, 6: 0.009259259259259259}",26198.60000000001,153.20818713450296,24952.31400000001,156.93279245283023,159.0,148.88633415118863,125.4505222940571,36116.79179530863,34398.69037082762,1.085011703694326,0.0058479532163742,57.0,78.578898579794,,1
2300142,1132813,空港第２ビル（第２旅客ターミナル）,,,23001,12,282-0004,千葉県成田市古込字古込1-1,140.387163,35.773693,0000-00-00,0000-00-00,0,2300142,110.0,177.0,3.2181818181818183,93.0,3.036363636363636,"{0: 0, 1: 17, 2: 0, 3: 61, 4: 27, 5: 4, 6: 1}","{0: 0.0, 1: 0.15454545454545454, 2: 0.0, 3: 0.5545454545454546, 4: 0.24545454545454545, 5: 0.03636363636363636, 6: 0.00909090909090909}",26285.156000000014,148.50370621468934,24191.909000000007,153.11334810126587,158.0,156.23658967330005,132.0909349056082,37333.66484064257,34360.55781678923,1.102689900499651,0.0169491525423728,57.0,80.95896010343729,,1
2300143,1132705,成田空港（第１旅客ターミナル）,,,23001,12,282-0011,千葉県成田市三里塚御料牧場1-1,140.384644,35.763983,0000-00-00,0000-00-00,0,2300143,48.0,73.0,3.0416666666666665,44.0,3.3125,"{0: 0, 1: 4, 2: 0, 3: 25, 4: 15, 5: 4}","{0: 0.0, 1: 0.08333333333333333, 2: 0.0, 3: 0.5208333333333334, 4: 0.3125, 5: 0.08333333333333333}",10154.575999999995,139.10378082191778,10028.375000000002,139.28298611111114,72.0,160.4112382079501,147.0436350239543,33935.58561743194,33513.83439507609,1.1165177914345927,0.0,26.0,86.889420695973,,1
2300610,1132813,空港第２ビル（第２旅客ターミナル）,,,23006,12,282-0004,千葉県成田市古込字古込1-1,140.387163,35.773693,1992-12-03,0000-00-00,0,2300610,110.0,177.0,3.2181818181818183,93.0,3.036363636363636,"{0: 0, 1: 17, 2: 0, 3: 61, 4: 27, 5: 4, 6: 1}","{0: 0.0, 1: 0.15454545454545454, 2: 0.0, 3: 0.5545454545454546, 4: 0.24545454545454545, 5: 0.03636363636363636, 6: 0.00909090909090909}",26285.156000000014,148.50370621468934,24191.909000000007,153.11334810126587,158.0,156.23658967330005,132.0909349056082,37333.66484064257,34360.55781678923,1.102689900499651,0.0169491525423728,57.0,80.95896010343729,,1
2300611,1132705,成田空港（第１旅客ターミナル）,,,23006,12,282-0011,千葉県成田市三里塚御料牧場1-1,140.384644,35.763983,1991-03-19,0000-00-00,0,2300611,48.0,73.0,3.0416666666666665,44.0,3.3125,"{0: 0, 1: 4, 2: 0, 3: 25, 4: 15, 5: 4}","{0: 0.0, 1: 0.08333333333333333, 2: 0.0, 3: 0.5208333333333334, 4: 0.3125, 5: 0.08333333333333333}",10154.575999999995,139.10378082191778,10028.375000000002,139.28298611111114,72.0,160.4112382079501,147.0436350239543,33935.58561743194,33513.83439507609,1.1165177914345927,0.0,26.0,86.889420695973,,1
9930802,9930802,西大原,,,99308,12,298-0005,いすみ市新田,140.378029,35.260407,0000-00-00,0000-00-00,0,9930802,106.0,254.0,4.79245283018868,79.0,2.5754716981132075,"{0: 0, 1: 27, 2: 0, 3: 70, 4: 9}","{0: 0.0, 1: 0.25471698113207547, 2: 0.0, 3: 0.660377358490566, 4: 0.08490566037735849}",28905.11400000001,113.79966141732288,14452.557000000006,113.79966141732288,127.0,54.689271602307294,40.75898543945544,14913.20405888354,7456.602029441771,1.059497485313661,0.0,66.0,34.05181062030454,,1
9930803,9930803,上総東,,,99308,12,298-0022,いすみ市佐室,140.344974,35.263313,0000-00-00,0000-00-00,0,9930803,48.0,110.0,4.583333333333333,40.0,2.6666666666666665,"{0: 0, 1: 8, 2: 0, 3: 40}","{0: 0.0, 1: 0.16666666666666666, 2: 0.0, 3: 0.8333333333333334}",17729.922000000002,161.1811090909091,8864.961000000001,161.1811090909091,55.0,34.277256977498844,28.56438081458237,12661.10609552105,6330.553047760525,1.0845323094906634,0.0,36.0,25.70794273312413,,1
9930804,9930804,新田野,,,99308,12,298-0026,いすみ市新田野,140.328081,35.276408,0000-00-00,0000-00-00,0,9930804,34.0,92.0,5.411764705882353,33.0,3.0294117647058822,"{0: 0, 1: 1, 2: 0, 3: 30, 4: 3}","{0: 0.0, 1: 0.029411764705882353, 2: 0.0, 3: 0.8823529411764706, 4: 0.08823529411764706}",17064.56599999999,185.48441304347816,8532.283,185.48441304347824,46.0,33.19505070043697,32.218725679835885,16660.562751498608,8330.281375749308,1.048683655077704,0.0,31.0,30.26607563863371,,1
9930805,9930805,国吉,,,99308,12,298-0123,いすみ市苅谷,140.314046,35.280497,0000-00-00,0000-00-00,0,9930805,67.0,166.0,4.955223880597015,55.0,2.746268656716418,"{0: 0, 1: 12, 2: 0, 3: 48, 4: 7}","{0: 0.0, 1: 0.1791044776119403, 2: 0.0, 3: 0.7164179104477612, 4: 0.1044776119402985}",23237.26000000001,139.98349397590366,11618.629999999996,139.98349397590357,83.0,44.229773992745855,36.30802342688092,15339.981462845875,7669.990731422935,1.071022638371895,0.0,48.0,31.68700226345972,,1
9930806,9930806,上総中川,,,99308,12,298-0134,いすみ市行川,140.280636,35.282763,0000-00-00,0000-00-00,0,9930806,42.0,102.0,4.857142857142857,35.0,2.6904761904761907,"{0: 0, 1: 7, 2: 0, 3: 34, 4: 1}","{0: 0.0, 1: 0.16666666666666666, 2: 0.0, 3: 0.8095238095238095, 4: 0.023809523809523808}",17538.984,171.95082352941176,8769.492,171.95082352941176,51.0,28.45651695733021,23.71376413110851,11883.295133579602,5941.647566789801,1.0597742639848773,0.0,33.0,22.358691895045165,,1
9930814,9930814,城見ヶ丘,,,99308,12,298-0204,千葉県夷隅郡大多喜町船子681-3,140.252693,35.291741,0000-00-00,0000-00-00,0,9930806,70.0,169.0,4.828571428571428,60.0,2.842857142857143,"{0: 0, 1: 10, 2: 0, 3: 51, 4: 9}","{0: 0.0, 1: 0.14285714285714285, 2: 0.0, 3: 0.7285714285714285, 4: 0.12857142857142856}",26143.778999999984,154.69691715976322,13251.922000000008,154.09211627906987,86.0,38.63346324507016,33.114397067202994,14428.924644053375,7313.823450193385,1.1190127050668195,0.0,54.0,29.802957360482694,,1
9930807,9930807,大多喜,,,99308,12,298-0216,夷隅郡大多喜町大多喜,140.243833,35.286466,0000-00-00,0000-00-00,0,9930807,87.0,209.0,4.804597701149425,66.0,2.6206896551724137,"{0: 0, 1: 21, 2: 0, 3: 57, 4: 9}","{0: 0.0, 1: 0.2413793103448276, 2: 0.0, 3: 0.6551724137931034, 4: 0.10344827586206896}",31339.29700000001,149.94878947368426,16172.029000000008,149.74100925925933,108.0,48.29366212599224,36.63657126799411,17396.43012165658,8977.08625767527,1.1124682970584652,0.0,58.0,32.195774750661485,,1
9930808,9930808,小谷松,,,99308,12,298-0228,夷隅郡大多喜町小谷松,140.251142,35.268938,0000-00-00,0000-00-00,0,9930808,21.0,48.0,4.571428571428571,19.0,2.8095238095238093,"{0: 0, 1: 2, 2: 0, 3: 19}","{0: 0.0, 1: 0.09523809523809523, 2: 0.0, 3: 0.9047619047619048}",12917.308,269.1105833333333,6458.654,269.1105833333333,24.0,17.14805347904489,15.514905528659662,10547.937542347352,5273.968771173676,1.1124663523266072,0.0,18.0,14.69833155346705,,1
9930809,9930809,東総元,,,99308,12,298-0225,夷隅郡大多喜町大戸,140.247381,35.259314,0000-00-00,0000-00-00,0,9930809,20.0,42.0,4.2,14.0,2.4,"{0: 0, 1: 6, 2: 0, 3: 14}","{0: 0.0, 1: 0.3, 2: 0.0, 3: 0.7}",9534.598,227.01423809523808,4767.299,227.01423809523808,21.0,27.31206584252059,19.11844608976441,13020.478417898255,6510.239208949128,1.2607172686990444,0.0,14.0,19.11844608976441,,1
9930810,9930810,久我原,,,99308,12,298-0251,夷隅郡大多喜町久我原,140.247718,35.250265,0000-00-00,0000-00-00,0,9930810,28.0,62.0,4.428571428571429,22.0,2.642857142857143,"{0: 0, 1: 6, 2: 0, 3: 20, 4: 2}","{0: 0.0, 1: 0.21428571428571427, 2: 0.0, 3: 0.7142857142857143, 4: 0.07142857142857142}",15622.536000000002,251.97638709677423,7811.268,251.9763870967742,31.0,22.09100236150388,17.35721614118162,12325.624273881407,6162.812136940704,1.2091196835791602,0.0,20.0,15.7792874010742,,1
9930811,9930811,総元,,,99308,12,298-0255,夷隅郡大多喜町黒原,140.240413,35.240588,0000-00-00,0000-00-00,0,9930811,27.0,56.0,4.148148148148148,19.0,2.4074074074074074,"{0: 0, 1: 8, 2: 0, 3: 19}","{0: 0.0, 1: 0.2962962962962963, 2: 0.0, 3: 0.7037037037037037}",10973.862,195.96182142857143,5486.9310000000005,195.96182142857143,28.0,27.51977278105785,19.36576603111478,11185.118102617964,5592.559051308982,1.2055251399485554,0.0,16.0,16.30801349988613,,1
9930812,9930812,西畑,,,99308,12,298-0246,夷隅郡大多喜町庄司,140.215176,35.25051,0000-00-00,0000-00-00,0,9930812,24.0,54.0,4.5,17.0,2.5,"{0: 0, 1: 7, 2: 0, 3: 15, 4: 2}","{0: 0.0, 1: 0.2916666666666667, 2: 0.0, 3: 0.625, 4: 0.08333333333333333}",9947.958,184.2214444444444,4973.978999999999,184.2214444444444,27.0,28.90558822146224,20.474791656869087,11981.315733016709,5990.657866508354,1.1431204780029351,0.0,17.0,20.474791656869087,,1
9930813,9930813,上総中野,,,99308,12,298-0262,夷隅郡大多喜町堀切,140.199571,35.250051,0000-00-00,0000-00-00,0,9930813,25.0,58.0,4.64,20.0,2.64,"{0: 0, 1: 5, 2: 0, 3: 19, 4: 1}","{0: 0.0, 1: 0.2, 2: 0.0, 3: 0.76, 4: 0.04}",8374.861999999997,144.39417241379306,4187.431,144.3941724137931,29.0,40.31073835556343,32.24859068445075,13503.87483383802,6751.937416919012,1.089429191241107,0.0,20.0,32.24859068445075,,1
9932401,2300141,東成田,,,99324,12,286-0104,成田市古込字込前１２４,140.387225,35.770091,0000-00-00,0000-00-00,0,9932401,108.0,171.0,3.1666666666666665,91.0,3.037037037037037,"{0: 0, 1: 17, 2: 0, 3: 59, 4: 27, 5: 4, 6: 1}","{0: 0.0, 1: 0.1574074074074074, 2: 0.0, 3: 0.5462962962962963, 4: 0.25, 5: 0.037037037037037035, 6: 0.009259259259259259}",26198.60000000001,153.20818713450296,24952.31400000001,156.93279245283023,159.0,148.88633415118863,125.4505222940571,36116.79179530863,34398.69037082762,1.085011703694326,0.0058479532163742,57.0,78.578898579794,,1
9932402,9932402,芝山千代田,,,99324,12,289-1601,山武郡芝山町香山新田橋松１４８-１,140.399215,35.754248,0000-00-00,0000-00-00,0,9932402,61.0,157.0,5.147540983606557,59.0,3.081967213114754,"{0: 0, 1: 2, 2: 2, 3: 48, 4: 8, 5: 0, 6: 1}","{0: 0.0, 1: 0.03278688524590164, 2: 0.03278688524590164, 3: 0.7868852459016393, 4: 0.13114754098360656, 5: 0.0, 6: 0.01639344262295082}",23235.70699999999,147.99813375796174,12140.907,139.5506551724138,87.0,66.58120992650734,64.39821943711367,25361.663697669108,13251.7422568066,1.1078303935898282,0.0063694267515923,47.0,51.30027650075156,,1
9932504,9932504,上総三又,,,99325,12,290-0207,市原市海士有木２７６-１,140.12672,35.46592,0000-00-00,0000-00-00,0,9932504,113.0,282.0,4.991150442477876,89.0,2.663716814159292,"{0: 0, 1: 24, 2: 0, 3: 79, 4: 10}","{0: 0.0, 1: 0.21238938053097345, 2: 0.0, 3: 0.6991150442477876, 4: 0.08849557522123894}",25027.951999999987,88.75160283687939,12513.975999999995,88.75160283687941,141.0,71.57405138589199,56.37248294995033,15852.67188081095,7926.335940405477,1.0898221252062867,0.0070921985815602,69.0,43.70450925333228,,1
9932505,9932505,上総山田,,,99325,12,290-0204,市原市磯ケ谷２０７９-３,140.126128,35.454105,0000-00-00,0000-00-00,0,9932505,138.0,332.0,4.811594202898551,107.0,2.630434782608696,"{0: 0, 1: 31, 2: 0, 3: 96, 4: 11}","{0: 0.0, 1: 0.2246376811594203, 2: 0.0, 3: 0.6956521739130435, 4: 0.07971014492753623}",30976.684000000016,93.30326506024102,15488.341999999995,93.30326506024096,166.0,66.18608199494447,51.31819401057289,14856.705414170186,7428.352707085088,1.0535794201101756,0.0,82.0,39.32796176511194,,1
9932509,9932509,上総川間,,,99325,12,290-0518,市原市下矢田５４７-４,140.150968,35.388047,0000-00-00,0000-00-00,0,9932509,121.0,284.0,4.694214876033058,86.0,2.5041322314049586,"{0: 0, 1: 35, 2: 0, 3: 76, 4: 10}","{0: 0.0, 1: 0.2892561983471074, 2: 0.0, 3: 0.628099173553719, 4: 0.08264462809917356}",28447.244,100.16635211267604,14223.62199999999,100.166352112676,142.0,63.19044425775508,44.91221657989204,14856.148646849237,7428.074323424614,1.1342436710317167,0.0,68.0,35.51198520270533,,1
9932510,9932510,上総鶴舞,,,99325,12,290-0516,市原市池和田８９８-２,140.165006,35.381346,0000-00-00,0000-00-00,0,9932510,84.0,194.0,4.619047619047619,59.0,2.4404761904761907,"{0: 0, 1: 25, 2: 0, 3: 56, 4: 3}","{0: 0.0, 1: 0.2976190476190476, 2: 0.0, 3: 0.6666666666666666, 4: 0.03571428571428571}",23440.704000000005,120.82837113402064,11720.351999999995,120.8283711340206,97.0,52.876121842783895,37.13918081814583,14755.399056959906,7377.6995284799505,1.1501185253975987,0.0,52.0,32.732837331247175,,1
9932511,9932511,上総久保,,,99325,12,290-0552,市原市久保５７３-４,140.154438,35.367481,0000-00-00,0000-00-00,0,9932511,101.0,246.0,4.871287128712871,76.0,2.613861386138614,"{0: 0, 1: 25, 2: 0, 3: 65, 4: 11}","{0: 0.0, 1: 0.24752475247524752, 2: 0.0, 3: 0.6435643564356436, 4: 0.10891089108910891}",32235.12399999999,131.03708943089427,16117.562000000004,131.03708943089433,123.0,55.7931024475479,41.98292857439248,17806.906690509004,8903.453345254507,1.0415495561739647,0.0,66.0,36.45885902513032,,1
9932512,9932512,高滝,,,99325,12,290-0555,市原市高滝７３７-２,140.150246,35.353074,0000-00-00,0000-00-00,0,9932512,134.0,326.0,4.865671641791045,99.0,2.544776119402985,"{0: 0, 1: 35, 2: 0, 3: 90, 4: 9}","{0: 0.0, 1: 0.26119402985074625, 2: 0.0, 3: 0.6716417910447762, 4: 0.06716417910447761}",35174.844000000005,107.89829447852762,17587.422000000002,107.89829447852762,163.0,88.15911704520518,65.13248199608442,23141.665591364428,11570.832795682214,1.0877920729943646,0.0,81.0,53.29021254225089,,1
9932513,9932513,里見,,,99325,12,290-0541,市原市平野１７６-１,140.145505,35.336685,0000-00-00,0000-00-00,0,9932513,40.0,106.0,5.3,36.0,2.9,"{0: 0, 1: 4, 2: 0, 3: 32, 4: 4}","{0: 0.0, 1: 0.1, 2: 0.0, 3: 0.8, 4: 0.1}",20166.024,190.2455094339622,10083.012,190.24550943396224,53.0,36.378255201067816,32.74042968096104,18340.119186571454,9170.059593285729,1.1976357896037653,0.0,34.0,30.92151692090764,,1
9932514,9932514,飯給,,,99325,12,290-0543,市原市飯給９４３-３,140.142358,35.320512,0000-00-00,0000-00-00,0,9932514,42.0,100.0,4.761904761904762,31.0,2.595238095238096,"{0: 0, 1: 11, 2: 0, 3: 27, 4: 3, 5: 1}","{0: 0.0, 1: 0.2619047619047619, 2: 0.0, 3: 0.6428571428571429, 4: 0.07142857142857142, 5: 0.023809523809523808}",17877.284,178.77284,8938.642000000002,178.77284000000003,50.0,26.932485312471453,19.87873915920512,11463.80211325907,5731.901056629536,1.1620656226321695,0.0,28.0,17.954990208314303,,1
9932515,9932515,月崎,,,99325,12,290-0547,市原市月崎５３９,140.139394,35.302203,0000-00-00,0000-00-00,0,9932515,81.0,186.0,4.592592592592593,57.0,2.469135802469136,"{0: 0, 1: 24, 2: 0, 3: 52, 4: 5}","{0: 0.0, 1: 0.2962962962962963, 2: 0.0, 3: 0.6419753086419753, 4: 0.06172839506172839}",19520.80400000002,104.95055913978504,9760.402,104.95055913978494,93.0,53.650650674484034,37.75416158574802,12929.676991223105,6464.838495611547,1.0896267561635324,0.0,40.0,26.49414848122668,,1
9932516,9932516,上総大久保,,,99325,12,290-0532,市原市大久保９６-２,140.145924,35.283367,0000-00-00,0000-00-00,0,9932516,19.0,40.0,4.2105263157894735,13.0,2.3684210526315788,"{0: 0, 1: 6, 2: 0, 3: 13}","{0: 0.0, 1: 0.3157894736842105, 2: 0.0, 3: 0.6842105263157895}",8207.148,205.1787,4103.574,205.1787,20.0,35.731306765365325,24.44773620788154,15434.322255618656,7717.161127809329,1.0850320994769973,0.0,13.0,24.44773620788154,,1
9932517,9932517,養老渓谷,,,99325,12,290-0535,市原市朝生原１７７,140.159382,35.266409,0000-00-00,0000-00-00,0,9932517,51.0,124.0,4.862745098039215,41.0,2.607843137254902,"{0: 0, 1: 10, 2: 0, 3: 41}","{0: 0.0, 1: 0.19607843137254902, 2: 0.0, 3: 0.803921568627451}",24382.342000000008,196.6317903225807,12191.171000000002,196.63179032258068,62.0,29.42116575462937,23.652309724309884,14065.822068001207,7032.911034000603,1.173628233572947,0.0,38.0,21.92165291521404,,1
9932518,9930813,上総中野,,,99325,12,298-0262,夷隅郡大多喜町堀切,140.199571,35.250051,0000-00-00,0000-00-00,0,9932518,25.0,58.0,4.64,20.0,2.64,"{0: 0, 1: 5, 2: 0, 3: 19, 4: 1}","{0: 0.0, 1: 0.2, 2: 0.0, 3: 0.76, 4: 0.04}",8374.861999999997,144.39417241379306,4187.431,144.3941724137931,29.0,40.31073835556343,32.24859068445075,13503.87483383802,6751.937416919012,1.089429191241107,0.0,20.0,32.24859068445075,,1
1131514,1131514,宮ノ平,,,11315,13,198-0046,青梅市日向和田２丁目,139.237289,35.787545,0000-00-00,0000-00-00,0,1131514,94.0,252.0,5.361702127659575,78.0,2.797872340425532,"{0: 0, 1: 16, 2: 0, 3: 67, 4: 10, 5: 0, 6: 1}","{0: 0.0, 1: 0.1702127659574468, 2: 0.0, 3: 0.7127659574468085, 4: 0.10638297872340426, 5: 0.0, 6: 0.010638297872340425}",25389.06400000001,100.750253968254,12694.531999999996,100.75025396825394,126.0,92.20441585463595,76.51004719852772,24904.0831405954,12452.041570297695,1.112753486270205,0.0,66.0,64.73927070644653,,1
1131518,1131518,軍畑,,,11315,13,198-0172,青梅市沢井１丁目,139.207431,35.807382,0000-00-00,0000-00-00,0,1131518,94.0,228.0,4.851063829787234,74.0,2.648936170212766,"{0: 0, 1: 20, 2: 0, 3: 67, 4: 7}","{0: 0.0, 1: 0.2127659574468085, 2: 0.0, 3: 0.7127659574468085, 4: 0.07446808510638298}",26408.244000000024,115.82563157894748,13204.121999999996,115.82563157894734,114.0,56.001271024010336,44.08610697634856,15732.927973534,7866.46398676699,1.1042642767228712,0.0087719298245614,61.0,36.34125034536841,,1
1131519,1131519,沢井,,,11315,13,198-0172,青梅市沢井２丁目,139.193324,35.80594,0000-00-00,0000-00-00,0,1131519,29.0,72.0,4.965517241379311,25.0,2.7241379310344827,"{0: 0, 1: 4, 2: 0, 3: 25}","{0: 0.0, 1: 0.13793103448275862, 2: 0.0, 3: 0.8620689655172413}",9569.265999999998,132.9064722222222,4784.633,132.90647222222222,36.0,67.30210223639332,58.019053652063214,22207.990298594566,11103.995149297283,1.0827912744992692,0.0,22.0,51.056767213815625,,1
1131520,1131520,御嶽,,,11315,13,198-0173,青梅市御岳本町,139.182589,35.801468,0000-00-00,0000-00-00,0,1131520,38.0,82.0,4.315789473684211,27.0,2.421052631578948,"{0: 0, 1: 11, 2: 0, 3: 27}","{0: 0.0, 1: 0.2894736842105263, 2: 0.0, 3: 0.7105263157894737}",16570.828,202.08326829268293,8285.414,202.08326829268293,41.0,33.18014977645657,23.57536957800861,14469.0146042079,7234.50730210395,1.1435850036889836,0.0,25.0,21.82904590556353,,1
1131521,1131521,川井,,,11315,13,198-0102,西多摩郡奥多摩町川井,139.16429,35.813697,0000-00-00,0000-00-00,0,1131521,26.0,64.0,4.923076923076923,21.0,2.6923076923076925,"{0: 0, 1: 5, 2: 0, 3: 19, 4: 2}","{0: 0.0, 1: 0.19230769230769232, 2: 0.0, 3: 0.7307692307692307, 4: 0.07692307692307693}",16652.075999999994,260.1886874999999,8326.038,260.1886875,32.0,32.56299368143213,26.300879511925952,20855.44021425875,10427.720107129378,1.1625536035637596,0.0,19.0,23.79603384412348,,1
1131522,1131522,古里,,,11315,13,198-0105,西多摩郡奥多摩町小丹波,139.152102,35.816247,0000-00-00,0000-00-00,0,1131522,38.0,88.0,4.631578947368421,29.0,2.5526315789473686,"{0: 0, 1: 9, 2: 0, 3: 28, 4: 1}","{0: 0.0, 1: 0.23684210526315788, 2: 0.0, 3: 0.7368421052631579, 4: 0.02631578947368421}",12877.824,146.33890909090908,6438.911999999998,146.33890909090906,44.0,62.15467294862031,47.43382935552602,21063.603658155087,10531.801829077542,1.1773091946671812,0.0,22.0,35.98428433867492,,1
1131523,1131523,鳩ノ巣,,,11315,13,198-0106,西多摩郡奥多摩町棚沢,139.128932,35.815127,0000-00-00,0000-00-00,0,1131523,23.0,60.0,5.217391304347826,20.0,2.782608695652174,"{0: 0, 1: 3, 2: 0, 3: 19, 4: 1}","{0: 0.0, 1: 0.13043478260869565, 2: 0.0, 3: 0.8260869565217391, 4: 0.043478260869565216}",11541.972,192.3662,5770.986,192.3662,30.0,39.07301742315659,33.976536889701386,19607.811871895025,9803.905935947512,1.2127165319154665,0.0,18.0,30.578883200731244,,1
1131524,1131524,白丸,,,11315,13,198-0107,西多摩郡奥多摩町白丸,139.114861,35.811735,0000-00-00,0000-00-00,0,1131524,11.0,28.0,5.090909090909091,10.0,2.8181818181818183,"{0: 0, 1: 1, 2: 0, 3: 10}","{0: 0.0, 1: 0.09090909090909091, 2: 0.0, 3: 0.9090909090909091}",7172.828,256.1724285714286,3586.414,256.1724285714286,14.0,40.93421747483023,37.21292497711839,26692.191023777417,13346.095511888709,1.5878074139274538,0.0,9.0,33.49163247940655,,1
1131525,1131525,奥多摩,,,11315,13,198-0212,西多摩郡奥多摩町氷川,139.096961,35.809357,0000-00-00,0000-00-00,0,1131525,50.0,114.0,4.56,35.0,2.44,"{0: 0, 1: 15, 2: 0, 3: 34, 4: 0, 5: 1}","{0: 0.0, 1: 0.3, 2: 0.0, 3: 0.68, 4: 0.0, 5: 0.02}",19924.31,174.774649122807,9962.155000000002,174.77464912280706,57.0,46.989208654494114,32.89244605814588,18724.55119773647,9362.275598868238,1.3289761657372907,0.0,28.0,26.313956846516707,,1
1132605,1132605,新木場,,,11326,13,136-0082,東京都江東区新木場一丁目5,139.827402,35.646172,0000-00-00,0000-00-00,0,1132605,82.0,167.0,4.073170731707317,78.0,3.1951219512195124,"{0: 0, 1: 4, 2: 0, 3: 54, 4: 24}","{0: 0.0, 1: 0.04878048780487805, 2: 0.0, 3: 0.6585365853658537, 4: 0.2926829268292683}",20413.07,122.23395209580838,15637.731999999996,139.6226071428571,112.0,60.75882711429978,57.79498188921199,15125.295012220726,11586.954329850649,1.0380612864223826,0.0,60.0,44.45767837631691,,1
1132606,1132606,葛西臨海公園,,,11326,13,134-0086,江戸川区臨海町６丁目,139.861529,35.644392,0000-00-00,0000-00-00,0,1132606,44.0,64.0,2.909090909090909,42.0,3.1818181818181817,"{0: 0, 1: 2, 2: 0, 3: 30, 4: 12}","{0: 0.0, 1: 0.045454545454545456, 2: 0.0, 3: 0.6818181818181818, 4: 0.2727272727272727}",14023.843999999996,219.1225625,13673.208,231.7492881355932,59.0,62.88300126867287,60.02468302918774,20042.30454644705,19541.189909337,1.0931299993402188,0.0,29.0,41.44561447253439,,1
2400210,2400210,南大沢,,,24002,13,192-0364,八王子市南大沢２-１-６,139.3798,35.6141,0000-00-00,0000-00-00,0,2400210,149.0,376.0,5.046979865771812,147.0,3.2416107382550337,"{0: 0, 1: 2, 2: 0, 3: 111, 4: 32, 5: 4}","{0: 0.0, 1: 0.013422818791946308, 2: 0.0, 3: 0.7449664429530202, 4: 0.21476510067114093, 5: 0.026845637583892617}",47864.56400000005,127.29937234042566,29164.343,130.78180717488786,223.0,67.43343868422193,66.52829185624579,21662.22913853033,13199.006278228968,1.1288292656484895,0.0053191489361702,109.0,49.33050212469926,,1
2400307,2400307,高尾山口,,,24003,13,193-0844,八王子市高尾町２２４１,139.269856,35.632377,0000-00-00,0000-00-00,0,2400307,66.0,152.0,4.606060606060606,45.0,2.393939393939394,"{0: 0, 1: 21, 2: 0, 3: 43, 4: 2}","{0: 0.0, 1: 0.3181818181818182, 2: 0.0, 3: 0.6515151515151515, 4: 0.030303030303030304}",10553.972000000002,69.43402631578948,5276.986,69.43402631578947,76.0,119.77483774951924,81.66466210194494,19153.03460474196,9576.517302370978,1.1134984505555,0.0131578947368421,35.0,63.51695941262384,,1
2700207,2700207,羽田空港第3ターミナル,,,27002,13,144-0041,東京都大田区羽田空港二丁目6番5号,139.768968,35.544676,2010-10-21,0000-00-00,0,2700205,22.0,37.0,3.363636363636364,21.0,3.363636363636364,"{0: 0, 1: 1, 2: 0, 3: 11, 4: 10}","{0: 0.0, 1: 0.045454545454545456, 2: 0.0, 3: 0.5, 4: 0.45454545454545453}",6935.463000000002,187.444945945946,6584.854000000001,193.67217647058828,34.0,91.23613463113836,87.08903760245025,28762.03799987632,27308.028457745,1.1978659159054563,0.0,14.0,58.059358401633496,,1
2700206,2700206,羽田空港第1・第2ターミナル,,,27002,13,144-0041,大田区羽田空港３-３-４,139.785962,35.549809,0000-00-00,0000-00-00,0,2700206,66.0,95.0,2.878787878787879,65.0,3.121212121212121,"{0: 0, 1: 1, 2: 0, 3: 55, 4: 10}","{0: 0.0, 1: 0.015151515151515152, 2: 0.0, 3: 0.8333333333333334, 4: 0.15151515151515152}",18578.694999999992,195.56521052631567,18463.143,196.41641489361697,94.0,137.58485220628475,135.50023323346227,38729.50008728243,38488.61819573485,1.1001325474408836,0.0,49.0,102.14632966830231,,1
2800415,2800415,南砂町,,,28004,13,136-0076,江東区南砂３-１１-８５,139.83065,35.668796,0000-00-00,0000-00-00,0,2800415,145.0,366.0,5.048275862068966,136.0,3.117241379310345,"{0: 0, 1: 9, 2: 0, 3: 106, 4: 25, 5: 5}","{0: 0.0, 1: 0.06206896551724138, 2: 0.0, 3: 0.7310344827586207, 4: 0.1724137931034483, 5: 0.034482758620689655}",43516.81999999992,118.89841530054623,25523.385999999995,123.89993203883492,206.0,67.53950906092838,63.347401601974205,20269.687301329544,11888.530758707397,1.0532350162342043,0.0,103.0,47.97634091914223,,1
2800622,2800622,豊洲,,,28006,13,135-0061,東京都江東区豊洲四丁目1-1,139.79621,35.654908,1988-06-08,0000-00-00,0,2800622,145.0,309.0,4.2620689655172415,134.0,3.2275862068965515,"{0: 0, 1: 11, 2: 0, 3: 82, 4: 49, 5: 3}","{0: 0.0, 1: 0.07586206896551724, 2: 0.0, 3: 0.5655172413793104, 4: 0.33793103448275863, 5: 0.020689655172413793}",30547.07399999996,98.85784466019402,21358.116999999984,100.27284976525814,213.0,65.01383256293073,60.08174871332909,13696.430029816907,9576.36581032747,1.067026464452757,0.0,79.0,35.42132946532088,,1
2800623,2800623,辰巳,,,28006,13,135-0053,東京都江東区辰巳一丁目1-44,139.81052,35.645576,1988-06-08,0000-00-00,0,2800623,89.0,196.0,4.404494382022472,89.0,3.5730337078651684,"{0: 0, 1: 0, 2: 1, 3: 38, 4: 48, 5: 2}","{0: 0.0, 1: 0.0, 2: 0.011235955056179775, 3: 0.42696629213483145, 4: 0.5393258426966292, 5: 0.02247191011235955}",27190.541000000005,138.72725000000003,20362.037,143.39462676056337,142.0,53.28558357654979,53.28558357654979,16279.369044349483,12191.045217441562,1.0485056606295995,0.0,55.0,32.929293221463354,,1
2800624,1132605,新木場,,,28006,13,136-0082,東京都江東区新木場一丁目6,139.826254,35.645832,1988-06-08,0000-00-00,0,2800624,67.0,136.0,4.059701492537314,64.0,3.194029850746269,"{0: 0, 1: 3, 2: 0, 3: 45, 4: 19}","{0: 0.0, 1: 0.04477611940298507, 2: 0.0, 3: 0.6716417910447762, 4: 0.2835820895522388}",15843.479999999996,116.4961764705882,12079.299,129.88493548387095,93.0,75.73673019883832,72.34553332426346,17909.45328612971,13654.427005285035,1.0375376764625277,0.0,50.0,56.51994790958083,,1
9931106,9931106,お台場海浜公園,,,99311,13,135-0091,港区台場２-３,139.778607,35.629813,0000-00-00,0000-00-00,0,9931106,85.0,148.0,3.4823529411764707,84.0,3.4352941176470586,"{0: 0, 1: 1, 2: 4, 3: 40, 4: 37, 5: 3}","{0: 0.0, 1: 0.011764705882352941, 2: 0.047058823529411764, 3: 0.47058823529411764, 4: 0.43529411764705883, 5: 0.03529411764705882}",22318.232,150.7988648648648,19839.815999999995,149.1715488721804,133.0,56.26222479080837,55.60031626385768,14772.628067263671,13132.143383532662,1.0286034120790934,0.0,48.0,31.77160929363296,,1
9931107,9931107,台場,,,99311,13,135-0091,港区台場２-６,139.771435,35.625908,0000-00-00,0000-00-00,0,9931107,60.0,104.0,3.466666666666667,56.0,3.35,"{0: 0, 1: 4, 2: 2, 3: 26, 4: 25, 5: 3}","{0: 0.0, 1: 0.06666666666666667, 2: 0.03333333333333333, 3: 0.43333333333333335, 4: 0.4166666666666667, 5: 0.05}",18534.353999999992,178.21494230769224,16509.759,179.45390217391304,92.0,65.13690678426448,60.79444633198018,20121.17481340932,17923.24388356119,1.0318109343942654,0.0,32.0,34.73968361827439,,1
9931108,9931108,東京国際クルーズターミナル,,,99311,13,135-0064,江東区青海1丁目1-49,139.773157,35.621462,0000-00-00,0000-00-00,0,9931108,61.0,110.0,3.60655737704918,58.0,3.4098360655737703,"{0: 0, 1: 3, 2: 2, 3: 27, 4: 25, 5: 4}","{0: 0.0, 1: 0.04918032786885246, 2: 0.03278688524590164, 3: 0.4426229508196721, 4: 0.4098360655737705, 5: 0.06557377049180328}",19473.272,177.0297454545454,16703.564000000002,172.2016907216495,97.0,63.42037496027806,60.301340126166025,20245.937900712845,17366.332656606595,1.0788614773996352,0.0,32.0,33.26970489719505,,1
9931109,9931109,テレコムセンター,,,99311,13,135-0064,江東区青海２-２９,139.779327,35.617593,0000-00-00,0000-00-00,0,9931109,42.0,78.0,3.7142857142857135,41.0,3.5,"{0: 0, 1: 1, 2: 0, 3: 20, 4: 19, 5: 2}","{0: 0.0, 1: 0.023809523809523808, 2: 0.0, 3: 0.47619047619047616, 4: 0.4523809523809524, 5: 0.047619047619047616}",14365.660999999998,184.175141025641,10965.416,168.6987076923077,65.0,44.876822141497,43.80832637622326,15349.647943858092,11716.50056046489,1.064430959999422,0.0,22.0,23.50690683602224,,1
9931110,9931110,青海,,,99311,13,135-0064,江東区青海１,139.781132,35.62467,0000-00-00,0000-00-00,0,9931110,82.0,141.0,3.4390243902439024,81.0,3.5121951219512195,"{0: 0, 1: 1, 2: 2, 3: 38, 4: 36, 5: 5}","{0: 0.0, 1: 0.012195121951219513, 2: 0.024390243902439025, 3: 0.4634146341463415, 4: 0.43902439024390244, 5: 0.06097560975609756}",21724.247,154.07267375886522,18541.15,149.52540322580646,124.0,45.84286787715156,45.28380851279606,12145.143718922023,10365.603533420108,1.025215720952987,0.0,43.0,24.039552667286795,,1
9931111,9931111,東京ビッグサイト,,,99311,13,135-0063,江東区有明三丁目6-15,139.791228,35.630158,0000-00-00,0000-00-00,0,9931111,78.0,139.0,3.5641025641025643,76.0,3.3974358974358974,"{0: 0, 1: 2, 2: 3, 3: 35, 4: 38}","{0: 0.0, 1: 0.02564102564102564, 2: 0.038461538461538464, 3: 0.44871794871794873, 4: 0.48717948717948717}",21041.31600000001,151.3763741007195,17661.188000000006,153.57554782608702,115.0,38.821556011074485,37.82613149797001,10472.520867188694,8790.189732873292,1.064368137898829,0.0071942446043165,43.0,21.40162703174619,,1
9931112,9931112,有明,,,99311,13,135-0063,江東区有明２-５,139.793269,35.634596,0000-00-00,0000-00-00,0,9931112,95.0,173.0,3.642105263157895,94.0,3.357894736842105,"{0: 0, 1: 1, 2: 3, 3: 53, 4: 37, 5: 1}","{0: 0.0, 1: 0.010526315789473684, 2: 0.031578947368421054, 3: 0.5578947368421052, 4: 0.3894736842105263, 5: 0.010526315789473684}",31302.01100000001,180.93647976878617,26366.60100000001,186.997170212766,141.0,55.49462470423556,54.91047075998045,18285.193188766883,15402.153970750762,1.0468337342106264,0.0057803468208092,61.0,35.63339059956178,,1
9931113,9931113,有明テニスの森,,,99311,13,135-0063,江東区有明１丁目,139.78888,35.639964,0000-00-00,0000-00-00,0,9931113,77.0,135.0,3.5064935064935066,72.0,3.2337662337662336,"{0: 0, 1: 5, 2: 3, 3: 39, 4: 29, 5: 1}","{0: 0.0, 1: 0.06493506493506493, 2: 0.03896103896103896, 3: 0.5064935064935064, 4: 0.37662337662337664, 5: 0.012987012987012988}",25494.698,188.8496148148148,20354.841,188.47075,108.0,38.91532176086135,36.38835281535087,12884.862024233613,10287.210219560684,1.0616698681256806,0.0,48.0,24.258901876900584,,1
9931114,9931114,市場前,,,99311,13,135-0061,江東区豊洲６丁目,139.78564,35.645684,0000-00-00,0000-00-00,0,9931114,29.0,47.0,3.2413793103448274,27.0,3.4482758620689653,"{0: 0, 1: 2, 2: 0, 3: 10, 4: 17}","{0: 0.0, 1: 0.06896551724137931, 2: 0.0, 3: 0.3448275862068966, 4: 0.5862068965517241}",12801.917000000003,272.3812127659576,10986.884000000002,281.7149743589744,39.0,19.04016209019937,17.727047463289068,8405.192232595826,7213.51904228338,1.0638389013393248,0.0,13.0,8.535245074916958,,1
9931115,9931115,新豊洲,,,99311,13,135-0061,江東区豊洲６丁目,139.789996,35.648718,0000-00-00,0000-00-00,0,9931115,65.0,118.0,3.630769230769231,61.0,3.3076923076923075,"{0: 0, 1: 4, 2: 0, 3: 34, 4: 26, 5: 1}","{0: 0.0, 1: 0.06153846153846154, 2: 0.0, 3: 0.5230769230769231, 4: 0.4, 5: 0.015384615384615385}",19064.323,161.56205932203383,15774.323,177.2395842696629,89.0,36.70066902273078,34.44216631363965,10764.206285622056,8906.58780739461,1.055732700137937,0.0084745762711864,33.0,18.63264735000178,,1
9931116,2800622,豊洲,,,99311,13,135-0061,東京都江東区豊洲二丁目2,139.795414,35.653792,0000-00-00,0000-00-00,0,9931116,132.0,281.0,4.257575757575758,122.0,3.227272727272727,"{0: 0, 1: 10, 2: 0, 3: 74, 4: 46, 5: 2}","{0: 0.0, 1: 0.07575757575757576, 2: 0.0, 3: 0.5606060606060606, 4: 0.3484848484848485, 5: 0.015151515151515152}",29614.068999999967,105.3881459074732,20565.82199999999,106.55866321243518,193.0,57.48133602670001,53.12668935801062,12895.880691718774,8955.688826115902,1.0700813238593494,0.0,75.0,32.65985001517046,,1
9933603,9933603,大井競馬場前,,,99336,13,140-0012,品川区勝島２-２-３５,139.74708,35.595006,0000-00-00,0000-00-00,0,9933603,147.0,278.0,3.782312925170068,132.0,3.006802721088435,"{0: 0, 1: 15, 2: 2, 3: 100, 4: 28, 5: 1, 6: 1}","{0: 0.0, 1: 0.10204081632653061, 2: 0.013605442176870748, 3: 0.6802721088435374, 4: 0.19047619047619047, 5: 0.006802721088435374, 6: 0.006802721088435374}",29345.761999999984,105.56029496402871,21951.69699999999,111.9984540816326,196.0,68.55579847860831,61.56030883793399,13685.864937912927,10237.524597248092,1.0524518895401342,0.0,82.0,38.24201003568626,,1
9933604,9933604,流通センター,,,99336,13,143-0006,大田区平和島６-１-２,139.748964,35.58186,0000-00-00,0000-00-00,0,9933604,122.0,219.0,3.5901639344262297,115.0,3.122950819672131,"{0: 0, 1: 7, 2: 3, 3: 83, 4: 26, 5: 3}","{0: 0.0, 1: 0.05737704918032787, 2: 0.02459016393442623, 3: 0.680327868852459, 4: 0.21311475409836064, 5: 0.02459016393442623}",35519.44599999998,162.18925114155243,30764.785000000003,171.87030726256984,179.0,72.67748219733294,68.50746272699415,21159.54019937809,18327.10749296947,1.0813731719051312,0.0,73.0,43.48734590496151,,1
9933611,2700207,羽田空港第3ターミナル,,,99336,13,144-0041,東京都大田区羽田空港二丁目6-5,139.768206,35.544169,2010-10-21,0000-00-00,0,9933607,22.0,37.0,3.363636363636364,21.0,3.363636363636364,"{0: 0, 1: 1, 2: 0, 3: 11, 4: 10}","{0: 0.0, 1: 0.045454545454545456, 2: 0.0, 3: 0.5, 4: 0.45454545454545453}",6935.463000000002,187.444945945946,6584.854000000001,193.67217647058828,34.0,91.23613463113836,87.08903760245025,28762.03799987632,27308.028457745,1.1978659159054563,0.0,14.0,58.059358401633496,,1
9933608,9933608,新整備場,,,99336,13,144-0041,大田区羽田空港３-５-１,139.786777,35.542773,0000-00-00,0000-00-00,0,9933608,59.0,95.0,3.220338983050848,57.0,3.016949152542373,"{0: 0, 1: 2, 2: 0, 3: 52, 4: 5}","{0: 0.0, 1: 0.03389830508474576, 2: 0.0, 3: 0.8813559322033898, 4: 0.0847457627118644}",17187.589,180.92198947368425,14774.191,191.8726103896104,77.0,99.5219277443462,96.14830307504634,28992.23712809356,24921.28761327407,1.0792027523418417,0.0,48.0,80.96699206319693,,1
9933609,2700206,羽田空港第1ターミナル,,,99336,13,144-0041,大田区羽田空港３-３-２,139.784653,35.549163,0000-00-00,0000-00-00,0,9933609,77.0,118.0,3.064935064935065,75.0,3.090909090909091,"{0: 0, 1: 2, 2: 0, 3: 64, 4: 11}","{0: 0.0, 1: 0.025974025974025976, 2: 0.0, 3: 0.8311688311688312, 4: 0.14285714285714285}",22253.698999999982,188.5906694915253,21238.82999999999,198.4937383177569,107.0,123.75387137943969,120.53948510984384,35765.99225665926,34134.90176714004,1.098708188233921,0.0,56.0,90.0028155486834,,1
9933610,2700206,羽田空港第2ターミナル,,,99336,13,144-0041,大田区羽田空港３-４-２,139.787979,35.550734,0000-00-00,0000-00-00,0,9933610,69.0,98.0,2.840579710144928,66.0,3.057971014492753,"{0: 0, 1: 3, 2: 0, 3: 56, 4: 10}","{0: 0.0, 1: 0.043478260869565216, 2: 0.0, 3: 0.8115942028985508, 4: 0.14492753623188406}",19007.606999999985,193.9551734693876,18892.055,194.7634536082473,97.0,134.89396378657523,129.02900883933282,37159.58623662974,36933.68381194183,1.10020643019231,0.0,50.0,97.74924912070668,,1
9933701,1132605,新木場,,,99337,13,136-0082,東京都江東区新木場一丁目6,139.827402,35.646172,0000-00-00,0000-00-00,0,9933701,82.0,167.0,4.073170731707317,78.0,3.1951219512195124,"{0: 0, 1: 4, 2: 0, 3: 54, 4: 24}","{0: 0.0, 1: 0.04878048780487805, 2: 0.0, 3: 0.6585365853658537, 4: 0.2926829268292683}",20413.07,122.23395209580838,15637.731999999996,139.6226071428571,112.0,60.75882711429978,57.79498188921199,15125.295012220726,11586.954329850649,1.0380612864223826,0.0,60.0,44.45767837631691,,1
9933702,9933702,東雲,,,99337,13,135-0062,江東区東雲２-８-１０,139.804395,35.640987,0000-00-00,0000-00-00,0,9933702,82.0,185.0,4.512195121951219,81.0,3.426829268292683,"{0: 0, 1: 1, 2: 0, 3: 45, 4: 35, 5: 1}","{0: 0.0, 1: 0.012195121951219513, 2: 0.0, 3: 0.5487804878048781, 4: 0.4268292682926829, 5: 0.012195121951219513}",25585.619,138.30064324324326,18410.89800000001,144.96770078740164,127.0,55.648280264946585,54.96964270073992,17363.362156879786,12494.326973577376,1.0387607266153016,0.0,58.0,39.360978723986605,,1
9933703,9933703,国際展示場,,,99337,13,135-0063,江東区有明２-５-２５,139.791617,35.63441,0000-00-00,0000-00-00,0,9933703,95.0,176.0,3.705263157894737,92.0,3.3684210526315788,"{0: 0, 1: 3, 2: 3, 3: 46, 4: 42, 5: 1}","{0: 0.0, 1: 0.031578947368421054, 2: 0.031578947368421054, 3: 0.4842105263157895, 4: 0.4421052631578947, 5: 0.010526315789473684}",30251.92900000001,171.8859602272728,24749.049000000014,171.86839583333344,144.0,54.33696319887148,52.62105909785448,17303.136344924984,14155.664891790188,1.0437927313942874,0.0056818181818181,60.0,34.31808202033988,,1
9933704,9933704,東京テレポート,,,99337,13,135-0064,江東区青海１-２,139.778896,35.62753,0000-00-00,0000-00-00,0,9933704,86.0,149.0,3.4651162790697674,86.0,3.488372093023256,"{0: 0, 1: 0, 2: 3, 3: 41, 4: 39, 5: 3}","{0: 0.0, 1: 0.0, 2: 0.03488372093023256, 3: 0.47674418604651164, 4: 0.45348837209302323, 5: 0.03488372093023256}",23196.313999999995,155.6799597315436,21173.933,154.55425547445256,137.0,54.61828970050483,54.61828970050483,14731.895325998556,13447.488449919529,1.0263065669453286,0.0,47.0,29.84953041771776,,1
1130118,1130118,根府川,,,11301,14,250-0024,小田原市根府川,139.138504,35.202455,0000-00-00,0000-00-00,0,1130118,70.0,158.0,4.514285714285714,49.0,2.4,"{0: 0, 1: 21, 2: 1, 3: 47, 4: 1}","{0: 0.0, 1: 0.3, 2: 0.014285714285714285, 3: 0.6714285714285714, 4: 0.014285714285714285}",23173.865000000005,146.67003164556965,12043.66,148.68716049382715,81.0,70.25985125778156,49.1818958804471,23259.890113827296,12088.368002847052,1.1747982719381642,0.0,35.0,35.12992562889078,nefukawa,1
1130406,1130406,新芝浦,,,11304,14,230-0045,横浜市鶴見区末広町２丁目,139.7001,35.491914,0000-00-00,0000-00-00,0,1130406,3.0,4.0,2.6666666666666665,2.0,2.333333333333333,"{0: 0, 1: 1, 2: 0, 3: 2}","{0: 0.0, 1: 0.3333333333333333, 2: 0.0, 3: 0.6666666666666666}",1796.9019999999998,449.2255,898.4509999999999,449.2255,2.0,356.6849298773235,237.789953251549,213642.62128880745,106821.31064440373,1.008814300875803,0.0,1.0,118.8949766257745,shinshibaura,1
1130409,1130409,大川,,,11304,14,210-0858,川崎市川崎区大川町,139.711038,35.495646,0000-00-00,0000-00-00,0,1130409,30.0,74.0,4.933333333333334,22.0,2.6666666666666665,"{0: 0, 1: 8, 2: 0, 3: 16, 4: 6}","{0: 0.0, 1: 0.26666666666666666, 2: 0.0, 3: 0.5333333333333333, 4: 0.2}",10209.332,137.96394594594594,5104.666,137.96394594594594,37.0,45.510778998048224,33.37457126523536,15487.821745656722,7743.910872828361,1.0795126230173728,0.0,18.0,27.30646739882893,ookawa,1
1130412,1130412,昭和,,,11304,14,210-0867,川崎市川崎区扇町,139.723897,35.506836,0000-00-00,0000-00-00,0,1130412,37.0,77.0,4.162162162162162,33.0,3.135135135135135,"{0: 0, 1: 4, 2: 0, 3: 23, 4: 8, 5: 1, 6: 1}","{0: 0.0, 1: 0.10810810810810811, 2: 0.0, 3: 0.6216216216216216, 4: 0.21621621621621623, 5: 0.02702702702702703, 6: 0.02702702702702703}",11802.474,153.27888311688312,6771.107999999998,147.19799999999995,46.0,30.91155942457869,27.569769216516136,9860.348011028243,5656.905603033518,1.1175831062312975,0.0259740259740259,24.0,20.05074124837537,shouwa,1
1130413,1130413,扇町,,,11304,14,210-0867,川崎市川崎区扇町,139.722147,35.501452,0000-00-00,0000-00-00,0,1130413,11.0,24.0,4.363636363636363,7.0,2.272727272727273,"{0: 0, 1: 4, 2: 0, 3: 7}","{0: 0.0, 1: 0.36363636363636365, 2: 0.0, 3: 0.6363636363636364}",6622.432,275.93466666666666,3311.2160000000003,275.9346666666667,12.0,19.22729531364061,12.235551563225842,11575.586887136693,5787.793443568346,1.2057486221114473,0.0833333333333333,7.0,12.235551563225842,ougimachi,1
1130811,1130811,北鎌倉,,,11308,14,247-0062,鎌倉市山ノ内,139.545134,35.337198,0000-00-00,0000-00-00,0,1130811,164.0,387.0,4.719512195121951,122.0,2.518292682926829,"{0: 0, 1: 42, 2: 0, 3: 117, 4: 5}","{0: 0.0, 1: 0.25609756097560976, 2: 0.0, 3: 0.7134146341463414, 4: 0.03048780487804878}",36076.229,93.2202299741602,18117.283000000003,93.38805670103096,194.0,78.31512323281136,58.25881118538405,17227.52634091538,8651.568602370235,1.1204186513200098,0.0,97.0,46.32053020477257,kitakamakura,1
1130815,1130815,田浦,,,11308,14,237-0075,横須賀市田浦町１丁目,139.637726,35.29271,0000-00-00,0000-00-00,0,1130815,216.0,495.0,4.583333333333333,156.0,2.578703703703704,"{0: 0, 1: 60, 2: 0, 3: 128, 4: 27, 5: 1}","{0: 0.0, 1: 0.2777777777777778, 2: 0.0, 3: 0.5925925925925926, 4: 0.125, 5: 0.004629629629629629}",40860.39000000007,82.54624242424255,22414.778,84.26608270676691,266.0,97.73079519749542,70.58335208708003,18487.58521657313,10141.731843126508,1.1001038301426935,0.008080808080808,112.0,50.67522713944207,taura,1
1131113,1131113,相模湖,,,11311,14,252-0171,相模原市緑区与瀬1395,139.1885,35.617335,0000-00-00,0000-00-00,0,1131113,81.0,203.0,5.012345679012346,62.0,2.6419753086419755,"{0: 0, 1: 19, 2: 0, 3: 54, 4: 7, 5: 1}","{0: 0.0, 1: 0.2345679012345679, 2: 0.0, 3: 0.6666666666666666, 4: 0.08641975308641975, 5: 0.012345679012345678}",24427.2,120.33103448275858,12296.902,119.38739805825244,103.0,82.64275494581705,63.25741736593403,24922.6062174378,12546.29455035466,1.1358270547171376,0.0049261083743842,49.0,49.99376533759303,sagamiko,1
1131114,1131114,藤野,,,11311,14,252-0184,相模原市緑区小渕1698,139.15239,35.615918,0000-00-00,0000-00-00,0,1131114,123.0,282.0,4.585365853658536,84.0,2.398373983739837,"{0: 0, 1: 39, 2: 0, 3: 80, 4: 4}","{0: 0.0, 1: 0.3170731707317073, 2: 0.0, 3: 0.6504065040650406, 4: 0.032520325203252036}",25774.810000000005,91.40003546099292,12887.405000000002,91.40003546099292,141.0,86.82744931882135,59.29679465675604,18194.80495103455,9097.402475517276,1.0897051279950225,0.0,62.0,43.7666817704628,fujino,1
1150506,1150506,東山北,,,11505,14,258-0111,足柄上郡山北町向原,139.10765,35.357637,0000-00-00,0000-00-00,0,1150506,174.0,433.0,4.977011494252873,137.0,2.6494252873563218,"{0: 0, 1: 37, 2: 0, 3: 124, 4: 13}","{0: 0.0, 1: 0.21264367816091953, 2: 0.0, 3: 0.7126436781609196, 4: 0.07471264367816093}",43601.35999999998,100.69598152424938,21825.144,100.57670046082946,217.0,99.29813407560874,78.18301361125516,24882.37753539588,12455.149857077397,1.1233961184274226,0.0,98.0,55.926535283963545,higashiyamakita,1
1150507,1150507,山北,,,11505,14,258-0113,足柄上郡山北町山北,139.080212,35.360808,0000-00-00,0000-00-00,0,1150507,131.0,350.0,5.343511450381679,111.0,2.8091603053435112,"{0: 0, 1: 20, 2: 0, 3: 96, 4: 15}","{0: 0.0, 1: 0.15267175572519084, 2: 0.0, 3: 0.732824427480916, 4: 0.11450381679389313}",40451.262,115.5750342857143,20253.39199999999,115.07609090909084,176.0,119.3529823666156,101.13115299766665,36854.79969613242,18452.69265832177,1.1700316367612995,0.0,88.0,80.17604922337536,yamakita,1
1150508,1150508,谷峨,,,11505,14,258-0115,足柄上郡山北町谷ケ,139.038234,35.366561,0000-00-00,0000-00-00,0,1150508,29.0,73.0,5.0344827586206895,26.0,2.896551724137931,"{0: 0, 1: 3, 2: 0, 3: 23, 4: 3}","{0: 0.0, 1: 0.10344827586206896, 2: 0.0, 3: 0.7931034482758621, 4: 0.10344827586206896}",18730.603,256.583602739726,9440.835000000005,255.1577027027028,37.0,25.243661142238302,22.63224792062745,16304.448107648008,8217.973780682187,1.2147285733964617,0.0,24.0,20.89130577288688,taniga,1
2700142,2700142,安針塚,,,27001,14,237-0072,横須賀市長浦町２-３２,139.64292,35.286641,0000-00-00,0000-00-00,0,2700142,154.0,346.0,4.493506493506493,108.0,2.5259740259740258,"{0: 0, 1: 46, 2: 0, 3: 90, 4: 17, 5: 1}","{0: 0.0, 1: 0.2987012987012987, 2: 0.0, 3: 0.5844155844155844, 4: 0.11038961038961038, 5: 0.006493506493506494}",36321.91000000008,104.97661849711004,19813.431,105.39059042553193,188.0,85.91289383078905,60.25060086834557,20263.119464684947,11053.43632419912,1.1444595246906266,0.0057803468208092,81.0,45.18795065125918,anharitsuka,1
9931702,9931702,南部市場,,,99317,14,236-0051,横浜市金沢区富岡東２-１,139.633163,35.380192,0000-00-00,0000-00-00,0,9931702,130.0,324.0,4.984615384615385,114.0,2.9307692307692306,"{0: 0, 1: 16, 2: 1, 3: 89, 4: 24}","{0: 0.0, 1: 0.12307692307692308, 2: 0.007692307692307693, 3: 0.6846153846153846, 4: 0.18461538461538463}",30188.77199999995,93.17522222222206,16984.042999999994,99.32188888888884,171.0,73.04209292766379,64.05229687502825,16961.931459969623,9542.692669949518,1.0756330628951665,0.0,95.0,53.37691406252354,nanbushijou,1
9931703,9931703,鳥浜,,,99317,14,236-0005,横浜市金沢区並木１-１,139.641704,35.377187,0000-00-00,0000-00-00,0,9931703,87.0,218.0,5.011494252873563,79.0,2.9885057471264367,"{0: 0, 1: 8, 2: 0, 3: 65, 4: 13, 5: 1}","{0: 0.0, 1: 0.09195402298850575, 2: 0.0, 3: 0.7471264367816092, 4: 0.14942528735632185, 5: 0.011494252873563218}",37032.19800000004,169.87246788990845,20826.084999999995,173.5507083333333,120.0,42.57159590685215,38.65696639817609,18120.91688274184,10190.80086139948,1.1446605235437313,0.0,68.0,33.2743508237465,torihama,1
9931704,9931704,並木北,,,99317,14,236-0005,横浜市金沢区並木１-１２,139.642743,35.372015,0000-00-00,0000-00-00,0,9931704,82.0,191.0,4.658536585365853,71.0,2.902439024390244,"{0: 0, 1: 11, 2: 0, 3: 58, 4: 12, 5: 1}","{0: 0.0, 1: 0.13414634146341464, 2: 0.0, 3: 0.7073170731707317, 4: 0.14634146341463414, 5: 0.012195121951219513}",29245.452999999983,153.1175549738219,17290.847999999998,163.1212075471698,106.0,45.05588495130489,39.01180282369082,16069.265435570656,9500.664124371951,1.1104977392746582,0.0,59.0,32.41825868447547,namikikita,1
9931705,9931705,並木中央,,,99317,14,236-0003,横浜市金沢区幸浦２-１-１,139.642945,35.365505,0000-00-00,0000-00-00,0,9931705,103.0,237.0,4.601941747572815,96.0,3.203883495145631,"{0: 0, 1: 7, 2: 0, 3: 63, 4: 31, 5: 2}","{0: 0.0, 1: 0.06796116504854369, 2: 0.0, 3: 0.6116504854368932, 4: 0.30097087378640774, 5: 0.019417475728155338}",38276.93100000003,161.5060379746837,26088.943,176.27664189189187,148.0,49.06452153255243,45.73003948665081,18233.391313102187,12427.587432864397,1.0946075340383268,0.0,74.0,35.25023877096,namikichuuou,1
9931706,9931706,幸浦,,,99317,14,236-0003,横浜市金沢区幸浦２-２４,139.643706,35.358406,0000-00-00,0000-00-00,0,9931706,106.0,260.0,4.90566037735849,101.0,3.39622641509434,"{0: 0, 1: 5, 2: 0, 3: 53, 4: 44, 5: 4}","{0: 0.0, 1: 0.04716981132075472, 2: 0.0, 3: 0.5, 4: 0.41509433962264153, 5: 0.03773584905660377}",34896.98299999999,134.21916538461537,22129.025,134.93307926829266,164.0,62.2168498909055,59.28209282057977,20482.83351845737,12988.66251563297,1.0446147880456371,0.0,77.0,45.19525888301626,sachiura,1
9931707,9931707,産業振興センター,,,99317,14,236-0004,横浜市金沢区福浦１-５-２,139.646326,35.35339,0000-00-00,0000-00-00,0,9931707,120.0,307.0,5.116666666666666,117.0,3.475,"{0: 0, 1: 3, 2: 0, 3: 57, 4: 57, 5: 3}","{0: 0.0, 1: 0.025, 2: 0.0, 3: 0.475, 4: 0.475, 5: 0.025}",40740.47,132.70511400651466,25393.04800000001,135.0694042553192,188.0,59.220836455507,57.740315544119326,20105.705924920745,12531.64618929033,1.025895938301442,0.0,88.0,43.42861340070513,sangyoushinkousentaa,1
9931708,9931708,福浦,,,99317,14,236-0004,横浜市金沢区福浦２-７-２,139.648517,35.349627,0000-00-00,0000-00-00,0,9931708,121.0,293.0,4.8429752066115705,120.0,3.5289256198347108,"{0: 0, 1: 1, 2: 1, 3: 56, 4: 59, 5: 4}","{0: 0.0, 1: 0.008264462809917356, 2: 0.008264462809917356, 3: 0.4628099173553719, 4: 0.48760330578512395, 5: 0.03305785123966942}",39749.00299999998,135.66212627986343,27028.501,136.5075808080808,198.0,63.93053734600005,63.402185797686,21001.44727898981,14280.55035195785,1.0214123050208828,0.0,78.0,41.21142076849591,fukuura,1
9931709,9931709,市大医学部,,,99317,14,236-0004,横浜市金沢区福浦３,139.650156,35.343966,0000-00-00,0000-00-00,0,9931709,87.0,197.0,4.528735632183908,86.0,3.471264367816092,"{0: 0, 1: 1, 2: 1, 3: 42, 4: 42, 5: 1}","{0: 0.0, 1: 0.011494252873563218, 2: 0.011494252873563218, 3: 0.4827586206896552, 4: 0.4827586206896552, 5: 0.011494252873563218}",27524.421,139.71787309644668,18985.483,136.58620863309352,139.0,63.772179814718726,63.03916625363001,20175.77385411517,13916.616502819374,1.0194087666660447,0.0,53.0,38.84971873770221,shidaiigakubu,1
9933903,9933903,風祭,,,99339,14,250-0032,小田原市風祭字中瀬２４０-２,139.129104,35.246229,0000-00-00,0000-00-00,0,9933903,130.0,293.0,4.507692307692308,105.0,2.6769230769230767,"{0: 0, 1: 25, 2: 1, 3: 95, 4: 9}","{0: 0.0, 1: 0.19230769230769232, 2: 0.007692307692307693, 3: 0.7307692307692307, 4: 0.06923076923076923}",37166.97400000002,126.84974061433452,22005.359,136.67924844720494,161.0,79.00745896842442,63.813716859112034,22588.21671758076,13373.749986753452,1.140503084907185,0.0,86.0,52.26647285603462,kazamatsuri,1
9933904,9933904,入生田,,,99339,14,250-0031,小田原市入生田字松葉１９０-４,139.121244,35.240894,0000-00-00,0000-00-00,0,9933904,105.0,234.0,4.457142857142857,86.0,2.723809523809524,"{0: 0, 1: 19, 2: 1, 3: 75, 4: 10}","{0: 0.0, 1: 0.18095238095238095, 2: 0.009523809523809525, 3: 0.7142857142857143, 4: 0.09523809523809523}",32622.85000000003,139.41388888888903,19592.946,144.06577941176468,136.0,80.68535340991696,66.08514660240817,25068.43982370202,15055.845450965891,1.110364655284248,0.0,68.0,52.2533717321367,nyuuikuta,1
9933905,9933905,箱根湯本,,,99339,14,250-0311,足柄下郡箱根町湯本白石下７０７-１,139.103743,35.233555,0000-00-00,0000-00-00,0,9933905,76.0,183.0,4.815789473684211,59.0,2.5921052631578947,"{0: 0, 1: 17, 2: 0, 3: 56, 4: 3}","{0: 0.0, 1: 0.2236842105263158, 2: 0.0, 3: 0.7368421052631579, 4: 0.039473684210526314}",19128.965,104.52986338797814,9677.925000000008,102.95664893617028,94.0,85.6422615882838,66.48543991722032,21555.89242688323,10905.781374760423,1.1095620052094657,0.0,45.0,50.70923383516804,hakoneyumoto,1
9933906,9933906,塔ノ沢,,,99339,14,250-0315,足柄下郡箱根町塔之澤恵ケ平４６-２,139.094016,35.234521,0000-00-00,0000-00-00,0,9933906,32.0,71.0,4.4375,25.0,2.625,"{0: 0, 1: 7, 2: 0, 3: 23, 4: 2}","{0: 0.0, 1: 0.21875, 2: 0.0, 3: 0.71875, 4: 0.0625}",8356.352000000003,117.69509859154934,4267.986000000001,115.350972972973,37.0,56.3128987479038,43.99445214679984,14705.32512743261,7510.708233608468,1.094840237638338,0.0,21.0,36.955339803311865,tounosawa,1
9933907,9933907,大平台,,,99339,14,250-0405,足柄下郡箱根町大平台大向３５５,139.073849,35.238664,0000-00-00,0000-00-00,0,9933907,12.0,32.0,5.333333333333333,11.0,2.833333333333333,"{0: 0, 1: 1, 2: 0, 3: 11}","{0: 0.0, 1: 0.08333333333333333, 2: 0.0, 3: 0.9166666666666666}",8420.053999999998,263.12668749999995,4210.027,263.1266875,16.0,120.00744900445648,110.00682825408512,84205.76675164748,42102.88337582375,1.5169551017173055,0.0,9.0,90.00558675334237,oohiradai,1
9933908,9933908,宮ノ下,,,99339,14,250-0404,足柄下郡箱根町宮ノ下字蛇骨４０４-１１,139.063052,35.241913,0000-00-00,0000-00-00,0,9933908,12.0,28.0,4.666666666666667,10.0,2.6666666666666665,"{0: 0, 1: 2, 2: 0, 3: 10}","{0: 0.0, 1: 0.16666666666666666, 2: 0.0, 3: 0.8333333333333334}",7241.015999999998,258.6077142857142,3620.507999999999,258.6077142857142,14.0,26.53213785869202,22.11011488224335,16009.969562416218,8004.984781208109,1.2126944702282731,0.0,10.0,22.11011488224335,miyanoshita,1
9933909,9933909,小涌谷,,,99339,14,250-0406,足柄下郡箱根町小涌谷字四面塔４６６-６,139.053162,35.240374,0000-00-00,0000-00-00,0,9933909,48.0,116.0,4.833333333333333,37.0,2.583333333333333,"{0: 0, 1: 11, 2: 0, 3: 35, 4: 2}","{0: 0.0, 1: 0.22916666666666666, 2: 0.0, 3: 0.7291666666666666, 4: 0.041666666666666664}",19973.306,172.18367241379312,9986.653000000004,172.18367241379318,58.0,40.12121843511024,30.92677254373081,16694.86193536037,8347.43096768019,1.2154592447956742,0.0,34.0,28.419196391536417,shouwakuya,1
9933910,9933910,彫刻の森,,,99339,14,250-0407,足柄下郡箱根町二ノ平字北畑１２０４-６,139.050856,35.246529,0000-00-00,0000-00-00,0,9933910,111.0,282.0,5.081081081081081,92.0,2.765765765765766,"{0: 0, 1: 19, 2: 0, 3: 80, 4: 12}","{0: 0.0, 1: 0.17117117117117117, 2: 0.0, 3: 0.7207207207207207, 4: 0.10810810810810811}",40462.96999999997,143.48570921985805,20231.485000000004,143.4857092198582,141.0,57.07342699177837,47.304101650843336,20805.048325815467,10402.524162907745,1.230009127476645,0.0,85.0,43.70487652523569,choukokunomori,1
9933911,9933911,強羅,,,99339,14,250-0408,足柄下郡箱根町強羅１３００-３２９,139.048162,35.25085,1919-06-01,0000-00-00,0,9933911,129.0,348.0,5.395348837209302,112.0,2.86046511627907,"{0: 0, 1: 17, 2: 0, 3: 96, 4: 16}","{0: 0.0, 1: 0.13178294573643412, 2: 0.0, 3: 0.7441860465116279, 4: 0.12403100775193798}",42035.33399999997,120.79118965517232,21017.667,120.79118965517236,174.0,69.30885941262375,60.175133753595816,22584.65933774172,11292.32966887086,1.1166745279656876,0.0,101.0,54.2650759742248,kyoura,1
9934401,9933911,強羅,,,99344,14,250-0408,足柄下郡箱根町強羅１３００-３２９,139.048162,35.25085,1919-06-01,0000-00-00,0,9934401,129.0,348.0,5.395348837209302,112.0,2.86046511627907,"{0: 0, 1: 17, 2: 0, 3: 96, 4: 16}","{0: 0.0, 1: 0.13178294573643412, 2: 0.0, 3: 0.7441860465116279, 4: 0.12403100775193798}",42035.33399999997,120.79118965517232,21017.667,120.79118965517236,174.0,69.30885941262375,60.175133753595816,22584.65933774172,11292.32966887086,1.1166745279656876,0.0,101.0,54.2650759742248,kyoura,1
9934402,9934402,公園下,,,99344,14,250-0500,神奈川県足柄下郡箱根町,139.045639,35.249944,0000-00-00,0000-00-00,0,9934402,136.0,368.0,5.411764705882353,119.0,2.889705882352941,"{0: 0, 1: 17, 2: 0, 3: 100, 4: 19}","{0: 0.0, 1: 0.125, 2: 0.0, 3: 0.7352941176470589, 4: 0.13970588235294118}",45429.07399999999,123.4485706521739,22714.53699999999,123.44857065217386,184.0,72.20220064292087,63.17692556255576,24118.228793897782,12059.11439694889,1.1224395999995638,0.0,108.0,57.3370416870254,kouenshita,1
9934403,9934403,公園上,,,99344,14,250-0500,神奈川県足柄下郡箱根町,139.043167,35.249083,0000-00-00,0000-00-00,0,9934403,119.0,328.0,5.512605042016807,100.0,2.8403361344537816,"{0: 0, 1: 19, 2: 0, 3: 81, 4: 19}","{0: 0.0, 1: 0.15966386554621848, 2: 0.0, 3: 0.680672268907563, 4: 0.15966386554621848}",44043.68800000002,134.27953658536592,22021.844,134.2795365853658,164.0,64.47887788908413,54.18393099923036,23864.601515436312,11932.300757718149,1.170265265923482,0.0,93.0,50.39105582928424,kouenue,1
9934404,9934404,中強羅,,,99344,14,250-0500,神奈川県足柄下郡箱根町,139.040556,35.248167,0000-00-00,0000-00-00,0,9934404,105.0,288.0,5.485714285714286,88.0,2.857142857142857,"{0: 0, 1: 17, 2: 0, 3: 69, 4: 19}","{0: 0.0, 1: 0.1619047619047619, 2: 0.0, 3: 0.6571428571428571, 4: 0.18095238095238095}",37921.80999999998,131.67295138888883,18960.90499999999,131.67295138888883,144.0,59.53158194499072,49.89313534437318,21500.43180492731,10750.215902463657,1.1696908172852014,0.0,82.0,46.49133066180228,nakakyoura,1
9934405,9934405,上強羅,,,99344,14,250-0500,神奈川県足柄下郡箱根町,139.038056,35.247306,0000-00-00,0000-00-00,0,9934405,98.0,268.0,5.469387755102041,83.0,2.877551020408163,"{0: 0, 1: 15, 2: 0, 3: 65, 4: 18}","{0: 0.0, 1: 0.15306122448979592, 2: 0.0, 3: 0.6632653061224489, 4: 0.1836734693877551}",36349.32199999998,135.6317985074626,18174.66099999999,135.6317985074626,134.0,58.43213081821708,49.48843732563283,21673.146308749947,10836.573154374972,1.1825199238377144,0.0074626865671641,79.0,47.10345239427704,uekyoura,1
9934406,9934406,早雲山,,,99344,14,250-0408,神奈川県足柄下郡箱根町強羅,139.035611,35.246444,0000-00-00,0000-00-00,0,9934406,86.0,240.0,5.5813953488372094,75.0,2.941860465116279,"{0: 0, 1: 11, 2: 0, 3: 58, 4: 17}","{0: 0.0, 1: 0.12790697674418605, 2: 0.0, 3: 0.6744186046511628, 4: 0.19767441860465115}",34740.02399999997,144.75009999999986,17370.01199999999,144.75009999999992,120.0,53.20069209123135,46.395952405143625,21490.62000076728,10745.310000383644,1.2492152354507349,0.0083333333333333,71.0,43.92150161020263,soukumoyama,1
