,station_cd,station_g_cd,station_name,station_name_k,station_name_r,line_cd,pref_cd,post,address,lon,lat,open_ymd,close_ymd,e_status,e_sort,n,m,k_avg,intersection_count,streets_per_node_avg,streets_per_node_counts,streets_per_node_proportion,edge_length_total,edge_length_avg,street_length_total,street_length_avg,street_segments_count,node_density_km,intersection_density_km,edge_density_km,street_density_km,circuity_avg,self_loop_proportion,clean_intersection_count,clean_intersection_density_km
1504,1131201,1130101,東京,,,11312,13,100-0005,東京都千代田区丸の内一丁目,139.766103,35.681391,0000-00-00,0000-00-00,0,1131201,432,808,3.740740740740741,423,3.4212962962962963,"{0: 0, 1: 9, 2: 4, 3: 231, 4: 174, 5: 12, 6: 2}","{0: 0.0, 1: 0.020833333333333332, 2: 0.009259259259259259, 3: 0.5347222222222222, 4: 0.4027777777777778, 5: 0.027777777777777776, 6: 0.004629629629629629}",59201.26400000012,73.26889108910906,50739.37700000007,74.07208321167894,685,190.8004460720602,186.82543677889228,26147.286063031996,22409.943900505663,1.01243598646809,0.0012376237623762376,240,106.00024781781123
1505,1131202,1130223,神田,,,11312,13,101-0044,東京都千代田区鍛冶町二丁目13-1,139.770641,35.691173,0000-00-00,0000-00-00,0,1131202,973,1947,4.002055498458376,960,3.354573484069887,"{0: 0, 1: 13, 2: 1, 3: 603, 4: 342, 5: 12, 6: 2}","{0: 0.0, 1: 0.013360739979445015, 2: 0.0010277492291880781, 3: 0.6197327852004111, 4: 0.35149023638232274, 5: 0.012332990750256937, 6: 0.0020554984583761563}",104943.27099999994,53.899985105290156,85889.55299999999,54.49844733502537,1576,404.4020779977623,398.99896698648695,43616.93408456555,35697.75304367825,1.0102205510664892,0.0005136106831022085,511,212.38382513551545
1506,1131203,1131203,御茶ノ水,,,11312,13,101-0062,千代田区神田駿河台２丁目,139.764955,35.699605,0000-00-00,0000-00-00,0,1131203,1110,2413,4.347747747747747,1082,3.2612612612612613,"{0: 0, 1: 28, 2: 0, 3: 745, 4: 329, 5: 7, 6: 1}","{0: 0.0, 1: 0.025225225225225224, 2: 0.0, 3: 0.6711711711711712, 4: 0.2963963963963964, 5: 0.006306306306306306, 6: 0.0009009009009009009}",111503.97999999998,46.209689183588885,81436.87200000008,46.66869455587397,1745,441.5399402983769,430.4019958584179,44354.46907408235,32394.26270357351,1.008454196561861,0.0,543,215.996565389206
1507,1131207,1131102,四ツ谷,,,11312,13,160-0004,東京都新宿区四谷一丁目,139.730644,35.686041,0000-00-00,0000-00-00,0,1131207,496,1109,4.471774193548387,416,2.8286290322580645,"{0: 0, 1: 80, 2: 1, 3: 340, 4: 74, 5: 1}","{0: 0.0, 1: 0.16129032258064516, 2: 0.0020161290322580645, 3: 0.6854838709677419, 4: 0.14919354838709678, 5: 0.0020161290322580645}",70800.94499999992,63.84215058611354,44344.27799999999,66.08685245901638,671,202.6942535176728,170.00163198256428,28933.356240162888,18121.63372377048,1.0417028875757832,0.0,256,104.61638891234725
1508,1131211,1130208,新宿,,,11312,13,160-0022,東京都新宿区新宿三丁目38-1,139.700464,35.689729,0000-00-00,0000-00-00,0,1131211,717,1616,4.507670850767085,684,3.1520223152022315,"{0: 0, 1: 33, 2: 2, 3: 515, 4: 159, 5: 7, 6: 0, 7: 1}","{0: 0.0, 1: 0.04602510460251046, 2: 0.002789400278940028, 3: 0.7182705718270572, 4: 0.2217573221757322, 5: 0.009762900976290097, 6: 0.0, 7: 0.001394700139470014}",87715.25100000009,54.27923948019808,60432.935999999994,55.74994095940959,1084,294.2684221923549,280.72468727973603,35999.76082841897,24802.656520462424,1.0226852700817524,0.0,396,162.5248189514261
1509,1131214,1131214,中野,,,11312,13,164-0001,中野区中野５丁目,139.665835,35.705765,0000-00-00,0000-00-00,0,1131214,1151,2786,4.841007819287576,955,2.784535186794092,"{0: 0, 1: 196, 2: 8, 3: 797, 4: 148, 5: 2}","{0: 0.0, 1: 0.17028670721112077, 2: 0.0069504778453518675, 3: 0.6924413553431799, 4: 0.12858384013900956, 5: 0.0017376194613379669}",127186.80099999993,45.65211809045224,70245.71300000003,45.61409935064937,1540,458.0931271406063,380.0859569237872,50619.808341529075,27957.49638261647,1.0320479670021403,0.0,523,208.1517858336552
1510,1131215,1131215,高円寺,,,11312,13,166-0003,杉並区高円寺南４丁目,139.649664,35.705326,0000-00-00,0000-00-00,0,1131215,1335,3365,5.0411985018726595,1179,2.9138576779026217,"{0: 0, 1: 156, 2: 8, 3: 969, 4: 199, 5: 3}","{0: 0.0, 1: 0.11685393258426967, 2: 0.00599250936329588, 3: 0.7258426966292135, 4: 0.149063670411985, 5: 0.0022471910112359553}",143892.145,42.76141010401189,80731.86300000004,42.91965071770337,1881,530.2661946650957,468.3025045019834,57154.41211336941,32066.949648864313,1.020024952889712,0.0,609,241.89671352138072
1511,1131216,1131216,阿佐ケ谷,,,11312,13,166-0004,東京都杉並区阿佐谷南三丁目36-3,139.635868,35.704818,0000-00-00,0000-00-00,0,1131216,1295,3435,5.305019305019305,1150,2.905019305019305,"{0: 0, 1: 145, 2: 4, 3: 979, 4: 163, 5: 4}","{0: 0.0, 1: 0.11196911196911197, 2: 0.003088803088803089, 3: 0.7559845559845559, 4: 0.12586872586872586, 5: 0.003088803088803089}",151299.80099999974,44.04652139737984,80149.99800000008,44.13546145374454,1816,512.251187448771,454.89487688500907,59848.264650975005,31704.194323951095,1.0275128378868164,0.0,571,225.8651953924697
1512,1131217,1131217,荻窪,,,11312,13,167-0043,杉並区上荻１丁目,139.620109,35.704523,0000-00-00,0000-00-00,0,1131217,1157,2777,4.800345721694036,996,2.8928262748487468,"{0: 0, 1: 161, 2: 9, 3: 787, 4: 193, 5: 7}","{0: 0.0, 1: 0.13915298184961106, 2: 0.007778738115816767, 3: 0.6802074330164217, 4: 0.16681071737251513, 5: 0.006050129645635264}",132271.56299999973,47.6310993878285,78416.83199999997,48.55531393188853,1615,461.6229925632883,397.3867766577659,52774.06632937199,31286.959943969414,1.030299982765181,0.0,564,225.02624702307224
1513,1131218,1131218,西荻窪,,,11312,13,167-0053,杉並区西荻南３丁目,139.599361,35.703842,0000-00-00,0000-00-00,0,1131218,755,1977,5.237086092715232,711,3.1589403973509933,"{0: 0, 1: 44, 2: 4, 3: 495, 4: 212}","{0: 0.0, 1: 0.05827814569536424, 2: 0.005298013245033113, 3: 0.6556291390728477, 4: 0.280794701986755}",117382.42399999981,59.374013151239154,67193.26099999988,58.889799298860545,1141,305.9080077437149,288.0802562990481,47560.56088737479,27225.108087832345,1.0133977996307895,0.0,498,201.77773226009273
1514,1131219,1131104,吉祥寺,,,11312,13,180-0003,東京都武蔵野市吉祥寺南町,139.579765,35.703119,0000-00-00,0000-00-00,0,1131219,619,1589,5.1340872374798066,539,2.9709208400646205,"{0: 0, 1: 80, 2: 0, 3: 397, 4: 142}","{0: 0.0, 1: 0.12924071082390953, 2: 0.0, 3: 0.6413570274636511, 4: 0.2294022617124394}",100702.93899999993,63.37504027690367,55343.37699999999,63.033458997722086,878,258.223583482545,224.85058400176374,42009.4891370018,23087.181148571013,1.0253236034053563,0.0,366,152.68147262457427
1515,1131220,1131105,三鷹,,,11312,13,181-0013,東京都三鷹市下連雀三丁目46-1,139.560325,35.702683,0000-00-00,0000-00-00,0,1131220,639,1629,5.098591549295775,597,3.151799687010955,"{0: 0, 1: 42, 2: 4, 3: 412, 4: 178, 5: 2, 6: 1}","{0: 0.0, 1: 0.06572769953051644, 2: 0.006259780907668232, 3: 0.6447574334898278, 4: 0.27856025039123633, 5: 0.003129890453834116, 6: 0.001564945226917058}",103866.84199999983,63.76110620012267,61682.727,64.6569465408805,954,259.36696080769457,242.31936713958316,42159.04090490291,25036.715862786732,1.0140301106604455,0.0,415,168.44646124443386
1516,1131221,1131221,武蔵境,,,11312,13,180-0022,武蔵野市境１丁目,139.543402,35.702083,0000-00-00,0000-00-00,0,1131221,703,1847,5.2546230440967285,618,2.923186344238976,"{0: 0, 1: 85, 2: 4, 3: 494, 4: 120}","{0: 0.0, 1: 0.12091038406827881, 2: 0.005689900426742532, 3: 0.7027027027027027, 4: 0.17069701280227595}",109606.32200000029,59.34289225771537,59469.57000000002,59.94916330645164,992,291.2261770085181,256.01390809568164,45405.73276248182,24635.982246714742,1.033311755917774,0.0010828370330265296,386,159.90512706299856
1517,1131222,1131222,東小金井,,,11312,13,184-0002,小金井市梶野町５丁目,139.524837,35.701643,0000-00-00,0000-00-00,0,1131222,657,1738,5.290715372907154,559,2.8158295281582952,"{0: 0, 1: 98, 2: 4, 3: 476, 4: 79}","{0: 0.0, 1: 0.1491628614916286, 2: 0.0060882800608828, 3: 0.7245053272450532, 4: 0.1202435312024353}",104722.24800000012,60.25445799769857,53116.38799999998,60.15445979614947,883,267.4186631218116,227.5297301142963,42625.08913131026,21619.959617685585,1.0607754710330095,0.0023014959723820483,383,155.89246267222808
1518,1131223,1131223,武蔵小金井,,,11312,13,184-0004,小金井市本町６丁目,139.506483,35.701337,0000-00-00,0000-00-00,0,1131223,893,2303,5.157894736842105,718,2.7032474804031357,"{0: 0, 1: 175, 2: 2, 3: 629, 4: 87}","{0: 0.0, 1: 0.1959686450167973, 2: 0.0022396416573348264, 3: 0.7043673012318029, 4: 0.09742441209406495}",120264.00200000011,52.22058271819371,61095.33200000008,52.21823247863255,1170,360.18295395989367,289.59838851422586,48507.32754243964,24642.21405702178,1.056281262145037,0.0,438,176.66308380115726
1519,1131224,1131106,国分寺,,,11312,13,185-0012,東京都国分寺市本町二丁目1-23,139.480841,35.700123,0000-00-00,0000-00-00,0,1131224,580,1624,5.6,523,2.9379310344827587,"{0: 0, 1: 57, 2: 0, 3: 447, 4: 74, 5: 2}","{0: 0.0, 1: 0.09827586206896552, 2: 0.0, 3: 0.7706896551724138, 4: 0.12758620689655173, 5: 0.0034482758620689655}",99899.23100000012,61.514304802955735,50247.408999999905,61.42715036674805,818,241.82459661008713,218.059075908751,41651.881445229206,20950.102434701792,1.0615624265192165,0.0,342,142.5931242080169
1520,1131225,1130503,西国分寺,,,11312,13,185-0013,国分寺市西恋ケ窪２丁目,139.465994,35.699744,0000-00-00,0000-00-00,0,1131225,605,1588,5.249586776859504,515,2.8330578512396696,"{0: 0, 1: 90, 2: 3, 3: 433, 4: 76, 5: 3}","{0: 0.0, 1: 0.1487603305785124, 2: 0.0049586776859504135, 3: 0.715702479338843, 4: 0.1256198347107438, 5: 0.0049586776859504135}",97397.19400000018,61.33324559193966,50926.200999999935,62.180953601953526,819,244.34194816233315,207.99355917950672,39335.90103719793,20567.61514850668,1.0739222393153538,0.0,328,132.4696842929674
1521,1131226,1131226,国立,,,11312,13,186-0001,国立市北１丁目,139.44634,35.69923,0000-00-00,0000-00-00,0,1131226,483,1226,5.076604554865424,416,3.002070393374741,"{0: 0, 1: 67, 2: 1, 3: 286, 4: 124, 5: 3, 6: 2}","{0: 0.0, 1: 0.13871635610766045, 2: 0.002070393374741201, 3: 0.5921325051759835, 4: 0.2567287784679089, 5: 0.006211180124223602, 6: 0.004140786749482402}",85534.06699999978,69.7667756933114,48528.19800000007,70.74081341107882,686,197.3974672188992,170.01520986141216,34956.95276756022,19833.00905568792,1.039136436200719,0.0,272,111.16379106323103
1522,1131227,1130325,立川,,,11312,13,190-0012,東京都立川市曙町二丁目1-1,139.413704,35.698202,0000-00-00,0000-00-00,0,1131227,547,1422,5.19926873857404,504,3.1115173674588665,"{0: 0, 1: 43, 2: 1, 3: 363, 4: 133, 5: 6, 6: 1}","{0: 0.0, 1: 0.07861060329067641, 2: 0.0018281535648994515, 3: 0.6636197440585009, 4: 0.24314442413162707, 5: 0.010968921389396709, 6: 0.0018281535648994515}",92066.39800000003,64.74430239099861,54009.36600000013,66.51399753694598,812,224.40060720075942,206.76034008991363,37769.205875661406,22156.735877382234,1.025431333109126,0.0,349,143.17333073686478
1523,1131228,1131108,日野,,,11312,13,191-0061,日野市大坂上１丁目,139.39393,35.679244,0000-00-00,0000-00-00,0,1131228,627,1729,5.515151515151516,544,2.9154704944178627,"{0: 0, 1: 83, 2: 0, 3: 431, 4: 113}","{0: 0.0, 1: 0.13237639553429026, 2: 0.0, 3: 0.6874003189792663, 4: 0.18022328548644337}",104431.25800000045,60.39980219780246,53790.96699999996,60.507274465691744,889,282.0081208621058,244.67690231098175,46970.435132130595,24193.763194618077,1.054548637203742,0.002313475997686524,395,177.66061840595182
1524,1131229,1131109,豊田,,,11312,13,191-0053,日野市豊田４丁目,139.381495,35.659502,0000-00-00,0000-00-00,0,1131229,600,1680,5.6,553,3.058333333333333,"{0: 0, 1: 47, 2: 1, 3: 425, 4: 124, 5: 3}","{0: 0.0, 1: 0.07833333333333334, 2: 0.0016666666666666668, 3: 0.7083333333333334, 4: 0.20666666666666667, 5: 0.005}",103088.40899999997,61.362148214285696,54686.376000000106,61.93247565118925,883,260.4200649843086,240.02049322720444,44743.816951514964,23735.71598612727,1.0233955110558162,0.0017857142857142857,404,175.3495104227678
1525,1131230,1130620,八王子,,,11312,13,192-0083,東京都八王子市旭町1-1,139.338998,35.655555,0000-00-00,0000-00-00,0,1131230,775,2229,5.752258064516129,732,3.16,"{0: 0, 1: 43, 2: 3, 3: 530, 4: 187, 5: 10, 6: 2}","{0: 0.0, 1: 0.05548387096774193, 2: 0.003870967741935484, 3: 0.6838709677419355, 4: 0.24129032258064517, 5: 0.012903225806451613, 6: 0.0025806451612903226}",123065.53000000004,55.211094661283106,65108.07599999989,55.31697196261673,1177,314.3447388880168,296.90367595616556,49916.1314760844,26408.23374157564,1.0229085027295586,0.0,493,199.96381454424812
1526,1131231,1131111,西八王子,,,11312,13,193-0835,八王子市千人町２丁目,139.31264,35.656621,0000-00-00,0000-00-00,0,1131231,634,1841,5.807570977917981,579,3.1246056782334386,"{0: 0, 1: 55, 2: 1, 3: 389, 4: 188, 5: 1}","{0: 0.0, 1: 0.08675078864353312, 2: 0.0015772870662460567, 3: 0.613564668769716, 4: 0.29652996845425866, 5: 0.0015772870662460567}",122661.40500000028,66.627596414992,62195.31499999993,66.16522872340418,940,253.68208442227743,231.6749635339095,49080.44305767387,24886.178470820378,1.0313906440486706,0.0010863661053775121,435,174.05631975345534
1527,1131232,1131112,高尾,,,11312,13,193-0844,八王子市高尾町,139.282288,35.642026,0000-00-00,0000-00-00,0,1131232,277,677,4.888086642599278,214,2.642599277978339,"{0: 0, 1: 63, 2: 4, 3: 180, 4: 29, 5: 1}","{0: 0.0, 1: 0.22743682310469315, 2: 0.01444043321299639, 3: 0.6498194945848376, 4: 0.10469314079422383, 5: 0.0036101083032490976}",53533.33500000005,79.07435007385531,27599.73799999998,80.23179651162785,344,134.96402066771347,104.26823257361256,26083.3001131828,13447.550938106404,1.0715926861249958,0.005908419497784343,166,80.8809654542976
5477,2400101,1130208,新宿,,,24001,13,160-0023,東京都新宿区西新宿一丁目1-4,139.699187,35.690163,0000-00-00,0000-00-00,0,2400101,702,1566,4.461538461538462,670,3.175213675213675,"{0: 0, 1: 32, 2: 3, 3: 488, 4: 170, 5: 8, 6: 0, 7: 1}","{0: 0.0, 1: 0.045584045584045586, 2: 0.004273504273504274, 3: 0.6951566951566952, 4: 0.24216524216524216, 5: 0.011396011396011397, 6: 0.0, 7: 0.0014245014245014246}",89555.66200000019,57.18752362707547,63043.755000000005,59.30738946378175,1063,283.8205203742502,270.88283283582285,36207.59913290672,25488.76260747399,1.0221496272300967,0.0,389,157.2737641390076
5478,2400104,2400104,笹塚,,,24001,13,151-0073,渋谷区笹塚１-５６-７,139.667251,35.673758,0000-00-00,0000-00-00,0,2400104,1337,3429,5.12939416604338,1154,2.844427823485415,"{0: 0, 1: 183, 2: 12, 3: 973, 4: 168, 5: 1}","{0: 0.0, 1: 0.1368735976065819, 2: 0.008975317875841436, 3: 0.7277486910994765, 4: 0.1256544502617801, 5: 0.0007479431563201197}",152023.7949999997,44.33473170020405,82366.01900000001,44.73982563824009,1841,538.2396389325661,464.5688431773981,61200.62268508472,33158.30690117643,1.0305439105451555,0.0005832604257801109,567,228.2586950447008
5479,2400105,2400105,代田橋,,,24001,13,156-0041,世田谷区大原２-１８-９,139.659413,35.671092,0000-00-00,0000-00-00,0,2400105,1491,3753,5.03420523138833,1259,2.7961099932930917,"{0: 0, 1: 232, 2: 10, 3: 1081, 4: 166, 5: 2}","{0: 0.0, 1: 0.15560026827632462, 2: 0.00670690811535882, 3: 0.7250167672702884, 4: 0.11133467471495641, 5: 0.0013413816230717639}",158179.98,42.147609912070344,86127.00499999996,42.448006407097076,2029,598.9531476972842,505.7558772306377,63542.85507960662,34598.28353218626,1.0274159165099466,0.0,608,244.241122602246
5480,2400106,2400106,明大前,,,24001,13,156-0043,世田谷区松原２-４５-１,139.650352,35.668758,0000-00-00,0000-00-00,0,2400106,1166,2926,5.018867924528302,980,2.8001715265866207,"{0: 0, 1: 186, 2: 2, 3: 838, 4: 139, 5: 1}","{0: 0.0, 1: 0.1595197255574614, 2: 0.0017152658662092624, 3: 0.7186963979416809, 4: 0.11921097770154374, 5: 0.0008576329331046312}",140247.27500000017,47.931399521531155,77324.07700000006,49.31382461734698,1568,462.570873144085,388.78169440926524,55638.3400110023,30675.699668053592,1.0310103815701992,0.000683526999316473,571,226.5248443956025
5481,2400107,2400107,下高井戸,,,24001,13,156-0043,世田谷区松原３-２９-１７,139.641372,35.66615,0000-00-00,0000-00-00,0,2400107,995,2457,4.938693467336684,823,2.802010050251256,"{0: 0, 1: 172, 2: 1, 3: 674, 4: 148}","{0: 0.0, 1: 0.1728643216080402, 2: 0.0010050251256281408, 3: 0.6773869346733669, 4: 0.1487437185929648}",124109.19900000028,50.51249450549462,68355.266,50.89744303797469,1343,398.53398296066314,329.64167635841784,49710.284823645896,27378.790367151356,1.029099866587393,0.000814000814000814,502,201.06940647864613
5482,2400108,2400108,桜上水,,,24001,13,156-0045,世田谷区桜上水５-２９-５２,139.63129,35.66768,0000-00-00,0000-00-00,0,2400108,1049,2503,4.772163965681601,845,2.7283126787416587,"{0: 0, 1: 204, 2: 2, 3: 722, 4: 117, 5: 4}","{0: 0.0, 1: 0.19447092469018112, 2: 0.0019065776930409914, 3: 0.6882745471877979, 4: 0.111534795042898, 5: 0.0038131553860819827}",123693.21900000004,49.41798601677988,67381.35499999992,48.86247643219719,1379,421.71472353954744,339.70347129734756,49726.64600028762,27088.37892806966,1.036530924647884,0.0015980823012385138,493,198.1938595853164
5483,2400109,2400109,上北沢,,,24001,13,156-0057,世田谷区上北沢４-１４-３,139.62329,35.668857,0000-00-00,0000-00-00,0,2400109,1031,2466,4.783705140640155,846,2.73811833171678,"{0: 0, 1: 185, 2: 5, 3: 738, 4: 101, 5: 2}","{0: 0.0, 1: 0.17943743937924345, 2: 0.004849660523763337, 3: 0.7158098933074685, 4: 0.0979631425800194, 5: 0.0019398642095053346}",124217.32700000015,50.37198986212496,69500.91299999993,50.80476096491223,1368,421.2715608031776,345.6796706493581,50755.79750154098,28398.407465330576,1.046113936308948,0.0008110300081103001,454,185.50658448558934
5484,2400110,2400110,八幡山,,,24001,13,168-0074,杉並区上高井戸１-１-１１,139.614927,35.669982,0000-00-00,0000-00-00,0,2400110,872,2036,4.669724770642202,725,2.748853211009174,"{0: 0, 1: 147, 2: 3, 3: 644, 4: 78}","{0: 0.0, 1: 0.16857798165137614, 2: 0.0034403669724770644, 3: 0.7385321100917431, 4: 0.08944954128440367}",109729.04300000024,53.89442190569756,63096.91699999994,54.96247125435535,1148,351.07445254633615,291.8910299267129,44177.825343645025,25403.343570110766,1.0630824445121354,0.0009823182711198428,375,150.97811892761015
5485,2400111,2400111,芦花公園,,,24001,13,157-0062,世田谷区南烏山３-１-１６,139.608247,35.670479,0000-00-00,0000-00-00,0,2400111,920,2228,4.843478260869565,767,2.7717391304347827,"{0: 0, 1: 153, 2: 3, 3: 665, 4: 99}","{0: 0.0, 1: 0.16630434782608697, 2: 0.003260869565217391, 3: 0.7228260869565217, 4: 0.10760869565217392}",120385.08400000032,54.032802513465136,66936.15499999991,54.77590425531908,1222,367.7650512973807,306.6041242881424,48123.28977467348,26757.367910026514,1.0515140871089654,0.0,429,171.49044239845253
5486,2400112,2400112,千歳烏山,,,24001,13,157-0062,世田谷区南烏山６-１-１,139.60067,35.667921,0000-00-00,0000-00-00,0,2400112,769,1988,5.1703511053316,666,2.846553966189857,"{0: 0, 1: 103, 2: 3, 3: 572, 4: 91}","{0: 0.0, 1: 0.13394018205461639, 2: 0.0039011703511053317, 3: 0.7438231469440832, 4: 0.11833550065019506}",115850.9180000001,58.27510965794774,61373.43599999997,58.284364672364646,1053,317.04718754027533,274.5818295212267,47763.59912335382,25303.348860186055,1.0501232607779711,0.001006036217303823,435,179.3439877503508
5487,2400113,2400113,仙川,,,24001,13,182-0002,調布市仙川町１-４３,139.584908,35.662257,0000-00-00,0000-00-00,0,2400113,622,1603,5.154340836012862,527,2.807073954983923,"{0: 0, 1: 95, 2: 1, 3: 455, 4: 71}","{0: 0.0, 1: 0.1527331189710611, 2: 0.001607717041800643, 3: 0.7315112540192926, 4: 0.11414790996784566}",94780.06200000008,59.12667623206493,49925.743000000046,59.57725894988072,838,275.51334600883996,233.43333335475668,41982.591666471584,22114.48312846854,1.0623054921225061,0.0012476606363069245,329,145.7297280336147
5488,2400114,2400114,つつじヶ丘,,,24001,13,182-0006,東京都調布市西つつじヶ丘三丁目35-1,139.575103,35.657936,0000-00-00,0000-00-00,0,2400114,828,2163,5.22463768115942,698,2.778985507246377,"{0: 0, 1: 130, 2: 1, 3: 621, 4: 74, 5: 2}","{0: 0.0, 1: 0.1570048309178744, 2: 0.0012077294685990338, 3: 0.75, 4: 0.0893719806763285, 5: 0.0024154589371980675}",122149.45900000013,56.47224179380496,62958.389,56.821650722021666,1108,331.9170286410265,279.80445168047885,48965.5621755905,25237.876092881506,1.0543815939711556,0.0009246417013407304,422,169.16544213347
5489,2400115,2400115,柴崎,,,24001,13,182-0007,調布市菊野台２-６７-１１,139.56658,35.653997,0000-00-00,0000-00-00,0,2400115,814,2132,5.238329238329238,675,2.7542997542997543,"{0: 0, 1: 139, 2: 0, 3: 598, 4: 76, 5: 1}","{0: 0.0, 1: 0.17076167076167076, 2: 0.0, 3: 0.7346437346437347, 4: 0.09336609336609336, 5: 0.0012285012285012285}",114711.35699999963,53.804576454033594,58232.28399999993,53.71981918819181,1084,325.10186581126817,269.58692803759953,45814.344214302655,23257.277860997096,1.0534660733314352,0.0,393,156.95950032411352
5490,2400116,2400116,国領,,,24001,13,182-0022,調布市国領町３-１８-１,139.558036,35.650087,0000-00-00,0000-00-00,0,2400116,784,2025,5.165816326530612,653,2.7716836734693877,"{0: 0, 1: 131, 2: 0, 3: 571, 4: 81, 5: 1}","{0: 0.0, 1: 0.16709183673469388, 2: 0.0, 3: 0.7283163265306123, 4: 0.10331632653061225, 5: 0.0012755102040816326}",114800.43199999978,56.69157135802458,58766.58299999994,56.506329807692254,1040,313.00531112237167,260.7046787792203,45833.093029518626,23462.056882032728,1.0509200911776233,0.0,417,166.4836922678941
5491,2400117,2400117,布田,,,24001,13,182-0022,調布市国領町５-６７-１,139.551557,35.649904,0000-00-00,0000-00-00,0,2400117,781,2093,5.359795134443022,673,2.852752880921895,"{0: 0, 1: 108, 2: 6, 3: 561, 4: 105, 5: 1}","{0: 0.0, 1: 0.1382842509603073, 2: 0.0076824583866837385, 3: 0.7183098591549296, 4: 0.13444302176696543, 5: 0.0012804097311139564}",120587.34799999993,57.614595317725716,61717.72799999996,57.41183999999996,1075,320.4388266119964,276.1271834953567,49476.143786648456,25322.351269498515,1.0490361366748304,0.0,422,173.14364254835144
5492,2400118,2400118,調布,,,24001,13,182-0024,調布市布田４-３２-１,139.543988,35.652181,0000-00-00,0000-00-00,0,2400118,684,1816,5.309941520467836,594,2.8523391812865495,"{0: 0, 1: 90, 2: 7, 3: 502, 4: 84, 5: 1}","{0: 0.0, 1: 0.13157894736842105, 2: 0.01023391812865497, 3: 0.7339181286549707, 4: 0.12280701754385964, 5: 0.0014619883040935672}",107487.22999999997,59.18900330396474,55790.12400000003,59.60483333333337,936,274.55209048329806,238.42681541970623,43144.50832859512,22393.70639257665,1.0466894510182452,0.0,377,151.32476332193477
5493,2400119,2400119,西調布,,,24001,13,182-0035,調布市上石原１-２５-１７,139.529822,35.657169,0000-00-00,0000-00-00,0,2400119,639,1657,5.18622848200313,541,2.8262910798122065,"{0: 0, 1: 98, 2: 1, 3: 457, 4: 80, 5: 3}","{0: 0.0, 1: 0.15336463223787167, 2: 0.001564945226917058, 3: 0.7151799687010955, 4: 0.12519561815336464, 5: 0.004694835680751174}",104202.79700000012,62.88641943270979,55104.72999999993,64.14986030267745,859,255.00174943016128,215.89349990879072,41583.56108061971,21990.301333140334,1.0484979394529261,0.0,354,141.2685748016856
5494,2400120,2400120,飛田給,,,24001,13,182-0036,調布市飛田給１-４２-１１,139.523666,35.660121,0000-00-00,0000-00-00,0,2400120,582,1460,5.017182130584192,461,2.7147766323024056,"{0: 0, 1: 121, 2: 1, 3: 384, 4: 75, 5: 1}","{0: 0.0, 1: 0.20790378006872853, 2: 0.001718213058419244, 3: 0.6597938144329897, 4: 0.12886597938144329, 5: 0.001718213058419244}",88559.94900000015,60.6574993150686,46113.80999999991,60.91652575957716,757,258.47659988784596,204.73833771185048,39331.05584838674,20479.96703895898,1.0386779374533728,0.0,290,128.79418207469988
5495,2400121,2400121,武蔵野台,,,24001,13,183-0011,府中市白糸台４-１８-４,139.511289,35.664159,0000-00-00,0000-00-00,0,2400121,572,1407,4.919580419580419,440,2.6695804195804196,"{0: 0, 1: 132, 2: 2, 3: 363, 4: 74, 5: 0, 6: 1}","{0: 0.0, 1: 0.23076923076923078, 2: 0.0034965034965034965, 3: 0.6346153846153846, 4: 0.12937062937062938, 5: 0.0, 6: 0.0017482517482517483}",93229.95899999989,66.26152025586346,49000.084999999985,67.30780906593405,728,238.49911151399755,183.46085501076735,38872.83634263355,20430.90338568244,1.0461135485362185,0.0014214641080312722,304,126.7547725528938
5496,2400122,2400122,多磨霊園,,,24001,13,183-0015,府中市清水が丘３-２６-１１,139.502615,35.666197,0000-00-00,0000-00-00,0,2400122,642,1696,5.283489096573208,547,2.8629283489096573,"{0: 0, 1: 95, 2: 3, 3: 439, 4: 105}","{0: 0.0, 1: 0.14797507788161993, 2: 0.004672897196261682, 3: 0.6838006230529595, 4: 0.16355140186915887}",109584.7689999998,64.61366096698102,57483.78899999993,65.39680204778149,879,262.232838847154,223.4289140956281,44761.25400199306,23479.96445040621,1.054566791779793,0.0023584905660377358,361,147.45491405579844
5497,2400123,2400123,東府中,,,24001,13,183-0015,府中市清水が丘１-８-３,139.495257,35.668766,0000-00-00,0000-00-00,0,2400123,594,1627,5.478114478114478,534,2.994949494949495,"{0: 0, 1: 60, 2: 3, 3: 411, 4: 120}","{0: 0.0, 1: 0.10101010101010101, 2: 0.005050505050505051, 3: 0.6919191919191919, 4: 0.20202020202020202}",99188.65199999977,60.96413767670545,52883.90799999991,61.70817736289371,857,251.41363811637214,226.01832113492043,41982.12097504834,22383.39344796548,1.0564433141425427,0.001229256299938537,346,146.44632792637165
5498,2400124,2400124,府中,,,24001,13,183-0023,府中市宮町１-１-１０,139.4799,35.672245,0000-00-00,0000-00-00,0,2400124,526,1459,5.547528517110266,501,3.1311787072243344,"{0: 0, 1: 25, 2: 1, 3: 381, 4: 118, 5: 1}","{0: 0.0, 1: 0.04752851711026616, 2: 0.0019011406844106464, 3: 0.7243346007604563, 4: 0.22433460076045628, 5: 0.0019011406844106464}",92573.79299999998,63.45016655243316,50315.126999999986,63.609515802781274,791,232.8876171472947,221.8188140509404,40987.24346398651,22277.12934124241,1.034957439141855,0.0,350,154.96324334896036
5499,2400125,1130321,分倍河原,,,24001,13,183-0021,府中市片町２丁目,139.468798,35.668493,0000-00-00,0000-00-00,0,2400125,596,1624,5.449664429530201,521,2.865771812080537,"{0: 0, 1: 75, 2: 3, 3: 446, 4: 71, 5: 1}","{0: 0.0, 1: 0.12583892617449666, 2: 0.0050335570469798654, 3: 0.7483221476510067, 4: 0.11912751677852348, 5: 0.0016778523489932886}",104130.03299999969,64.11947844827567,52589.34399999994,64.05523020706448,821,238.8793177557972,208.81900092411132,41735.75711565197,21078.031234806902,1.075274722517783,0.0024630541871921183,365,146.29354191420467
5500,2400126,2400126,中河原,,,24001,13,183-0034,府中市住吉町２-１-１６,139.457602,35.659549,0000-00-00,0000-00-00,0,2400126,464,1268,5.4655172413793105,416,2.913793103448276,"{0: 0, 1: 48, 2: 0, 3: 361, 4: 54, 5: 1}","{0: 0.0, 1: 0.10344827586206896, 2: 0.0, 3: 0.7780172413793104, 4: 0.11637931034482758, 5: 0.0021551724137931034}",87727.66099999996,69.18585252365928,45251.40400000006,69.08611297709933,655,240.10255437829966,215.2643590977859,45395.766154598125,23415.90019311298,1.079760047985642,0.002365930599369085,285,147.47678447805043
5501,2400127,2400127,聖蹟桜ヶ丘,,,24001,13,206-0011,東京都多摩市関戸一丁目10-10,139.446979,35.650814,0000-00-00,0000-00-00,0,2400127,493,1277,5.18052738336714,427,2.874239350912779,"{0: 0, 1: 66, 2: 2, 3: 356, 4: 66, 5: 3}","{0: 0.0, 1: 0.13387423935091278, 2: 0.004056795131845842, 3: 0.7221095334685599, 4: 0.13387423935091278, 5: 0.006085192697768763}",80416.87900000018,62.97328034455769,43341.79799999998,63.92595575221236,678,258.1248124135543,223.56854949409268,42104.64869525059,22692.88738015448,1.0636076411994062,0.0,283,148.17306676072184
5502,2400128,2400128,百草園,,,24001,13,191-0033,日野市百草２０９,139.431285,35.657362,0000-00-00,0000-00-00,0,2400128,452,1136,5.0265486725663715,363,2.7234513274336285,"{0: 0, 1: 89, 2: 0, 3: 314, 4: 45, 5: 4}","{0: 0.0, 1: 0.19690265486725664, 2: 0.0, 3: 0.6946902654867256, 4: 0.09955752212389381, 5: 0.008849557522123894}",71364.09699999997,62.82050792253518,36867.60200000003,62.70000340136059,588,226.26850971938578,181.71563944278105,35724.44220278691,18455.702127140383,1.0744665575475085,0.0,241,120.64316558046896
5503,2400129,2400129,高幡不動,,,24001,13,191-0031,日野市高幡１３９,139.412953,35.662361,0000-00-00,0000-00-00,0,2400129,631,1683,5.334389857369255,546,2.911251980982567,"{0: 0, 1: 85, 2: 0, 3: 432, 4: 114}","{0: 0.0, 1: 0.1347068145800317, 2: 0.0, 3: 0.6846275752773375, 4: 0.18066561014263074}",100436.73699999998,59.677205585264396,52449.799000000065,59.466892290249504,882,266.31526860196294,230.44078709456699,42389.59840199636,22136.580521083968,1.0502759478730095,0.0,361,152.3610332255287
5504,2400130,2400130,南平,,,24001,13,191-0041,日野市南平６-９-３１,139.392008,35.654559,0000-00-00,0000-00-00,0,2400130,573,1591,5.553228621291448,517,2.973821989528796,"{0: 0, 1: 56, 2: 0, 3: 422, 4: 93, 5: 2}","{0: 0.0, 1: 0.09773123909249563, 2: 0.0, 3: 0.7364746945898778, 4: 0.16230366492146597, 5: 0.0034904013961605585}",102296.0100000001,64.29667504714023,52697.00899999996,64.65890674846621,815,260.02845680662006,234.61555352359963,46422.118006587436,23913.999875383175,1.07195749533189,0.00251414204902577,368,166.9990787169916
5505,2400131,2400131,平山城址公園,,,24001,13,191-0043,日野市平山５-１８-１０,139.379926,35.647371,0000-00-00,0000-00-00,0,2400131,641,1819,5.675507020280811,574,2.985959438377535,"{0: 0, 1: 67, 2: 0, 3: 450, 4: 123, 5: 1}","{0: 0.0, 1: 0.10452418096723869, 2: 0.0, 3: 0.7020280811232449, 4: 0.1918876755070203, 5: 0.0015600624024961}",111178.81299999995,61.120842770753136,56298.31899999997,61.06108351409975,922,274.73954393435906,246.02261812530747,47652.44364864801,24130.069401452496,1.0447337425838594,0.0,423,181.30238234669872
5506,2400132,2400132,長沼,,,24001,13,192-0907,八王子市長沼町７００,139.365849,35.642788,0000-00-00,0000-00-00,0,2400132,510,1409,5.525490196078431,452,2.9490196078431374,"{0: 0, 1: 58, 2: 1, 3: 360, 4: 91}","{0: 0.0, 1: 0.11372549019607843, 2: 0.00196078431372549, 3: 0.7058823529411765, 4: 0.1784313725490196}",90205.50899999998,64.02094322214334,46043.193999999974,64.30613687150834,716,206.53610364082405,183.04768401108328,36530.77324666134,18646.238995957967,1.04787268942522,0.0,326,132.02111722923263
5507,2400133,2400133,北野,,,24001,13,192-0911,八王子市打越町３３５-１,139.354489,35.644479,0000-00-00,0000-00-00,0,2400133,673,1814,5.390787518573552,600,2.976225854383358,"{0: 0, 1: 73, 2: 1, 3: 473, 4: 122, 5: 3, 6: 1}","{0: 0.0, 1: 0.10846953937592868, 2: 0.0014858841010401188, 3: 0.7028231797919762, 4: 0.1812778603268945, 5: 0.004457652303120356, 6: 0.0014858841010401188}",113981.9839999998,62.834610804851046,62067.40000000003,64.78851774530274,958,283.664484524751,252.89552855104102,48042.556814960415,26160.946547981486,1.0499271854805436,0.0011025358324145535,411,173.2334370574631
5508,2400134,2400134,京王八王子,,,24001,13,192-0046,八王子市明神町３-２７-１,139.343851,35.657416,0000-00-00,0000-00-00,0,2400134,618,1791,5.796116504854369,588,3.1957928802588995,"{0: 0, 1: 30, 2: 3, 3: 409, 4: 168, 5: 8}","{0: 0.0, 1: 0.04854368932038835, 2: 0.0048543689320388345, 3: 0.6618122977346278, 4: 0.27184466019417475, 5: 0.012944983818770227}",107105.51799999984,59.80207593523162,56992.69299999994,60.11887447257378,948,247.79310632470342,235.76431475554307,42944.99839763171,22851.77416873813,1.0155734897316262,0.0,420,168.40308196824503
5553,2500101,1130208,新宿,,,25001,13,160-0023,東京都新宿区西新宿一丁目1-3,139.699574,35.691435,0000-00-00,0000-00-00,0,2500101,704,1545,4.389204545454546,678,3.210227272727273,"{0: 0, 1: 26, 2: 3, 3: 487, 4: 175, 5: 12, 6: 0, 7: 1}","{0: 0.0, 1: 0.036931818181818184, 2: 0.004261363636363636, 3: 0.6917613636363636, 4: 0.24857954545454544, 5: 0.017045454545454544, 6: 0.0, 7: 0.0014204545454545455}",89509.20400000017,57.93475987055027,64773.621999999974,59.9755759259259,1080,290.5408390625369,279.8106376198864,36940.45345735772,26732.07739346533,1.0189380752162258,0.0,394,162.6038218617039
5554,2500102,2500102,南新宿,,,25001,13,151-0053,渋谷区代々木２丁目,139.69867,35.683483,0000-00-00,0000-00-00,0,2500102,588,1437,4.887755102040816,535,3.0238095238095237,"{0: 0, 1: 53, 2: 1, 3: 417, 4: 113, 5: 4}","{0: 0.0, 1: 0.09013605442176871, 2: 0.0017006802721088435, 3: 0.7091836734693877, 4: 0.1921768707482993, 5: 0.006802721088435374}",83268.94999999982,57.94638135003467,51130.11000000003,60.869178571428606,840,238.33556217539598,216.85293497251163,33751.61906463418,20724.699848537148,1.0311516897426225,0.0,310,125.65310250743666
5555,2500103,2500103,参宮橋,,,25001,13,151-0053,渋谷区代々木４丁目,139.693568,35.678586,0000-00-00,0000-00-00,0,2500103,554,1364,4.924187725631769,494,2.916967509025271,"{0: 0, 1: 60, 2: 3, 3: 415, 4: 75, 5: 1}","{0: 0.0, 1: 0.10830324909747292, 2: 0.005415162454873646, 3: 0.7490974729241877, 4: 0.13537906137184116, 5: 0.0018050541516245488}",85341.59300000005,62.56715029325517,52797.685000000005,68.39078367875648,772,289.2932048970317,257.96181086486223,44564.51796026734,27570.417878689426,1.0398194335987414,0.0,299,156.13478026031137
5556,2500104,2500104,代々木八幡,,,25001,13,151-0053,渋谷区代々木５丁目,139.688913,35.669715,0000-00-00,0000-00-00,0,2500104,663,1625,4.901960784313726,590,2.9155354449472095,"{0: 0, 1: 73, 2: 6, 3: 490, 4: 92, 5: 2}","{0: 0.0, 1: 0.11010558069381599, 2: 0.00904977375565611, 3: 0.7390648567119156, 4: 0.138763197586727, 5: 0.0030165912518853697}",91995.41399999993,56.61256246153842,53347.65899999998,57.79811375947993,923,308.7664372898916,274.76952941332735,42843.28239485459,24844.59518429263,1.042390190744582,0.0024615384615384616,356,165.7931397816009
5557,2500105,2500105,代々木上原,,,25001,13,151-0066,渋谷区西原３丁目,139.680153,35.669159,0000-00-00,0000-00-00,0,2500105,879,2231,5.076222980659841,790,2.931740614334471,"{0: 0, 1: 89, 2: 6, 3: 662, 4: 120, 5: 2}","{0: 0.0, 1: 0.1012514220705347, 2: 0.006825938566552901, 3: 0.7531285551763367, 4: 0.13651877133105803, 5: 0.0022753128555176336}",123151.83599999991,55.20028507395782,69973.80400000008,56.113716118684906,1247,357.11412507659605,320.95581207111593,50033.28801446691,28428.479856360915,1.0346697462545573,0.0017929179740026895,466,189.32330180397472
5558,2500106,2500106,東北沢,,,25001,13,155-0031,世田谷区北沢３丁目,139.673014,35.665379,0000-00-00,0000-00-00,0,2500106,1067,2709,5.077788191190253,931,2.860356138706654,"{0: 0, 1: 136, 2: 8, 3: 795, 4: 126, 5: 1, 6: 1}","{0: 0.0, 1: 0.1274601686972821, 2: 0.007497656982193065, 3: 0.7450796626054358, 4: 0.11808809746954077, 5: 0.0009372071227741331, 6: 0.0009372071227741331}",130669.23400000008,48.23522849760062,70643.4250000001,48.08946562287277,1469,428.84115211871756,374.180986525329,52517.66153236207,28392.509621942136,1.0337764857456366,0.0,496,199.34883922294648
5559,2500107,2400605,下北沢,,,25001,13,155-0031,世田谷区北沢２丁目,139.667516,35.661655,0000-00-00,0000-00-00,0,2500107,1248,3222,5.163461538461538,1086,2.8830128205128207,"{0: 0, 1: 162, 2: 9, 3: 892, 4: 184, 5: 0, 6: 1}","{0: 0.0, 1: 0.12980769230769232, 2: 0.007211538461538462, 3: 0.7147435897435898, 4: 0.14743589743589744, 5: 0.0, 6: 0.0008012820512820513}",150406.10300000035,46.68097548106777,81587.80899999992,46.67494794050339,1748,496.413672597384,431.9753593275313,59826.63940007259,32452.96787248707,1.0359600675722391,0.0,581,231.1028395665706
5560,2500108,2500108,世田谷代田,,,25001,13,155-0033,世田谷区代田２丁目,139.661557,35.65834,0000-00-00,0000-00-00,0,2500108,1203,3134,5.210307564422278,1054,2.9551122194513715,"{0: 0, 1: 149, 2: 7, 3: 798, 4: 248, 5: 0, 6: 1}","{0: 0.0, 1: 0.12385702410640066, 2: 0.005818786367414797, 3: 0.6633416458852868, 4: 0.20615128844555278, 5: 0.0, 6: 0.0008312551953449709}",148240.04300000035,47.300588066368974,80808.0100000001,47.090914918414974,1716,478.5162683360565,419.2486673534527,58965.31354475206,32142.932166968232,1.0289485711406745,0.0,633,251.78786189253847
5561,2500109,2500109,梅ヶ丘,,,25001,13,154-0022,東京都世田谷区梅丘,139.653628,35.656024,0000-00-00,0000-00-00,0,2500109,1214,3179,5.237232289950577,1057,2.9365733113673804,"{0: 0, 1: 157, 2: 3, 3: 814, 4: 240}","{0: 0.0, 1: 0.12932454695222406, 2: 0.002471169686985173, 3: 0.6705107084019769, 4: 0.19769357495881384}",146865.14700000046,46.198536332180076,79789.30300000019,46.120984393063694,1730,481.16188577673086,418.9358428879774,58209.15245914087,31624.02923911949,1.0266848531681982,0.0,625,247.7151388883499
5562,2500110,2500110,豪徳寺,,,25001,13,154-0021,世田谷区豪徳寺１丁目,139.647381,35.653807,0000-00-00,0000-00-00,0,2500110,1015,2752,5.422660098522168,901,3.0167487684729064,"{0: 0, 1: 114, 2: 6, 3: 646, 4: 247, 5: 2}","{0: 0.0, 1: 0.1123152709359606, 2: 0.005911330049261084, 3: 0.6364532019704433, 4: 0.24334975369458128, 5: 0.0019704433497536944}",136446.55200000026,49.580869186046606,72840.04500000016,49.349623983739946,1476,403.8512713127228,358.4926063574022,54289.766986638075,28981.817513030543,1.0271241521358263,0.0,561,223.21237754328817
5563,2500111,2500111,経堂,,,25001,13,156-0052,世田谷区経堂１丁目,139.635993,35.650991,0000-00-00,0000-00-00,0,2500111,988,2629,5.321862348178137,869,2.9746963562753037,"{0: 0, 1: 119, 2: 4, 3: 652, 4: 209, 5: 4}","{0: 0.0, 1: 0.12044534412955465, 2: 0.004048582995951417, 3: 0.659919028340081, 4: 0.21153846153846154, 5: 0.004048582995951417}",135952.9910000002,51.71281513883614,72704.76900000007,51.272756699576924,1418,394.4647522954354,346.9533094582321,54280.02319700267,29027.80232214765,1.0334412232906987,0.0,570,227.57581863198195
5564,2500112,2500112,千歳船橋,,,25001,13,156-0055,世田谷区船橋１丁目,139.624544,35.647616,0000-00-00,0000-00-00,0,2500112,944,2432,5.1525423728813555,847,2.9364406779661016,"{0: 0, 1: 97, 2: 0, 3: 714, 4: 132, 5: 1}","{0: 0.0, 1: 0.1027542372881356, 2: 0.0, 3: 0.7563559322033898, 4: 0.13983050847457626, 5: 0.001059322033898305}",127653.93100000024,52.48928083881589,69970.87400000013,52.373408682634825,1336,379.2235295998696,340.2567050541203,51281.116823218545,28108.688355368427,1.034495799238733,0.0,544,218.5355933287384
5565,2500113,2500113,祖師ヶ谷大蔵,,,25001,13,157-0072,東京都世田谷区祖師谷1丁目,139.609659,35.643236,0000-00-00,0000-00-00,0,2500113,902,2355,5.221729490022173,808,2.9556541019955653,"{0: 0, 1: 94, 2: 2, 3: 662, 4: 138, 5: 6}","{0: 0.0, 1: 0.10421286031042129, 2: 0.0022172949002217295, 3: 0.7339246119733924, 4: 0.15299334811529933, 5: 0.0066518847006651885}",125401.36800000018,53.24898853503192,67515.788,52.459819735819735,1287,365.27484012387646,327.2085042351354,50782.66590633643,27341.262380862012,1.0457964699329685,0.0,501,202.88547106658768
5566,2500114,2500114,成城学園前,,,25001,13,157-0066,世田谷区成城６丁目,139.598958,35.640114,0000-00-00,0000-00-00,0,2500114,614,1512,4.925081433224756,524,2.9218241042345277,"{0: 0, 1: 90, 2: 2, 3: 389, 4: 132, 5: 1}","{0: 0.0, 1: 0.1465798045602606, 2: 0.003257328990228013, 3: 0.6335504885993485, 4: 0.21498371335504887, 5: 0.0016286644951140066}",94405.13300000009,62.43725727513233,53873.26699999993,62.93605957943917,856,248.244499381741,211.85686917920566,38168.65632027964,21781.339082204966,1.044970933616898,0.0,378,152.82804685064838
5567,2500115,2500115,喜多見,,,25001,13,157-0067,世田谷区喜多見９丁目,139.587445,35.636697,0000-00-00,0000-00-00,0,2500115,816,2076,5.088235294117647,670,2.764705882352941,"{0: 0, 1: 146, 2: 1, 3: 569, 4: 99, 5: 1}","{0: 0.0, 1: 0.17892156862745098, 2: 0.0012254901960784314, 3: 0.6973039215686274, 4: 0.1213235294117647, 5: 0.0012254901960784314}",112647.01400000005,54.261567437379604,59458.72399999999,54.9526099815157,1082,330.5477907734643,271.4056615419376,45631.39903790138,24085.722868148478,1.0549299083797,0.002890173410404624,433,175.4009723099388
5568,2500116,2500116,狛江,,,25001,13,201-0014,狛江市東和泉１丁目,139.577127,35.632001,0000-00-00,0000-00-00,0,2500116,770,1988,5.163636363636364,653,2.8415584415584414,"{0: 0, 1: 117, 2: 1, 3: 541, 4: 109, 5: 2}","{0: 0.0, 1: 0.15194805194805194, 2: 0.0012987012987012987, 3: 0.7025974025974026, 4: 0.14155844155844155, 5: 0.0025974025974025974}",109090.42099999973,54.874457243460625,58133.58800000007,55.260064638783334,1052,318.42015913643127,270.0368362546618,45112.45352607818,24040.138106664614,1.0479445752204741,0.002012072434607646,412,170.37546177170088
5569,2500117,2500117,和泉多摩川,,,25001,13,201-0014,狛江市東和泉４丁目,139.573695,35.627349,0000-00-00,0000-00-00,0,2500117,568,1495,5.264084507042254,509,2.966549295774648,"{0: 0, 1: 59, 2: 1, 3: 409, 4: 98, 5: 1}","{0: 0.0, 1: 0.10387323943661972, 2: 0.0017605633802816902, 3: 0.7200704225352113, 4: 0.17253521126760563, 5: 0.0017605633802816902}",85698.81500000003,57.32362207357862,46783.447000000015,58.33347506234416,802,244.6070562928221,219.1989289666311,36905.8712410795,20147.114883628983,1.0321741217203952,0.0013377926421404682,328,141.2519620845874
5570,2500118,1130314,登戸,,,25001,14,214-0014,川崎市多摩区登戸,139.569449,35.62115,0000-00-00,0000-00-00,0,2500118,601,1592,5.29783693843594,510,2.8835274542429286,"{0: 0, 1: 91, 2: 0, 3: 400, 4: 108, 5: 2}","{0: 0.0, 1: 0.15141430948419302, 2: 0.0, 3: 0.6655574043261231, 4: 0.17970049916805325, 5: 0.0033277870216306157}",95421.54400000007,59.93815577889451,50711.85600000004,60.951750000000054,832,246.672234897687,209.32252878173105,39164.468412425944,20813.98811202943,1.0289655135505364,0.0,366,150.21969712571288
5571,2500119,2500119,向ヶ丘遊園,,,25001,14,214-0014,神奈川県川崎市多摩区登戸,139.564719,35.617273,0000-00-00,0000-00-00,0,2500119,608,1575,5.180921052631579,501,2.8190789473684212,"{0: 0, 1: 107, 2: 0, 3: 401, 4: 96, 5: 4}","{0: 0.0, 1: 0.17598684210526316, 2: 0.0, 3: 0.6595394736842105, 4: 0.15789473684210525, 5: 0.006578947368421052}",97897.00100000009,62.15682603174609,51226.21800000007,62.24327825030386,823,269.1795167344341,221.80746362492022,43341.88720218822,22679.356258836826,1.0417201016485738,0.0012698412698412698,343,151.8562076314324
5572,2500120,2500120,生田,,,25001,14,214-0038,川崎市多摩区生田７丁目,139.542024,35.614954,0000-00-00,0000-00-00,0,2500120,511,1415,5.538160469667319,442,2.8649706457925634,"{0: 0, 1: 69, 2: 1, 3: 371, 4: 70}","{0: 0.0, 1: 0.1350293542074364, 2: 0.0019569471624266144, 3: 0.726027397260274, 4: 0.136986301369863}",97162.67500000015,68.66620141342767,48721.509000000005,68.71863046544429,709,217.2844437924754,187.94466566785542,41314.94676079078,20717.076289227174,1.0939067256328567,0.0,318,135.21810787868333
5573,2500121,2500121,読売ランド前,,,25001,14,214-0037,川崎市多摩区西生田,139.527903,35.614723,0000-00-00,0000-00-00,0,2500121,734,1862,5.073569482288828,571,2.653950953678474,"{0: 0, 1: 163, 2: 0, 3: 499, 4: 72}","{0: 0.0, 1: 0.2220708446866485, 2: 0.0, 3: 0.6798365122615804, 4: 0.09809264305177112}",103259.21199999978,55.45607518796981,51629.60599999999,55.456075187969915,931,302.8032879218446,235.55950599914618,42598.40449839064,21299.20224919536,1.0817973701470691,0.0010741138560687433,347,143.15087317286117
5574,2500122,2500122,百合ヶ丘,,,25001,14,215-0011,川崎市麻生区百合丘一丁目21番1号,139.516121,35.60903,0000-00-00,0000-00-00,0,2500122,942,2346,4.980891719745223,707,2.589171974522293,"{0: 0, 1: 235, 2: 1, 3: 624, 4: 80, 5: 2}","{0: 0.0, 1: 0.2494692144373673, 2: 0.0010615711252653928, 3: 0.6624203821656051, 4: 0.08492569002123142, 5: 0.0021231422505307855}",128306.85400000015,54.69175362318847,64605.408000000054,54.75034576271191,1180,377.81349497625,283.5606591806887,51460.78655960456,25911.671964805308,1.0764537998641641,0.0,440,176.47339468105096
5575,2500123,2500123,新百合ヶ丘,,,25001,14,215-0004,川崎市麻生区万福寺一丁目18番1号,139.507608,35.603705,0000-00-00,0000-00-00,0,2500123,689,1833,5.320754716981132,576,2.830188679245283,"{0: 0, 1: 113, 2: 3, 3: 463, 4: 108, 5: 2}","{0: 0.0, 1: 0.16400580551523947, 2: 0.0043541364296081275, 3: 0.6719883889695211, 4: 0.1567489114658926, 5: 0.002902757619738752}",114865.511,62.66530878341516,58228.971000000005,62.67919375672767,929,279.0139948755316,233.25407989594513,46515.362986254455,23580.11294078589,1.0796954738513729,0.0016366612111292963,414,167.65136992521056
5576,2500124,2500124,柿生,,,25001,14,215-0021,川崎市麻生区上麻生,139.497614,35.589597,0000-00-00,0000-00-00,0,2500124,542,1387,5.118081180811808,426,2.708487084870849,"{0: 0, 1: 116, 2: 1, 3: 350, 4: 75}","{0: 0.0, 1: 0.2140221402214022, 2: 0.0018450184501845018, 3: 0.6457564575645757, 4: 0.13837638376383765}",97541.19099999998,70.32529992790192,49336.92999999996,70.28052706552701,702,222.77343403006955,175.0949868944827,40091.48722961791,20278.519041699536,1.111476255417463,0.0014419610670511895,326,133.99287729483888
5577,2500125,2500125,鶴川,,,25001,13,195-0053,町田市能ケ谷町,139.481759,35.583077,0000-00-00,0000-00-00,0,2500125,513,1293,5.04093567251462,403,2.695906432748538,"{0: 0, 1: 110, 2: 1, 3: 339, 4: 61, 5: 2}","{0: 0.0, 1: 0.21442495126705652, 2: 0.001949317738791423, 3: 0.6608187134502924, 4: 0.1189083820662768, 5: 0.003898635477582846}",95661.96599999974,73.98450580046384,48287.264999999985,73.72101526717555,655,206.6849051231017,162.3665044144444,38541.68492514488,19454.675994501104,1.1195118266181208,0.0015467904098994587,290,116.83942005009646
5578,2500126,2500126,玉川学園前,,,25001,13,194-0041,町田市玉川学園２丁目,139.463388,35.563486,0000-00-00,0000-00-00,0,2500126,708,1814,5.124293785310734,574,2.7048022598870056,"{0: 0, 1: 134, 2: 1, 3: 513, 4: 60}","{0: 0.0, 1: 0.18926553672316385, 2: 0.0014124293785310734, 3: 0.7245762711864406, 4: 0.0847457627118644}",104496.424,57.60552590959206,53155.88300000006,57.84100435255719,919,313.4628177325577,254.13510929164988,46265.17444917524,23534.453198082178,1.082602917796259,0.0011025358324145535,413,182.85331034399198
5579,2500127,1130611,町田,,,25001,13,194-0013,町田市原町田１丁目,139.445236,35.544222,0000-00-00,0000-00-00,0,2500127,680,1809,5.320588235294117,594,2.9779411764705883,"{0: 0, 1: 86, 2: 2, 3: 440, 4: 148, 5: 1, 6: 3}","{0: 0.0, 1: 0.1264705882352941, 2: 0.0029411764705882353, 3: 0.6470588235294118, 4: 0.21764705882352942, 5: 0.0014705882352941176, 6: 0.004411764705882353}",108240.38600000006,59.834375898286375,58470.948000000004,60.279327835051554,970,271.5937276718957,237.24510917221477,43231.48517409542,23353.445187984667,1.0343408815970714,0.0,412,164.55384676591328
5580,2500128,2500128,相模大野,,,25001,14,252-0303,相模原市南区相模大野三丁目8番1号,139.437836,35.532208,0000-00-00,0000-00-00,0,2500128,658,1788,5.434650455927052,593,2.978723404255319,"{0: 0, 1: 65, 2: 0, 3: 479, 4: 112, 5: 2}","{0: 0.0, 1: 0.09878419452887538, 2: 0.0, 3: 0.7279635258358662, 4: 0.1702127659574468, 5: 0.00303951367781155}",110198.80200000005,61.63243959731547,58759.16000000004,62.776880341880386,936,266.42353846573576,240.1051038148652,44619.38413909576,23791.52480923151,1.0485126167773064,0.0011185682326621924,394,159.53020388373844
5581,2500129,2500129,小田急相模原,,,25001,14,252-0314,相模原市南区南台三丁目20番1号,139.422571,35.515134,0000-00-00,0000-00-00,0,2500129,901,2462,5.46503884572697,783,2.8901220865704773,"{0: 0, 1: 118, 2: 2, 3: 645, 4: 133, 5: 3}","{0: 0.0, 1: 0.1309655937846837, 2: 0.0022197558268590455, 3: 0.7158712541620422, 4: 0.14761376248612654, 5: 0.003329633740288568}",128366.70199999987,52.139196588139676,65123.56199999998,52.09884959999999,1250,365.42428815869096,317.56627927664266,52062.49800402748,26412.57634429342,1.0524627608010306,0.0008123476848090983,432,175.2089816698718
5582,2500130,2500130,相武台前,,,25001,14,252-0011,神奈川県座間市相武台一丁目33番1号,139.408509,35.499294,0000-00-00,0000-00-00,0,2500130,754,2105,5.583554376657825,651,2.872679045092838,"{0: 0, 1: 103, 2: 0, 3: 541, 4: 110}","{0: 0.0, 1: 0.13660477453580902, 2: 0.0, 3: 0.7175066312997348, 4: 0.14588859416445624}",110482.73500000007,52.48585985748222,55881.93000000001,52.81845935727789,1058,345.837542326573,298.5944828310332,50675.1691537375,25631.39168655914,1.0495463239803324,0.0028503562945368173,380,174.29478260490416
5583,2500131,2500131,座間,,,25001,14,252-0028,神奈川県座間市入谷東三丁目60番1号,139.399899,35.480913,0000-00-00,0000-00-00,0,2500131,553,1521,5.500904159132007,474,2.8987341772151898,"{0: 0, 1: 79, 2: 0, 3: 374, 4: 98, 5: 2}","{0: 0.0, 1: 0.14285714285714285, 2: 0.0, 3: 0.6763110307414105, 4: 0.17721518987341772, 5: 0.003616636528028933}",99144.18800000043,65.18355555555584,49672.083999999966,65.18646194225717,762,223.33764457257502,191.43226677649287,40040.921195263385,20060.843113148432,1.0458407578166218,0.0,324,130.85243551810905
5584,2500132,1130910,海老名,,,25001,14,243-0434,海老名市上郷,139.390905,35.452709,0000-00-00,0000-00-00,0,2500132,340,868,5.105882352941176,288,2.876470588235294,"{0: 0, 1: 52, 2: 2, 3: 225, 4: 59, 5: 1, 6: 1}","{0: 0.0, 1: 0.15294117647058825, 2: 0.0058823529411764705, 3: 0.6617647058823529, 4: 0.17352941176470588, 5: 0.0029411764705882353, 6: 0.0029411764705882353}",71329.03900000008,82.17631221198165,38003.91200000001,83.34191228070178,456,140.56584857510254,119.0675423224398,29489.49086788704,15711.918057216248,1.0472425357379245,0.0,214,88.47379880903513
5585,2500133,1130909,厚木,,,25001,14,243-0433,海老名市河原口,139.377896,35.443081,0000-00-00,0000-00-00,0,2500133,373,1023,5.485254691689008,335,3.005361930294906,"{0: 0, 1: 38, 2: 0, 3: 259, 4: 74, 5: 2}","{0: 0.0, 1: 0.10187667560321716, 2: 0.0, 3: 0.6943699731903485, 4: 0.19839142091152814, 5: 0.005361930294906166}",70857.06499999999,69.26399315738024,37560.21699999998,70.46945028142586,533,160.406322791969,144.0646598801866,30471.638714427685,16152.536976510451,1.0329397053277596,0.0,224,96.32980242734867
5586,2500134,2500134,本厚木,,,25001,14,243-0013,厚木市泉町１丁目,139.364261,35.439338,0000-00-00,0000-00-00,0,2500134,707,1797,5.083451202263084,575,2.8415841584158414,"{0: 0, 1: 132, 2: 0, 3: 430, 4: 139, 5: 5, 6: 1}","{0: 0.0, 1: 0.1867043847241867, 2: 0.0, 3: 0.6082036775106082, 4: 0.1966053748231966, 5: 0.007072135785007072, 6: 0.0014144271570014145}",99188.48700000004,55.19670951585979,55830.38300000003,57.0862811860941,978,329.10760843020694,267.6617748901966,46172.11561581427,25988.97288100777,1.0133223032541518,0.0,379,176.42402205806002
5587,2500135,2500135,愛甲石田,,,25001,14,243-0035,厚木市愛甲,139.344098,35.417634,0000-00-00,0000-00-00,0,2500135,743,1829,4.9232839838492595,553,2.5868102288021535,"{0: 0, 1: 190, 2: 0, 3: 481, 4: 71, 5: 1}","{0: 0.0, 1: 0.2557200538358008, 2: 0.0, 3: 0.6473755047106325, 4: 0.0955585464333782, 5: 0.0013458950201884253}",102327.64500000008,55.94731820667035,52294.133000000096,56.3514364224139,928,309.5143115672073,230.36529515029025,42627.01291583931,21784.364164870804,1.032931542594656,0.0010934937124111536,370,154.13229512768064
5588,2500136,2500136,伊勢原,,,25001,14,259-1132,伊勢原市桜台１丁目,139.313768,35.396081,0000-00-00,0000-00-00,0,2500136,806,2095,5.198511166253102,647,2.729528535980149,"{0: 0, 1: 159, 2: 2, 3: 543, 4: 102}","{0: 0.0, 1: 0.19727047146401985, 2: 0.0024813895781637717, 3: 0.673697270471464, 4: 0.12655086848635236}",115099.39699999972,54.940046300715856,58828.12100000002,55.08251029962549,1068,337.13354502371357,270.6270516505492,48143.756502111275,24606.61660026548,1.044145131859894,0.0019093078758949881,422,176.51408933003364
5589,2500137,2500137,鶴巻温泉,,,25001,14,257-0001,秦野市鶴巻北２丁目,139.277813,35.381131,0000-00-00,0000-00-00,0,2500137,594,1555,5.235690235690235,476,2.702020202020202,"{0: 0, 1: 118, 2: 0, 3: 417, 4: 59}","{0: 0.0, 1: 0.19865319865319866, 2: 0.0, 3: 0.702020202020202, 4: 0.09932659932659933}",93215.195,59.945463022508044,46713.37099999996,59.96581643132216,779,259.15016675280884,207.66915719585356,40667.901225834335,20380.097448208442,1.0580727179785567,0.003215434083601286,302,131.7564820864449
5590,2500138,2500138,東海大学前,,,25001,14,257-0006,秦野市北矢名,139.271236,35.373151,0000-00-00,0000-00-00,0,2500138,732,1872,5.114754098360656,573,2.6666666666666665,"{0: 0, 1: 159, 2: 2, 3: 496, 4: 74, 5: 1}","{0: 0.0, 1: 0.21721311475409835, 2: 0.00273224043715847, 3: 0.6775956284153005, 4: 0.10109289617486339, 5: 0.001366120218579235}",113134.73200000003,60.4352200854701,56719.44199999994,60.33983191489355,940,295.22903744761743,231.1014186577661,45629.31424898111,22875.992166975335,1.062037279423233,0.0,386,155.68088586718625
5591,2500139,2500139,秦野,,,25001,14,257-0034,秦野市大秦町１丁目,139.226009,35.370075,0000-00-00,0000-00-00,0,2500139,738,1849,5.010840108401084,576,2.63550135501355,"{0: 0, 1: 162, 2: 3, 3: 516, 4: 56, 5: 1}","{0: 0.0, 1: 0.21951219512195122, 2: 0.0040650406504065045, 3: 0.6991869918699187, 4: 0.07588075880758807, 5: 0.0013550135501355014}",109887.18799999991,59.43060465116274,55437.93799999989,59.482766094420484,932,295.8671016170989,230.9206646767601,44054.205716007076,22225.287311230888,1.064691026974155,0.001081665765278529,403,161.56428448738598
5592,2500140,2500140,渋沢,,,25001,14,259-1321,秦野市曲松１丁目,139.184405,35.374032,0000-00-00,0000-00-00,0,2500140,1171,2759,4.712211784799317,803,2.421861656703672,"{0: 0, 1: 368, 2: 0, 3: 745, 4: 57, 5: 1}","{0: 0.0, 1: 0.3142613151152861, 2: 0.0, 3: 0.6362083689154568, 4: 0.04867634500426986, 5: 0.0008539709649871904}",123184.31599999956,44.64817542587878,61985.34500000009,44.722471139971205,1386,484.7758658516923,332.42956471298794,50996.39918723165,25660.972922707864,1.0724547763540484,0.001812250815512867,467,193.3307680211275
5593,2500141,2500141,新松田,,,25001,14,258-0003,足柄上郡松田町松田惣領,139.139848,35.345082,0000-00-00,0000-00-00,0,2500141,355,899,5.0647887323943666,291,2.732394366197183,"{0: 0, 1: 64, 2: 0, 3: 261, 4: 28, 5: 1, 6: 1}","{0: 0.0, 1: 0.18028169014084508, 2: 0.0, 3: 0.7352112676056338, 4: 0.07887323943661972, 5: 0.0028169014084507044, 6: 0.0028169014084507044}",73700.32500000006,81.980339265851,38248.06000000003,82.60920086393094,463,166.82921937939386,136.75296574479893,34634.83855706376,17974.3492748626,1.0820166567486111,0.002224694104560623,206,96.8079413863525
5594,2500142,2500142,開成,,,25001,14,258-0021,足柄上郡開成町吉田島字中河原,139.135785,35.326532,0000-00-00,0000-00-00,0,2500142,296,830,5.608108108108108,258,2.9054054054054053,"{0: 0, 1: 38, 2: 0, 3: 211, 4: 46, 5: 1}","{0: 0.0, 1: 0.12837837837837837, 2: 0.0, 3: 0.7128378378378378, 4: 0.1554054054054054, 5: 0.0033783783783783786}",64535.61800000009,77.75375662650613,32433.51399999996,77.77821103117496,417,149.08732645522457,129.94773724813493,32504.87415120162,16335.898276378683,1.0615024082136828,0.0024096385542168677,197,99.22365983675418
5595,2500143,2500143,栢山,,,25001,14,250-0852,小田原市栢山,139.14258,35.310679,0000-00-00,0000-00-00,0,2500143,351,946,5.39031339031339,289,2.7948717948717947,"{0: 0, 1: 62, 2: 0, 3: 237, 4: 52}","{0: 0.0, 1: 0.17663817663817663, 2: 0.0, 3: 0.6752136752136753, 4: 0.14814814814814814}",71237.8239999999,75.30425369978849,35618.91200000001,75.3042536997886,473,181.1819417392328,149.17829391065038,36772.10050597636,18386.05025298821,1.0403103317307643,0.0,199,102.72138577238555
5596,2500144,2500144,富水,,,25001,14,250-0853,小田原市堀之内,139.145166,35.296759,0000-00-00,0000-00-00,0,2500144,496,1344,5.419354838709677,421,2.844758064516129,"{0: 0, 1: 75, 2: 0, 3: 348, 4: 73}","{0: 0.0, 1: 0.15120967741935484, 2: 0.0, 3: 0.7016129032258065, 4: 0.14717741935483872}",93861.95099999997,69.83776116071427,47059.30000000003,69.71748148148153,675,215.064280077294,182.5444796623806,40698.292174325084,20404.787248873807,1.042471691581661,0.0,274,118.80567084915032
5597,2500145,2500145,螢田,,,25001,14,250-0865,小田原市蓮正寺,139.152036,35.285055,0000-00-00,0000-00-00,0,2500145,486,1285,5.288065843621399,392,2.730452674897119,"{0: 0, 1: 94, 2: 0, 3: 335, 4: 57}","{0: 0.0, 1: 0.1934156378600823, 2: 0.0, 3: 0.6893004115226338, 4: 0.11728395061728394}",85852.89999999994,66.81159533073925,43299.434,66.82011419753087,648,237.5988372876645,191.64350661885697,41972.32349336238,21168.508587683064,1.04858576194449,0.0,252,123.19939711212233
5598,2500146,2500146,足柄,,,25001,14,250-0001,小田原市扇町３丁目,139.15447,35.271763,0000-00-00,0000-00-00,0,2500146,414,1032,4.9855072463768115,313,2.5869565217391304,"{0: 0, 1: 101, 2: 0, 3: 282, 4: 31}","{0: 0.0, 1: 0.24396135265700483, 2: 0.0, 3: 0.6811594202898551, 4: 0.0748792270531401}",72914.25700000006,70.6533498062016,36636.33199999999,70.59023506743736,519,202.18502728454294,152.8596945412124,35609.10879463088,17892.07194450621,1.0521406549377967,0.0,211,103.0459921667598
5599,2500147,1130116,小田原,,,25001,14,250-0011,小田原市栄町１丁目,139.155396,35.256229,0000-00-00,0000-00-00,0,2500147,389,964,4.956298200514139,336,2.848329048843188,"{0: 0, 1: 53, 2: 1, 3: 289, 4: 44, 5: 2}","{0: 0.0, 1: 0.13624678663239073, 2: 0.002570694087403599, 3: 0.7429305912596401, 4: 0.11311053984575835, 5: 0.005141388174807198}",74386.27999999994,77.16419087136923,40687.99499999995,77.79731357552572,523,160.74284251126696,138.84214674495038,30737.948820151665,16813.12075163036,1.0754251353701114,0.004149377593360996,254,104.95805140838512
5739,2700101,2700101,泉岳寺,,,27001,13,108-0074,港区高輪２-１６-３４,139.74002,35.638692,0000-00-00,0000-00-00,0,2700101,366,770,4.2076502732240435,308,2.8688524590163933,"{0: 0, 1: 58, 2: 4, 3: 236, 4: 65, 5: 2, 6: 1}","{0: 0.0, 1: 0.15846994535519127, 2: 0.01092896174863388, 3: 0.644808743169399, 4: 0.17759562841530055, 5: 0.00546448087431694, 6: 0.00273224043715847}",54691.343,71.02771818181819,36451.982999999964,73.64036969696963,495,149.5594643940448,125.85878424416885,22348.65564500271,14895.461895029564,1.0498616597447177,0.003896103896103896,185,75.59699702977674
5740,2700102,1130103,品川,,,27001,13,108-0074,東京都港区高輪三丁目26-26,139.73809,35.628284,0000-00-00,0000-00-00,0,2700102,405,894,4.4148148148148145,340,2.8814814814814813,"{0: 0, 1: 65, 2: 5, 3: 251, 4: 81, 5: 3}","{0: 0.0, 1: 0.16049382716049382, 2: 0.012345679012345678, 3: 0.6197530864197531, 4: 0.2, 5: 0.007407407407407408}",61390.136999999995,68.66905704697986,40223.723999999995,72.606,554,164.8753037023496,138.4138352069108,24991.895017787283,16375.058544541946,1.0432958276518005,0.0022371364653243847,212,86.30509724666202
5741,2700103,2700103,北品川,,,27001,13,140-0001,品川区北品川１-１-４,139.739191,35.622458,0000-00-00,0000-00-00,0,2700103,493,1143,4.636916835699797,423,2.9066937119675456,"{0: 0, 1: 70, 2: 5, 3: 323, 4: 91, 5: 4}","{0: 0.0, 1: 0.14198782961460446, 2: 0.010141987829614604, 3: 0.6551724137931034, 4: 0.1845841784989858, 5: 0.008113590263691683}",75839.57399999995,66.35133333333329,47926.211,69.05794092219021,694,213.09456458043798,182.83772985299242,32780.93509025536,20715.649219138333,1.0391482152723168,0.0,260,112.38252898765492
5742,2700104,2700104,新馬場,,,27001,13,140-0001,品川区北品川２-１８-１,139.741366,35.61762,0000-00-00,0000-00-00,0,2700104,550,1359,4.941818181818181,478,2.9072727272727272,"{0: 0, 1: 72, 2: 6, 3: 377, 4: 91, 5: 4}","{0: 0.0, 1: 0.13090909090909092, 2: 0.01090909090909091, 3: 0.6854545454545454, 4: 0.16545454545454547, 5: 0.007272727272727273}",84274.7250000001,62.012306843267176,49072.983999999975,63.648487678339784,771,242.5441893274698,210.7929499973283,37164.26337440086,21640.667494836165,1.0331408863733462,0.0,298,131.41485167197453
5743,2700105,2700105,青物横丁,,,27001,13,140-0004,品川区南品川３-１-２０,139.742958,35.609351,0000-00-00,0000-00-00,0,2700105,542,1309,4.830258302583026,474,2.885608856088561,"{0: 0, 1: 68, 2: 2, 3: 397, 4: 74, 5: 1}","{0: 0.0, 1: 0.12546125461254612, 2: 0.0036900369003690036, 3: 0.7324723247232472, 4: 0.13653136531365315, 5: 0.0018450184501845018}",82013.23999999999,62.653353705118406,47463.35099999999,62.616558047493385,758,274.0344433140676,239.653738248834,41465.77964535612,23997.404002039093,1.0360324757514952,0.0015278838808250573,294,148.64598954674514
5744,2700106,2700106,鮫洲,,,27001,13,140-0011,品川区東大井１-２-２０,139.742227,35.604977,0000-00-00,0000-00-00,0,2700106,521,1182,4.537428023032629,452,2.8790786948176583,"{0: 0, 1: 69, 2: 3, 3: 374, 4: 73, 5: 1, 6: 1}","{0: 0.0, 1: 0.1324376199616123, 2: 0.005758157389635317, 3: 0.7178502879078695, 4: 0.1401151631477927, 5: 0.0019193857965451055, 6: 0.0019193857965451055}",73662.63799999995,62.32033671742804,44911.511999999966,62.63809205020916,717,253.92752475974427,220.29796773782036,35902.05630443966,21889.19208325824,1.0500341148540673,0.001692047377326565,267,130.13176412831424
5745,2700107,2700107,立会川,,,27001,13,140-0011,品川区東大井２-２３-１,139.738886,35.598489,0000-00-00,0000-00-00,0,2700107,542,1274,4.7011070110701105,478,2.9686346863468636,"{0: 0, 1: 64, 2: 4, 3: 366, 4: 104, 5: 2, 6: 1, 7: 1}","{0: 0.0, 1: 0.11808118081180811, 2: 0.007380073800738007, 3: 0.6752767527675276, 4: 0.1918819188191882, 5: 0.0036900369003690036, 6: 0.0018450184501845018, 7: 0.0018450184501845018}",77642.213,60.94365227629513,48557.23200000006,63.22556250000008,768,252.2927164344209,222.5016945676258,36141.26351983378,22602.649379735063,1.0390276414664348,0.0015698587127158557,291,135.4560525505839
5746,2700108,2700108,大森海岸,,,27001,13,140-0013,品川区南大井３-３２-１,139.73544,35.587576,0000-00-00,0000-00-00,0,2700108,555,1315,4.738738738738738,510,3.091891891891892,"{0: 0, 1: 45, 2: 2, 3: 369, 4: 135, 5: 4}","{0: 0.0, 1: 0.08108108108108109, 2: 0.0036036036036036037, 3: 0.6648648648648648, 4: 0.24324324324324326, 5: 0.007207207207207207}",78599.12599999996,59.771198479087424,50751.65600000004,61.89226341463419,820,256.81037995651786,235.98791671680019,36369.49804019858,23483.877586995495,1.0330997692339976,0.0,320,148.07084970465894
5747,2700109,2700109,平和島,,,27001,13,143-0016,大田区大森北６-１３-１１,139.73491,35.57868,0000-00-00,0000-00-00,0,2700109,689,1603,4.653120464441219,620,3.0319303338171264,"{0: 0, 1: 69, 2: 4, 3: 455, 4: 158, 5: 3}","{0: 0.0, 1: 0.10014513788098693, 2: 0.005805515239477504, 3: 0.660377358490566, 4: 0.22931785195936139, 5: 0.0043541364296081275}",91399.5900000002,57.01783530879613,58821.64700000005,58.645709870388885,1003,298.96645906837836,269.02642180318514,39659.52363222297,25523.511640290442,1.0189374137358063,0.0,372,161.4158530819111
5748,2700110,2700110,大森町,,,27001,13,143-0015,大田区大森西３-２４-７,139.732027,35.572431,0000-00-00,0000-00-00,0,2700110,817,1948,4.7686658506731945,737,3.0673194614443084,"{0: 0, 1: 80, 2: 3, 3: 519, 4: 212, 5: 3}","{0: 0.0, 1: 0.09791921664626684, 2: 0.0036719706242350062, 3: 0.6352509179926561, 4: 0.2594859241126071, 5: 0.0036719706242350062}",107999.95200000018,55.44145379876806,67804.00800000009,56.22222885572147,1206,332.80846940615277,300.22012478865923,43994.24568060958,27620.254739391145,1.0197118908206264,0.0,452,184.1241470888385
5749,2700111,2700111,梅屋敷,,,27001,13,144-0052,大田区蒲田２-２８-１,139.728266,35.566873,0000-00-00,0000-00-00,0,2700111,900,2223,4.94,794,3.0344444444444445,"{0: 0, 1: 106, 2: 3, 3: 547, 4: 242, 5: 2}","{0: 0.0, 1: 0.11777777777777777, 2: 0.0033333333333333335, 3: 0.6077777777777778, 4: 0.2688888888888889, 5: 0.0022222222222222222}",120556.34300000008,54.23137336932077,72480.2610000001,55.32844351145046,1310,359.2576028011628,316.9450406934703,48123.0919873942,28932.316463625164,1.0152560263415333,0.0,516,205.97435893933334
5750,2700112,2700112,京急蒲田,,,27001,13,144-0052,大田区蒲田４-５０-１０,139.723681,35.560796,0000-00-00,0000-00-00,0,2700112,1001,2562,5.118881118881119,889,3.063936063936064,"{0: 0, 1: 112, 2: 7, 3: 598, 4: 274, 5: 9, 6: 1}","{0: 0.0, 1: 0.11188811188811189, 2: 0.006993006993006993, 3: 0.5974025974025974, 4: 0.27372627372627373, 5: 0.008991008991008992, 6: 0.000999000999000999}",131702.61599999966,51.4061733021076,78296.19099999986,52.8314379217273,1482,399.53646718643637,354.8330862424994,52567.43048536633,31250.932613680718,1.0172375870342607,0.0,533,212.74019681355702
5751,2700113,2700113,雑色,,,27001,13,144-0055,大田区仲六郷２-４２-１,139.715005,35.549725,0000-00-00,0000-00-00,0,2700113,836,2167,5.184210526315789,740,3.0059808612440193,"{0: 0, 1: 96, 2: 4, 3: 541, 4: 191, 5: 3, 6: 0, 7: 1}","{0: 0.0, 1: 0.11483253588516747, 2: 0.004784688995215311, 3: 0.6471291866028708, 4: 0.2284688995215311, 5: 0.0035885167464114833, 6: 0.0, 7: 0.0011961722488038277}",114875.69,53.011393631748966,65243.32700000007,53.83112788778884,1212,340.0085699415811,300.9645236325,46720.955834871274,26535.03625777628,1.0140075657204066,0.0,477,194.00010509824662
5752,2700114,2700114,六郷土手,,,27001,13,144-0055,大田区仲六郷４-２７-１１,139.7076,35.540577,0000-00-00,0000-00-00,0,2700114,398,961,4.8291457286432165,350,2.977386934673367,"{0: 0, 1: 48, 2: 1, 3: 265, 4: 81, 5: 2, 6: 1}","{0: 0.0, 1: 0.12060301507537688, 2: 0.002512562814070352, 3: 0.6658291457286433, 4: 0.20351758793969849, 5: 0.005025125628140704, 6: 0.002512562814070352}",60451.73100000003,62.90502705515092,36889.31800000001,65.29082831858408,565,182.54697209036135,160.5312568633831,27726.835305706125,16919.681666780063,1.0452809309476587,0.0,240,110.07857613489126
5753,2700115,2700115,京急川崎,,,27001,14,210-0006,川崎市川崎区砂子１-３-１,139.700893,35.53285,0000-00-00,0000-00-00,0,2700115,468,1029,4.397435897435898,431,3.1645299145299144,"{0: 0, 1: 37, 2: 6, 3: 276, 4: 142, 5: 6, 6: 1}","{0: 0.0, 1: 0.07905982905982906, 2: 0.01282051282051282, 3: 0.5897435897435898, 4: 0.3034188034188034, 5: 0.01282051282051282, 6: 0.002136752136752137}",70482.06399999997,68.4956890184645,48576.20400000003,68.90241702127663,705,199.9849628399134,184.1741858632536,30118.275534017932,20757.50075180354,1.0340636233603926,0.0,305,130.3320804832769
5754,2700116,1130326,八丁畷,,,27001,14,210-0022,川崎市川崎区池田１丁目,139.691346,35.523054,0000-00-00,0000-00-00,0,2700116,673,1688,5.016344725111441,583,2.9777117384843983,"{0: 0, 1: 90, 2: 4, 3: 413, 4: 163, 5: 3}","{0: 0.0, 1: 0.1337295690936107, 2: 0.005943536404160475, 3: 0.6136701337295691, 4: 0.24219910846953938, 5: 0.004457652303120356}",98374.21999999984,58.278566350710804,57119.284,60.062338590956884,951,268.3829910839666,232.49224933425342,39230.26360943853,22778.371899694735,1.0291557739659496,0.0,385,153.53261748488433
5755,2700117,2700117,鶴見市場,,,27001,14,230-0025,横浜市鶴見区市場大和町７-１,139.68642,35.517594,0000-00-00,0000-00-00,0,2700117,544,1493,5.488970588235294,480,3.056985294117647,"{0: 0, 1: 64, 2: 0, 3: 322, 4: 157, 5: 1}","{0: 0.0, 1: 0.11764705882352941, 2: 0.0, 3: 0.5919117647058824, 4: 0.28860294117647056, 5: 0.001838235294117647}",94240.02000000012,63.121245813797806,51568.67800000002,64.46084750000003,800,233.72820867879975,206.23077236364685,40489.983567011564,22156.35061190043,1.0275262647737144,0.0,337,144.79118809697707
5756,2700118,1130401,京急鶴見,,,27001,14,230-0051,横浜市鶴見区鶴見中央１-３０-２２,139.677743,35.507032,0000-00-00,0000-00-00,0,2700118,547,1458,5.330895795246801,502,3.149908592321755,"{0: 0, 1: 45, 2: 1, 3: 344, 4: 141, 5: 16}","{0: 0.0, 1: 0.08226691042047532, 2: 0.0018281535648994515, 3: 0.6288848263254113, 4: 0.2577696526508227, 5: 0.029250457038391225}",92051.79099999982,63.135659122084924,51999.20899999994,62.876915356710924,827,227.6686961711151,208.93909593765957,38313.183248968824,21642.764378353382,1.0350417241121976,0.0,357,148.58816185208062
5757,2700119,2700119,花月総持寺,,,27001,14,230-0052,横浜市鶴見区生麦５-１-３,139.672813,35.500358,0000-00-00,0000-00-00,0,2700119,506,1304,5.154150197628459,441,2.91699604743083,"{0: 0, 1: 65, 2: 1, 3: 353, 4: 85, 5: 2}","{0: 0.0, 1: 0.12845849802371542, 2: 0.001976284584980237, 3: 0.6976284584980237, 4: 0.16798418972332016, 5: 0.003952569169960474}",81285.8619999999,62.335783742331216,44159.204999999914,62.63717021276584,705,215.56982910328196,187.87805263744534,34629.998774412925,18813.028211831574,1.0345188651330022,0.0,275,117.15751581700107
5758,2700120,2700120,生麦,,,27001,14,230-0052,横浜市鶴見区生麦３-１-３５,139.6673,35.4956,0000-00-00,0000-00-00,0,2700120,528,1317,4.988636363636363,452,2.859848484848485,"{0: 0, 1: 76, 2: 1, 3: 373, 4: 77, 5: 1}","{0: 0.0, 1: 0.14393939393939395, 2: 0.001893939393939394, 3: 0.7064393939393939, 4: 0.14583333333333334, 5: 0.001893939393939394}",88716.37800000001,67.36247380410023,54359.26799999993,75.08186187845294,724,225.21765937479964,192.79996597994213,37841.84659350373,23186.869515695893,1.0480691267906366,0.0,273,116.44776706310664
5759,2700121,1133233,京急新子安,,,27001,14,221-0021,横浜市神奈川区子安通３-２８９,139.655848,35.487242,0000-00-00,0000-00-00,0,2700121,345,902,5.228985507246377,315,3.066666666666667,"{0: 0, 1: 30, 2: 1, 3: 233, 4: 78, 5: 3}","{0: 0.0, 1: 0.08695652173913043, 2: 0.002898550724637681, 3: 0.6753623188405797, 4: 0.22608695652173913, 5: 0.008695652173913044}",59858.7509999999,66.36225166297106,35700.201000000015,70.55375691699608,506,243.4735680518135,222.30195343861232,42243.54691331894,25194.363239527313,1.0639403576277457,0.0,218,153.84706618926185
5760,2700122,2700122,子安,,,27001,14,221-0021,横浜市神奈川区子安通１-４６,139.644965,35.484556,0000-00-00,0000-00-00,0,2700122,568,1516,5.338028169014085,518,3.007042253521127,"{0: 0, 1: 50, 2: 1, 3: 413, 4: 103, 5: 1}","{0: 0.0, 1: 0.0880281690140845, 2: 0.0017605633802816902, 3: 0.727112676056338, 4: 0.1813380281690141, 5: 0.0017605633802816902}",86446.505,57.022760554089714,48524.209000000046,59.46594240196084,816,288.2144815996051,262.8434885010483,43864.6736349871,24622.147433038564,1.0485800719950573,0.0013192612137203166,295,149.68885928148504
5761,2700123,2700123,神奈川新町,,,27001,14,221-0041,横浜市神奈川区亀住町１９-１,139.640152,35.481559,0000-00-00,0000-00-00,0,2700123,557,1453,5.217235188509874,508,3.0089766606822264,"{0: 0, 1: 49, 2: 1, 3: 405, 4: 100, 5: 2}","{0: 0.0, 1: 0.08797127468581688, 2: 0.0017953321364452424, 3: 0.7271095152603232, 4: 0.17953321364452424, 5: 0.003590664272890485}",84316.51300000017,58.029258774948495,48063.257000000085,59.92924812967592,802,251.88557292226767,229.7268779973285,38129.46711636063,21735.082631876503,1.0496940515726207,0.0,282,127.52555038434377
5762,2700124,1130601,京急東神奈川,,,27001,14,221-0044,横浜市神奈川区東神奈川１-１１-５,139.634669,35.477412,0000-00-00,0000-00-00,0,2700124,620,1646,5.309677419354839,589,3.138709677419355,"{0: 0, 1: 31, 2: 1, 3: 442, 4: 143, 5: 3}","{0: 0.0, 1: 0.05, 2: 0.0016129032258064516, 3: 0.7129032258064516, 4: 0.2306451612903226, 5: 0.004838709677419355}",97850.15600000015,59.44723936816534,58716.28500000001,62.93278135048233,933,263.0211388338311,249.87008189213952,41510.74107449689,24909.071207728703,1.0365913567514564,0.0,346,146.78276457500897
5763,2700125,2700125,神奈川,,,27001,14,221-0057,横浜市神奈川区青木町１-１,139.627364,35.471304,0000-00-00,0000-00-00,0,2700125,675,1753,5.1940740740740745,643,3.1392592592592594,"{0: 0, 1: 32, 2: 0, 3: 486, 4: 156, 5: 1}","{0: 0.0, 1: 0.047407407407407405, 2: 0.0, 3: 0.72, 4: 0.2311111111111111, 5: 0.0014814814814814814}",104736.97399999996,59.74727552766684,64406.718000000015,63.39243897637797,1016,313.64081396638534,298.77191611909,48666.35522627574,29926.778456923625,1.0416800547084695,0.0,370,171.92163135935195
5764,2700126,1130105,横浜,,,27001,14,220-0011,横浜市西区高島２丁目,139.623055,35.466066,0000-00-00,0000-00-00,0,2700126,561,1256,4.477718360071301,532,3.1836007130124777,"{0: 0, 1: 29, 2: 3, 3: 370, 4: 155, 5: 3, 6: 1}","{0: 0.0, 1: 0.05169340463458111, 2: 0.0053475935828877, 3: 0.6595365418894831, 4: 0.27629233511586454, 5: 0.0053475935828877, 6: 0.0017825311942959}",88745.68400000017,70.65739171974536,62931.25299999997,75.63852524038458,832,226.30865569252916,214.60999078150715,35800.20756604997,25386.608319922343,1.063585544504235,0.0,315,127.07170506799766
5765,2700127,2700127,戸部,,,27001,14,220-0041,横浜市西区戸部本町４８-１１,139.61956,35.456631,0000-00-00,0000-00-00,0,2700127,796,1922,4.8291457286432165,751,3.2148241206030153,"{0: 0, 1: 45, 2: 2, 3: 497, 4: 243, 5: 7, 6: 2}","{0: 0.0, 1: 0.056532663316582916, 2: 0.002512562814070352, 3: 0.6243718592964824, 4: 0.30527638190954776, 5: 0.008793969849246231, 6: 0.002512562814070352}",105132.96100000007,54.69977159209161,70180.62700000007,56.87246920583474,1234,324.51010957760445,306.1646888100263,42860.18680191965,28610.958489943478,1.0246195627829269,0.0,463,188.7539958975262
5766,2700128,2700128,日ノ出町,,,27001,14,231-0066,横浜市中区日ノ出町１-３１,139.626696,35.445524,0000-00-00,0000-00-00,0,2700128,686,1606,4.682215743440233,628,3.2667638483965016,"{0: 0, 1: 58, 2: 4, 3: 328, 4: 289, 5: 7}","{0: 0.0, 1: 0.08454810495626822, 2: 0.0058309037900874635, 3: 0.478134110787172, 4: 0.42128279883381925, 5: 0.01020408163265306}",93044.18400000008,57.935357409713625,64496.693000000065,60.50346435272051,1066,280.6767323744969,256.94604654691557,38069.00514806337,26388.806181051175,1.0312131840923648,0.0,415,169.7971485939012
5767,2700129,2700129,黄金町,,,27001,14,232-0005,横浜市南区白金町１-１,139.62246,35.439694,0000-00-00,0000-00-00,0,2700129,715,1702,4.7608391608391605,668,3.3104895104895107,"{0: 0, 1: 47, 2: 3, 3: 354, 4: 303, 5: 8}","{0: 0.0, 1: 0.06573426573426573, 2: 0.004195804195804196, 3: 0.4951048951048951, 4: 0.42377622377622376, 5: 0.011188811188811189}",102877.26900000006,60.44492890716807,71280.20900000005,63.30391563055066,1126,287.95884986378474,269.0300863063052,41432.755326387705,28707.366435930362,1.0247368421733212,0.0,437,175.99722711954394
5768,2700130,2700130,南太田,,,27001,14,232-0006,横浜市南区南太田１-２５-１,139.613408,35.436923,0000-00-00,0000-00-00,0,2700130,635,1548,4.875590551181102,567,3.125984251968504,"{0: 0, 1: 68, 2: 4, 3: 346, 4: 214, 5: 3}","{0: 0.0, 1: 0.10708661417322834, 2: 0.006299212598425197, 3: 0.5448818897637795, 4: 0.33700787401574805, 5: 0.004724409448818898}",99317.74500000008,64.15875000000005,62419.64099999999,65.98270718816066,946,263.6548019923603,235.4209019364855,41237.16597213032,25916.9103752586,1.0338919734060628,0.0,401,166.49696944714407
5769,2700131,2700131,井土ヶ谷,,,27001,14,232-0052,横浜市南区井土ケ谷中町,139.60061,35.433895,0000-00-00,0000-00-00,0,2700131,816,2111,5.174019607843137,684,2.8676470588235294,"{0: 0, 1: 132, 2: 0, 3: 532, 4: 149, 5: 2, 6: 1}","{0: 0.0, 1: 0.16176470588235295, 2: 0.0, 3: 0.6519607843137255, 4: 0.18259803921568626, 5: 0.0024509803921568627, 6: 0.0012254901960784314}",112055.17300000002,53.08155992420655,61816.27200000003,54.65629708222814,1131,342.3678508110099,286.98481612099357,47014.8146473847,25936.157095329436,1.058584366958454,0.0018948365703458077,403,169.08608318239828
5770,2700132,2700132,弘明寺,,,27001,14,232-0067,横浜市南区弘明寺町267,139.596791,35.42437,0000-00-00,0000-00-00,0,2700132,757,1892,4.998678996036988,621,2.820343461030383,"{0: 0, 1: 136, 2: 2, 3: 481, 4: 138}","{0: 0.0, 1: 0.17965653896961692, 2: 0.002642007926023778, 3: 0.6354029062087186, 4: 0.18229854689564068}",107944.12899999971,57.05292230443959,59735.18100000001,58.39216129032259,1023,307.08785951412597,251.91751751423018,43789.077307432766,24232.429155850583,1.0767052505261252,0.003171247357293869,392,159.02039752911148
5771,2700133,2700133,上大岡,,,27001,14,233-0002,横浜市港南区上大岡西１-６-１,139.596552,35.409418,0000-00-00,0000-00-00,0,2700133,736,1878,5.103260869565218,598,2.766304347826087,"{0: 0, 1: 138, 2: 0, 3: 495, 4: 102, 5: 1}","{0: 0.0, 1: 0.1875, 2: 0.0, 3: 0.6725543478260869, 4: 0.13858695652173914, 5: 0.001358695652173913}",111711.97399999983,59.48454419595305,59124.253999999986,60.516124872057304,977,301.4399458147971,244.91995597452265,45753.330692152136,24215.233589810185,1.0797134933829817,0.003194888178913738,377,154.4060592013295
5772,2700134,2700134,屏風浦,,,27001,14,235-0023,横浜市磯子区森３-１８-６,139.610387,35.394176,0000-00-00,0000-00-00,0,2700134,574,1334,4.648083623693379,466,2.740418118466899,"{0: 0, 1: 108, 2: 1, 3: 398, 4: 66, 5: 1}","{0: 0.0, 1: 0.18815331010452963, 2: 0.0017421602787456446, 3: 0.6933797909407665, 4: 0.11498257839721254, 5: 0.0017421602787456446}",87429.53200000006,65.53937931034487,53204.33800000002,71.03382910547398,749,235.09410923082316,190.86037439296794,35808.65495820168,21790.986845515054,1.0618501277773311,0.0,286,117.13748299654254
5773,2700135,2700135,杉田,,,27001,14,235-0033,横浜市磯子区杉田２-１-９,139.615734,35.383796,0000-00-00,0000-00-00,0,2700135,665,1690,5.082706766917293,550,2.8,"{0: 0, 1: 115, 2: 1, 3: 457, 4: 87, 5: 4, 6: 1}","{0: 0.0, 1: 0.17293233082706766, 2: 0.0015037593984962407, 3: 0.687218045112782, 4: 0.13082706766917293, 5: 0.006015037593984963, 6: 0.0015037593984962407}",102511.70200000024,60.657811834319666,57179.255999999965,63.461993340732484,901,304.4014780838161,251.7606209715772,46924.381367951515,26173.609085914133,1.0903749599233143,0.001183431952662722,364,166.61975642482565
5774,2700136,2700136,京急富岡,,,27001,14,236-0052,横浜市金沢区富岡西７-１-１,139.629772,35.366743,0000-00-00,0000-00-00,0,2700136,519,1460,5.626204238921002,450,2.9441233140655108,"{0: 0, 1: 69, 2: 0, 3: 341, 4: 109}","{0: 0.0, 1: 0.1329479768786127, 2: 0.0, 3: 0.6570327552986512, 4: 0.21001926782273603}",95897.90199999987,65.68349452054785,47948.95100000004,65.683494520548,730,237.40839195883467,205.84542655390288,43866.98787292078,21933.493936460436,1.0635969627453135,0.0,354,161.93173555573694
5775,2700137,2700137,能見台,,,27001,14,236-0053,横浜市金沢区能見台通２-１,139.629233,35.360528,0000-00-00,0000-00-00,0,2700137,437,1241,5.679633867276888,391,2.990846681922197,"{0: 0, 1: 46, 2: 1, 3: 301, 4: 89}","{0: 0.0, 1: 0.10526315789473684, 2: 0.002288329519450801, 3: 0.6887871853546911, 4: 0.2036613272311213}",93581.65899999977,75.40826672038659,48720.50900000001,78.0777387820513,624,213.74304590025494,191.24377791075443,45772.14836397931,23829.908447301572,1.0921415555400777,0.0016116035455278,302,147.71258549628604
5776,2700138,2700138,金沢文庫,,,27001,14,236-0016,横浜市金沢区谷津町３８４,139.621606,35.342966,0000-00-00,0000-00-00,0,2700138,655,1681,5.132824427480916,552,2.836641221374046,"{0: 0, 1: 103, 2: 1, 3: 452, 4: 98, 5: 1}","{0: 0.0, 1: 0.15725190839694655, 2: 0.0015267175572519084, 3: 0.6900763358778625, 4: 0.14961832061068703, 5: 0.0015267175572519084}",95896.13800000006,57.04707792980373,52532.04199999991,58.76067337807596,894,298.9647000514935,251.95193042507543,43770.32081414755,23977.444549041877,1.0597762344643398,0.0,339,154.73134857626914
5777,2700139,2700139,金沢八景,,,27001,14,236-0027,横浜市金沢区瀬戸１５-１,139.62018,35.331223,0000-00-00,0000-00-00,0,2700139,477,1205,5.052410901467505,391,2.788259958071279,"{0: 0, 1: 86, 2: 0, 3: 320, 4: 71}","{0: 0.0, 1: 0.18029350104821804, 2: 0.0, 3: 0.6708595387840671, 4: 0.1488469601677149}",73812.36500000005,61.25507468879672,39544.87599999994,62.472157977883,633,211.7954724524127,173.61012521780577,32773.846368983104,17558.54443499384,1.0381905275633607,0.0,285,126.54446467282519
5778,2700140,2700140,追浜,,,27001,14,237-0064,横須賀市追浜町３-３,139.624905,35.315461,0000-00-00,0000-00-00,0,2700140,570,1477,5.182456140350877,470,2.7649122807017545,"{0: 0, 1: 100, 2: 2, 3: 401, 4: 66, 5: 1}","{0: 0.0, 1: 0.17543859649122806, 2: 0.0035087719298245615, 3: 0.7035087719298245, 4: 0.11578947368421053, 5: 0.0017543859649122807}",91968.40199999993,62.26702911306698,47975.37600000003,62.95981102362209,762,245.60185631867702,202.51381135048808,39627.38641028476,20671.651584537743,1.080853986688965,0.0,303,130.55677625361253
5779,2700141,2700141,京急田浦,,,27001,14,237-0076,横須賀市船越町５-２,139.625252,35.300892,0000-00-00,0000-00-00,0,2700141,339,897,5.292035398230088,292,2.8790560471976403,"{0: 0, 1: 47, 2: 1, 3: 237, 4: 54}","{0: 0.0, 1: 0.13864306784660768, 2: 0.0029498525073746312, 3: 0.6991150442477876, 4: 0.1592920353982301}",66569.44200000018,74.21342474916409,35412.07000000001,75.82884368308353,467,144.84959800199846,124.76720535865354,28444.120687071914,15131.044554332244,1.096233072044959,0.002229654403567447,226,96.56639866799897
5780,2700142,2700142,安針塚,,,27001,14,237-0072,横須賀市長浦町２-３２,139.64292,35.286641,0000-00-00,0000-00-00,0,2700142,154,346,4.4935064935064934,108,2.5259740259740258,"{0: 0, 1: 46, 2: 0, 3: 90, 4: 17, 5: 1}","{0: 0.0, 1: 0.2987012987012987, 2: 0.0, 3: 0.5844155844155844, 4: 0.11038961038961038, 5: 0.006493506493506494}",36321.910000000076,104.97661849711005,19813.431,105.39059042553191,188,85.91289383078905,60.25060086834557,20263.119464684947,11053.436324199121,1.1444595246906266,0.005780346820809248,81,45.18795065125918
5781,2700143,2700143,逸見,,,27001,14,238-0045,横須賀市東逸見町２-１８,139.653149,35.28048,0000-00-00,0000-00-00,0,2700143,179,399,4.4581005586592175,135,2.5977653631284916,"{0: 0, 1: 44, 2: 0, 3: 119, 4: 16}","{0: 0.0, 1: 0.24581005586592178, 2: 0.0, 3: 0.664804469273743, 4: 0.0893854748603352}",32791.46999999996,82.18413533834575,18819.812999999995,85.54460454545452,220,98.48116659016527,74.2735055288956,18041.01798774527,10354.173962283563,1.0601288668674824,0.0,88,48.41532212253935
5782,2700144,2700144,汐入,,,27001,14,238-0042,横須賀市汐入町２-４１,139.662443,35.280241,0000-00-00,0000-00-00,0,2700144,276,627,4.543478260869565,217,2.7318840579710146,"{0: 0, 1: 59, 2: 1, 3: 171, 4: 45}","{0: 0.0, 1: 0.213768115942029, 2: 0.0036231884057971015, 3: 0.6195652173913043, 4: 0.16304347826086957}",48765.047000000064,77.77519457735258,27326.559999999976,76.9762253521126,355,124.67013948403559,98.01963865230334,22027.337722592605,12343.500169633566,1.0769611987291756,0.0,144,65.04529016558378
5783,2700145,2700145,横須賀中央,,,27001,14,238-0007,横須賀市若松町２-２５,139.670217,35.27858,0000-00-00,0000-00-00,0,2700145,502,1229,4.896414342629482,424,2.9262948207171315,"{0: 0, 1: 78, 2: 1, 3: 303, 4: 120}","{0: 0.0, 1: 0.1553784860557769, 2: 0.00199203187250996, 3: 0.603585657370518, 4: 0.23904382470119523}",74031.71699999996,60.23736126932462,42991.449,60.46617299578059,711,243.24436612034313,205.44942477096708,35872.10771805901,20831.529403585777,1.0453026816037854,0.0,271,131.31319366257566
5784,2700146,2700146,県立大学,,,27001,14,238-0012,横須賀市安浦町２-２８,139.677033,35.269731,0000-00-00,0000-00-00,0,2700146,490,1295,5.285714285714286,413,2.9183673469387754,"{0: 0, 1: 77, 2: 0, 3: 299, 4: 114}","{0: 0.0, 1: 0.15714285714285714, 2: 0.0, 3: 0.610204081632653, 4: 0.23265306122448978}",79381.7949999998,61.29868339768324,42698.64900000001,62.24292857142859,686,209.21266365650428,176.3363879390536,33893.21791384598,18230.812432294155,1.0380444721685294,0.0,244,104.17936720854499
5785,2700147,2700147,堀ノ内,,,27001,14,238-0014,横須賀市三春町３-４５,139.686932,35.26322,0000-00-00,0000-00-00,0,2700147,498,1226,4.923694779116466,385,2.718875502008032,"{0: 0, 1: 113, 2: 0, 3: 300, 4: 84, 5: 1}","{0: 0.0, 1: 0.22690763052208834, 2: 0.0, 3: 0.6024096385542169, 4: 0.1686746987951807, 5: 0.002008032128514056}",73084.82899999998,59.61242169657421,40391.683999999994,61.950435582822074,652,236.43514103985365,182.7862034143447,34698.43745479635,19176.733942524494,1.0541052324309208,0.0,249,118.21757051992682
5786,2700148,2700148,京急大津,,,27001,14,239-0808,横須賀市大津町１-１１-１９,139.695334,35.261068,0000-00-00,0000-00-00,0,2700148,521,1272,4.882917466410748,398,2.6833013435700575,"{0: 0, 1: 123, 2: 0, 3: 318, 4: 79, 5: 1}","{0: 0.0, 1: 0.236084452975048, 2: 0.0, 3: 0.6103646833013435, 4: 0.15163147792706333, 5: 0.0019193857965451055}",68964.70800000022,54.21753773584923,38788.45000000002,57.12584683357882,679,293.4872887703759,224.19950274589178,38848.8774889841,21850.1286489545,1.045700633490999,0.0,245,138.01225671543588
5787,2700149,2700149,馬堀海岸,,,27001,14,239-0802,横須賀市馬堀町３-２０-１,139.707328,35.259651,0000-00-00,0000-00-00,0,2700149,655,1778,5.429007633587786,559,2.92824427480916,"{0: 0, 1: 96, 2: 0, 3: 415, 4: 143, 5: 1}","{0: 0.0, 1: 0.1465648854961832, 2: 0.0, 3: 0.6335877862595419, 4: 0.2183206106870229, 5: 0.0015267175572519084}",99114.98300000005,55.745209786276746,53511.31099999998,57.231348663101585,935,329.8654322369175,281.5187429319647,49915.43008923626,26948.90340851773,1.0536944105024928,0.0022497187851518562,360,181.300084893573
5788,2700150,2700150,浦賀,,,27001,14,239-0822,横須賀市浦賀町１-８６,139.714999,35.250933,0000-00-00,0000-00-00,0,2700150,647,1714,5.298299845440495,543,2.8346213292117466,"{0: 0, 1: 104, 2: 0, 3: 443, 4: 99, 5: 1}","{0: 0.0, 1: 0.160741885625966, 2: 0.0, 3: 0.6846986089644513, 4: 0.15301391035548687, 5: 0.0015455950540958269}",94367.60400000008,55.0569451575263,50162.27699999992,56.61656546275386,886,275.0655868632133,230.85102576000745,40119.44416558785,21325.990975888784,1.0755925808546494,0.002333722287047841,320,136.04480339447952
