station_cd,station_g_cd,station_name,station_name_k,station_name_r,line_cd,pref_cd,post,address,lon,lat,open_ymd,close_ymd,e_status,e_sort,station_name_roman,n,m,k_avg,intersection_count,streets_per_node_avg,streets_per_node_counts,streets_per_node_proportion,edge_length_total,edge_length_avg,street_length_total,street_length_avg,street_segments_count,node_density_km,intersection_density_km,edge_density_km,street_density_km,circuity_avg,self_loop_proportion,clean_intersection_count,clean_intersection_density_km
1131201,1130101,東京,,,11312,13,100-0005,東京都千代田区丸の内一丁目,139.76610300000002,35.681391,0000-00-00,0000-00-00,0,1131201,toukyou,427,800,3.747072599531616,420,3.4355971896955504,"{0: 0, 1: 7, 2: 4, 3: 228, 4: 174, 5: 12, 6: 2}","{0: 0.0, 1: 0.01639344262295082, 2: 0.00936768149882904, 3: 0.5339578454332553, 4: 0.40749414519906324, 5: 0.02810304449648712, 6: 0.00468384074941452}",59421.89600000008,74.27737000000009,50774.28500000002,74.66806617647062,680,189.2118078519954,186.10997493638888,26330.97041722076,22499.04978276921,1.0140351555879907,0.00125,239,105.90543811856416
1131202,1130223,神田,,,11312,13,101-0044,東京都千代田区鍛冶町二丁目13-1,139.77064099999998,35.691173,0000-00-00,0000-00-00,0,1131202,kanda,972,1945,4.002057613168724,959,3.353909465020576,"{0: 0, 1: 13, 2: 1, 3: 603, 4: 341, 5: 12, 6: 2}","{0: 0.0, 1: 0.013374485596707819, 2: 0.00102880658436214, 3: 0.6203703703703703, 4: 0.3508230452674897, 5: 0.012345679012345678, 6: 0.00205761316872428}",104898.95099999996,53.93262262210797,85859.92999999996,54.548875476493,1574,403.9864540738181,398.5833430625427,43598.51363225636,35685.44101617924,1.0102154278263882,0.0005141388174807,511,212.38382513551545
1131203,1131203,御茶ノ水,,,11312,13,101-0062,千代田区神田駿河台２丁目,139.764955,35.699605,0000-00-00,0000-00-00,0,1131203,ochanomizu,1110,2414,4.3495495495495495,1082,3.2612612612612613,"{0: 0, 1: 28, 2: 0, 3: 745, 4: 329, 5: 7, 6: 1}","{0: 0.0, 1: 0.025225225225225224, 2: 0.0, 3: 0.6711711711711712, 4: 0.2963963963963964, 5: 0.006306306306306306, 6: 0.0009009009009009009}",111519.84600000003,46.19711930405967,81437.28800000022,46.66893295128953,1745,441.5399402983769,430.4019958584179,44360.78031074253,32394.42818160525,1.0084522156609377,0.0,543,215.996565389206
1131207,1131102,四ツ谷,,,11312,13,160-0004,東京都新宿区四谷一丁目,139.73064399999998,35.686041,0000-00-00,0000-00-00,0,1131207,shitsutani,496,1111,4.479838709677419,416,2.8286290322580645,"{0: 0, 1: 80, 2: 1, 3: 340, 4: 74, 5: 1}","{0: 0.0, 1: 0.16129032258064516, 2: 0.0020161290322580645, 3: 0.6854838709677419, 4: 0.14919354838709678, 5: 0.0020161290322580645}",70832.30999999985,63.755454545454405,44347.93100000002,66.0922965722802,671,202.6944347175244,170.00178395663335,28946.199667714554,18123.14275188867,1.041690008483968,0.0,257,105.02514056936243
1131211,1130208,新宿,,,11312,13,160-0022,東京都新宿区新宿三丁目38-1,139.70046399999998,35.689729,0000-00-00,0000-00-00,0,1131211,shinjuku,720,1628,4.522222222222221,687,3.1638888888888888,"{0: 0, 1: 33, 2: 2, 3: 513, 4: 162, 5: 7, 6: 2, 7: 1}","{0: 0.0, 1: 0.04583333333333333, 2: 0.002777777777777778, 3: 0.7125, 4: 0.225, 5: 0.009722222222222222, 6: 0.002777777777777778, 7: 0.001388888888888889}",87927.93800000001,54.00978992628993,60552.398999999925,55.400182067703504,1093,295.4996708207748,281.95593590815594,36087.05102076318,24851.6860720947,1.0229402465596449,0.0,396,162.52481895142608
1131214,1131214,中野,,,11312,13,164-0001,中野区中野５丁目,139.66583500000002,35.705765,0000-00-00,0000-00-00,0,1131214,nakano,1151,2786,4.841007819287576,955,2.784535186794092,"{0: 0, 1: 196, 2: 8, 3: 797, 4: 148, 5: 2}","{0: 0.0, 1: 0.17028670721112077, 2: 0.0069504778453518675, 3: 0.6924413553431799, 4: 0.12858384013900956, 5: 0.0017376194613379669}",127392.24899999994,45.72586109117013,70348.56999999999,45.68088961038961,1540,458.0931271406063,380.0859569237872,50701.57577574697,27998.433033162328,1.0319889123325805,0.0,523,208.1517858336552
1131215,1131215,高円寺,,,11312,13,166-0003,杉並区高円寺南４丁目,139.649664,35.705326,0000-00-00,0000-00-00,0,1131215,kouenji,1333,3361,5.042760690172544,1178,2.9152288072018004,"{0: 0, 1: 155, 2: 8, 3: 968, 4: 199, 5: 3}","{0: 0.0, 1: 0.11627906976744186, 2: 0.006001500375093774, 3: 0.7261815453863466, 4: 0.14928732183045762, 5: 0.002250562640660165}",143887.1389999999,42.81081196072595,80729.36000000003,42.96400212879193,1879,529.4717883809532,467.905301359912,57152.42371444018,32065.955449399706,1.0200206967412109,0.0,608,241.4995103793095
1131216,1131216,阿佐ケ谷,,,11312,13,166-0004,東京都杉並区阿佐谷南三丁目36-3,139.635868,35.704818,0000-00-00,0000-00-00,0,1131216,asaketani,1295,3435,5.305019305019305,1150,2.905019305019305,"{0: 0, 1: 145, 2: 4, 3: 979, 4: 163, 5: 4}","{0: 0.0, 1: 0.11196911196911197, 2: 0.003088803088803089, 3: 0.7559845559845559, 4: 0.12586872586872586, 5: 0.003088803088803089}",151299.80100000033,44.04652139738001,80149.99800000005,44.13546145374453,1816,512.251187448771,454.894876885009,59848.26465097522,31704.19432395108,1.02751283788682,0.0,571,225.86519539246967
1131217,1131217,荻窪,,,11312,13,167-0043,杉並区上荻１丁目,139.620109,35.70452299999999,0000-00-00,0000-00-00,0,1131217,ogikubo,1173,2810,4.791133844842284,1005,2.8823529411764706,"{0: 0, 1: 168, 2: 9, 3: 796, 4: 193, 5: 7}","{0: 0.0, 1: 0.1432225063938619, 2: 0.0076726342710997444, 3: 0.6786018755328218, 4: 0.16453537936913895, 5: 0.005967604433077579}",132926.7729999997,47.30490142348744,78744.31200000005,48.250191176470615,1632,468.00671588309183,400.9776210251553,53035.483789145,31417.618801017525,1.0311147285603004,0.0,567,226.22319514553536
1131218,1131218,西荻窪,,,11312,13,167-0053,杉並区西荻南３丁目,139.59936100000002,35.703842,0000-00-00,0000-00-00,0,1131218,nishiogikubo,757,1982,5.236459709379128,712,3.155878467635404,"{0: 0, 1: 45, 2: 4, 3: 496, 4: 212}","{0: 0.0, 1: 0.059445178335535004, 2: 0.005284015852047556, 3: 0.655217965653897, 4: 0.2800528401585205}",117507.52699999974,59.28734964682126,67231.95399999991,58.820607174103145,1143,306.7183600821088,288.48543246824505,47611.24964166981,27240.78556934709,1.0133677556235263,0.0,498,201.77773226009276
1131219,1131104,吉祥寺,,,11312,13,180-0003,東京都武蔵野市吉祥寺南町,139.57976499999998,35.703119,0000-00-00,0000-00-00,0,1131219,kichijouji,621,1593,5.130434782608695,541,2.971014492753623,"{0: 0, 1: 80, 2: 0, 3: 399, 4: 142}","{0: 0.0, 1: 0.1288244766505636, 2: 0.0, 3: 0.642512077294686, 4: 0.2286634460547504}",101058.64299999995,63.43919836785936,55587.45999999996,63.0958683314415,881,259.0579084695645,225.6849089887833,42157.87550459321,23189.003421474343,1.024733467713466,0.0,369,153.93296010510358
1131220,1131105,三鷹,,,11312,13,181-0013,東京都三鷹市下連雀三丁目46-1,139.560325,35.702683,0000-00-00,0000-00-00,0,1131220,mitaka,634,1645,5.189274447949527,602,3.194006309148265,"{0: 0, 1: 32, 2: 4, 3: 411, 4: 184, 5: 2, 6: 1}","{0: 0.0, 1: 0.050473186119873815, 2: 0.006309148264984227, 3: 0.6482649842271293, 4: 0.2902208201892745, 5: 0.0031545741324921135, 6: 0.0015772870662460567}",104186.48100000009,63.33524680851068,61792.94599999996,64.50203131524005,958,256.49298396123083,243.54696584331376,42150.002208375554,24999.143702358346,1.0139723396935238,0.0,420,169.91648779766078
1131221,1131221,武蔵境,,,11312,13,180-0022,武蔵野市境１丁目,139.543402,35.702083,0000-00-00,0000-00-00,0,1131221,musashisakai,703,1847,5.2546230440967285,618,2.9246088193456616,"{0: 0, 1: 85, 2: 4, 3: 493, 4: 121}","{0: 0.0, 1: 0.12091038406827881, 2: 0.005689900426742532, 3: 0.701280227596017, 4: 0.1721194879089616}",109360.23400000032,59.20965565782367,59343.237999999874,59.82181249999989,992,294.8589313941335,259.2074247533065,45868.907161098825,24890.304042884352,1.032814503333977,0.0010828370330265,383,160.64149462866732
1131222,1131222,東小金井,,,11312,13,184-0002,小金井市梶野町５丁目,139.52483700000002,35.701643,0000-00-00,0000-00-00,0,1131222,higashikoganei,657,1738,5.290715372907154,559,2.8158295281582952,"{0: 0, 1: 98, 2: 4, 3: 476, 4: 79}","{0: 0.0, 1: 0.1491628614916286, 2: 0.0060882800608828, 3: 0.7245053272450532, 4: 0.1202435312024353}",104722.24800000008,60.25445799769855,53116.38800000004,60.15445979614954,883,267.4186631218116,227.5297301142963,42625.08913131024,21619.95961768561,1.060775471033009,0.002301495972382,383,155.89246267222808
1131223,1131223,武蔵小金井,,,11312,13,184-0004,小金井市本町６丁目,139.506483,35.701337,0000-00-00,0000-00-00,0,1131223,musashikoganei,893,2303,5.157894736842105,718,2.703247480403136,"{0: 0, 1: 175, 2: 2, 3: 629, 4: 87}","{0: 0.0, 1: 0.1959686450167973, 2: 0.0022396416573348264, 3: 0.7043673012318029, 4: 0.09742441209406495}",120261.28399999993,52.21940251845415,61094.15000000008,52.21722222222229,1170,360.1829539598937,289.5983885142258,48506.231263303096,24641.73730869974,1.0562671921329352,0.0,438,176.66308380115726
1131224,1131106,国分寺,,,11312,13,185-0012,東京都国分寺市本町二丁目1-23,139.480841,35.700123,0000-00-00,0000-00-00,0,1131224,kokubunji,572,1606,5.615384615384616,518,2.9475524475524475,"{0: 0, 1: 54, 2: 0, 3: 442, 4: 74, 5: 2}","{0: 0.0, 1: 0.0944055944055944, 2: 0.0, 3: 0.7727272727272727, 4: 0.12937062937062938, 5: 0.0034965034965034965}",99652.59299999998,62.050182440846825,50121.667,61.95508899876391,809,238.48908493270665,215.9743811103881,41549.04845409344,20897.675696034687,1.0618495788374809,0.0,339,141.3423073289992
1131225,1130503,西国分寺,,,11312,13,185-0013,国分寺市西恋ケ窪２丁目,139.465994,35.699744,0000-00-00,0000-00-00,0,1131225,nishikokubunji,604,1587,5.2549668874172175,514,2.8344370860927146,"{0: 0, 1: 90, 2: 2, 3: 433, 4: 76, 5: 3}","{0: 0.0, 1: 0.1490066225165563, 2: 0.0033112582781456954, 3: 0.7168874172185431, 4: 0.12582781456953643, 5: 0.004966887417218543}",97507.69300000028,61.44152047889119,50940.23999999998,62.35035495716032,817,243.9380771736351,207.58968819080863,39380.52837757813,20573.28509331704,1.0742166022887558,0.0,329,132.87355528166546
1131226,1131226,国立,,,11312,13,186-0001,国立市北１丁目,139.44634,35.69923,0000-00-00,0000-00-00,0,1131226,kokuritsu,482,1222,5.070539419087137,414,2.995850622406639,"{0: 0, 1: 68, 2: 1, 3: 285, 4: 123, 5: 3, 6: 2}","{0: 0.0, 1: 0.14107883817427386, 2: 0.002074688796680498, 3: 0.5912863070539419, 4: 0.2551867219917012, 5: 0.006224066390041493, 6: 0.004149377593360996}",85553.46899999997,70.01102209492633,48464.96800000004,70.9589575402636,683,196.98877681057849,169.19782904477074,34964.882178862536,19807.167561169783,1.0391352268150518,0.0,271,110.75510065491034
1131227,1130325,立川,,,11312,13,190-0012,東京都立川市曙町二丁目1-1,139.413704,35.698202,0000-00-00,0000-00-00,0,1131227,tachikawa,550,1427,5.189090909090909,507,3.112727272727273,"{0: 0, 1: 43, 2: 1, 3: 365, 4: 134, 5: 6, 6: 1}","{0: 0.0, 1: 0.07818181818181819, 2: 0.0018181818181818182, 3: 0.6636363636363637, 4: 0.24363636363636362, 5: 0.01090909090909091, 6: 0.0018181818181818182}",92078.21400000004,64.52572810091104,54018.1350000001,66.19869485294129,816,225.63132351081845,207.99105639997265,37774.05325696797,22160.333261156524,1.0253939502448282,0.0,349,143.17333073686478
1131228,1131108,日野,,,11312,13,191-0061,日野市大坂上１丁目,139.39393,35.679244,0000-00-00,0000-00-00,0,1131228,hino,627,1729,5.5151515151515165,544,2.9154704944178627,"{0: 0, 1: 83, 2: 0, 3: 431, 4: 113}","{0: 0.0, 1: 0.13237639553429026, 2: 0.0, 3: 0.6874003189792663, 4: 0.18022328548644337}",104431.2580000002,60.39980219780232,53790.96700000002,60.50727446569182,889,282.00812086210584,244.6769023109817,46970.43513213047,24193.763194618103,1.0545486372037394,0.0023134759976865,395,177.6606184059518
1131229,1131109,豊田,,,11312,13,191-0053,日野市豊田４丁目,139.381495,35.659502,0000-00-00,0000-00-00,0,1131229,toyoda,600,1680,5.6,553,3.058333333333333,"{0: 0, 1: 47, 2: 1, 3: 425, 4: 124, 5: 3}","{0: 0.0, 1: 0.07833333333333334, 2: 0.0016666666666666668, 3: 0.7083333333333334, 4: 0.20666666666666667, 5: 0.005}",103088.409,61.362148214285725,54686.37600000006,61.9324756511892,883,260.42006498430857,240.02049322720444,44743.81695151498,23735.715986127245,1.0233955110558166,0.0017857142857142,404,175.34951042276782
1131230,1130620,八王子,,,11312,13,192-0083,東京都八王子市旭町1-1,139.338998,35.655555,0000-00-00,0000-00-00,0,1131230,hachiouji,773,2228,5.764553686934023,731,3.1630012936610608,"{0: 0, 1: 42, 2: 3, 3: 529, 4: 187, 5: 10, 6: 2}","{0: 0.0, 1: 0.054333764553686936, 2: 0.0038809831824062097, 3: 0.684346701164295, 4: 0.24191461836998707, 5: 0.0129366106080207, 6: 0.00258732212160414}",123141.14000000009,55.26981149012571,65082.039,55.38896936170214,1175,313.5335266586284,296.49806984147136,49946.799354416464,26397.672975167392,1.0228549939101703,0.0,493,199.9638145442481
1131231,1131111,西八王子,,,11312,13,193-0835,八王子市千人町２丁目,139.31264,35.656621,0000-00-00,0000-00-00,0,1131231,nishihachiouji,634,1841,5.807570977917981,579,3.1246056782334386,"{0: 0, 1: 55, 2: 1, 3: 389, 4: 188, 5: 1}","{0: 0.0, 1: 0.08675078864353312, 2: 0.0015772870662460567, 3: 0.613564668769716, 4: 0.29652996845425866, 5: 0.0015772870662460567}",122668.30899999983,66.63134655078754,62198.76699999994,66.16890106382972,940,253.68208442227743,231.6749635339095,49083.2055515394,24887.559717753244,1.031402116823955,0.0010863661053775,435,174.05631975345534
1131232,1131112,高尾,,,11312,13,193-0844,八王子市高尾町,139.282288,35.642026,0000-00-00,0000-00-00,0,1131232,takao,277,679,4.9025270758122765,214,2.649819494584837,"{0: 0, 1: 63, 2: 3, 3: 181, 4: 28, 5: 2}","{0: 0.0, 1: 0.22743682310469315, 2: 0.010830324909747292, 3: 0.6534296028880866, 4: 0.10108303249097472, 5: 0.007220216606498195}",54091.95399999999,79.66414432989691,27600.485999999983,80.23397093023252,344,134.9640206677135,104.26823257361256,26355.478691743698,13447.91538968568,1.071260075829406,0.0058910162002945,166,80.8809654542976
2400101,1130208,新宿,,,24001,13,160-0023,東京都新宿区西新宿一丁目1-4,139.69918700000002,35.690163,0000-00-00,0000-00-00,0,2400101,shinjuku,705,1577,4.473758865248226,673,3.187234042553192,"{0: 0, 1: 32, 2: 3, 3: 486, 4: 173, 5: 8, 6: 2, 7: 1}","{0: 0.0, 1: 0.04539007092198582, 2: 0.00425531914893617, 3: 0.6893617021276596, 4: 0.2453900709219858, 5: 0.011347517730496455, 6: 0.0028368794326241137, 7: 0.0014184397163120568}",89552.24100000008,56.78645592897912,63100.73700000005,58.86262779850751,1072,285.92499158519075,272.94683593877073,36319.46631824112,25591.599568431702,1.0220837323943082,0.0,387,156.95456984889196
2400104,2400104,笹塚,,,24001,13,151-0073,渋谷区笹塚１-５６-７,139.667251,35.673758,0000-00-00,0000-00-00,0,2400104,sasazuka,1328,3409,5.134036144578313,1146,2.841867469879518,"{0: 0, 1: 182, 2: 12, 3: 969, 4: 164, 5: 1}","{0: 0.0, 1: 0.13704819277108435, 2: 0.009036144578313253, 3: 0.7296686746987951, 4: 0.12349397590361445, 5: 0.0007530120481927711}",150985.94600000008,44.29039190378413,81162.77899999997,44.4240717022441,1827,534.3414796758117,461.1109455636147,60751.546533051405,32657.108001100067,1.0302937040924791,0.0005866823115283,566,227.73891377749203
2400105,2400105,代田橋,,,24001,13,156-0041,世田谷区大原２-１８-９,139.659413,35.671092,0000-00-00,0000-00-00,0,2400105,daitahashi,1487,3745,5.036987222595831,1255,2.7942165433759247,"{0: 0, 1: 232, 2: 10, 3: 1079, 4: 164, 5: 2}","{0: 0.0, 1: 0.15601882985877605, 2: 0.006724949562878279, 3: 0.7256220578345662, 4: 0.11028917283120376, 5: 0.0013449899125756557}",158087.0699999999,42.21283578104136,85992.94199999986,42.507633217993,2023,597.1948336336948,504.0211944924592,63489.42936670355,34535.669597418884,1.0274307771077094,0.0,609,244.5808027457432
2400106,2400106,明大前,,,24001,13,156-0043,世田谷区松原２-４５-１,139.650352,35.66875800000001,0000-00-00,0000-00-00,0,2400106,meidaimae,1167,2927,5.016281062553556,981,2.79948586118252,"{0: 0, 1: 186, 2: 2, 3: 840, 4: 138, 5: 1}","{0: 0.0, 1: 0.15938303341902313, 2: 0.001713796058269066, 3: 0.7197943444730077, 4: 0.11825192802056556, 5: 0.000856898029134533}",139602.66300000012,47.69479432866421,76687.12100000003,48.87643148502232,1569,462.9675891587883,389.1784104239687,55382.61210733234,30423.009022192204,1.0311129872855722,0.0006832934745473,571,226.52484439560249
2400107,2400107,下高井戸,,,24001,13,156-0043,世田谷区松原３-２９-１７,139.641372,35.66615,0000-00-00,0000-00-00,0,2400107,shimotakaiko,997,2459,4.932798395185556,826,2.8014042126379137,"{0: 0, 1: 171, 2: 1, 3: 680, 4: 145}","{0: 0.0, 1: 0.1715145436308927, 2: 0.0010030090270812437, 3: 0.6820461384152458, 4: 0.14543630892678033}",124435.7820000003,50.6042220414804,68711.1209999999,51.04838112927184,1346,399.33505629324736,330.84328635729423,49841.09328973358,27521.32334253469,1.0290027649028104,0.0008133387555917,501,200.668869812354
2400108,2400108,桜上水,,,24001,13,156-0045,世田谷区桜上水５-２９-５２,139.63128999999998,35.66768,0000-00-00,0000-00-00,0,2400108,sakurajousui,1048,2501,4.772900763358779,845,2.7290076335877864,"{0: 0, 1: 203, 2: 2, 3: 723, 4: 116, 5: 4}","{0: 0.0, 1: 0.19370229007633588, 2: 0.0019083969465648854, 3: 0.6898854961832062, 4: 0.11068702290076336, 5: 0.003816793893129771}",123644.60799999983,49.43806797281082,67357.05200000003,48.88029898403485,1378,421.3127075971837,339.7034712973476,49707.1036033133,27078.60873462244,1.036544864361852,0.0015993602558976,493,198.1938595853164
2400109,2400109,上北沢,,,24001,13,156-0057,世田谷区上北沢４-１４-３,139.62329,35.668857,0000-00-00,0000-00-00,0,2400109,kamikitasawa,1029,2462,4.7852283770651125,845,2.73955296404276,"{0: 0, 1: 184, 2: 5, 3: 737, 4: 101, 5: 2}","{0: 0.0, 1: 0.17881438289601556, 2: 0.004859086491739553, 3: 0.7162293488824101, 4: 0.09815354713313897, 5: 0.001943634596695821}",124084.27200000016,50.39978554021128,69434.38499999991,50.83044289897504,1366,420.454351179893,345.2710658377159,50701.43058832792,28371.223804421632,1.0461344068817973,0.000812347684809,455,185.9151892972316
2400110,2400110,八幡山,,,24001,13,168-0074,杉並区上高井戸１-１-１１,139.614927,35.669982,0000-00-00,0000-00-00,0,2400110,yahatayama,870,2032,4.671264367816092,724,2.750574712643678,"{0: 0, 1: 146, 2: 3, 3: 643, 4: 78}","{0: 0.0, 1: 0.167816091954023, 2: 0.0034482758620689655, 3: 0.7390804597701149, 4: 0.0896551724137931}",109579.9660000001,53.92714862204729,63022.37799999994,54.99334904013956,1146,350.2692359120556,291.48842160957264,44117.80570355064,25373.333548759445,1.0630458362038542,0.0009842519685039,376,151.38072724475043
2400111,2400111,芦花公園,,,24001,13,157-0062,世田谷区南烏山３-１-１６,139.608247,35.670479,0000-00-00,0000-00-00,0,2400111,ashihanakouen,919,2230,4.85310119695321,768,2.7769314472252447,"{0: 0, 1: 151, 2: 3, 3: 665, 4: 100}","{0: 0.0, 1: 0.16430903155603918, 2: 0.003264417845484222, 3: 0.7236126224156693, 4: 0.1088139281828074}",120430.01800000011,54.00449237668167,66958.62099999991,54.74948569092388,1223,367.3653066764053,307.00386890911784,48141.25189947232,26766.34857268135,1.0502539003418845,0.0,431,172.28993164040335
2400112,2400112,千歳烏山,,,24001,13,157-0062,世田谷区南烏山６-１-１,139.60067,35.667921,0000-00-00,0000-00-00,0,2400112,chitosekarasuyama,766,1982,5.174934725848563,664,2.849869451697128,"{0: 0, 1: 102, 2: 3, 3: 569, 4: 92}","{0: 0.0, 1: 0.13315926892950392, 2: 0.0039164490861618795, 3: 0.7428198433420365, 4: 0.12010443864229765}",115723.55599999994,58.387263370332974,61309.75499999999,58.39024285714285,1050,315.81033245234187,273.75725946260445,47711.08967745063,25277.094137234497,1.0490181940358756,0.0010090817356205,435,179.3439877503508
2400113,2400113,仙川,,,24001,13,182-0002,調布市仙川町１-４３,139.584908,35.66225700000001,0000-00-00,0000-00-00,0,2400113,senkawa,621,1611,5.188405797101449,530,2.824476650563607,"{0: 0, 1: 91, 2: 1, 3: 456, 4: 72, 5: 1}","{0: 0.0, 1: 0.14653784219001612, 2: 0.001610305958132045, 3: 0.7342995169082126, 4: 0.11594202898550725, 5: 0.001610305958132045}",96225.972,59.730584729981366,50651.53500000008,60.15621733966755,842,275.07039850721804,234.7621758596225,42623.05388854171,22435.970881565736,1.0579154557988897,0.0,333,147.5015180401024
2400114,2400114,つつじヶ丘,,,24001,13,182-0006,東京都調布市西つつじヶ丘三丁目35-1,139.575103,35.657936,0000-00-00,0000-00-00,0,2400114,tsutsujikeoka,828,2163,5.22463768115942,698,2.778985507246377,"{0: 0, 1: 130, 2: 1, 3: 621, 4: 74, 5: 2}","{0: 0.0, 1: 0.1570048309178744, 2: 0.0012077294685990338, 3: 0.75, 4: 0.0893719806763285, 5: 0.0024154589371980675}",122149.4590000003,56.47224179380504,62958.38900000003,56.82165072202167,1108,331.9170286410265,279.80445168047885,48965.56217559057,25237.876092881517,1.0543815939711572,0.0009246417013407,422,169.16544213347
2400115,2400115,柴崎,,,24001,13,182-0007,調布市菊野台２-６７-１１,139.56658000000002,35.653997,0000-00-00,0000-00-00,0,2400115,shibasaki,819,2149,5.247863247863248,680,2.757020757020757,"{0: 0, 1: 139, 2: 0, 3: 603, 4: 75, 5: 2}","{0: 0.0, 1: 0.16971916971916973, 2: 0.0, 3: 0.7362637362637363, 4: 0.09157509157509157, 5: 0.002442002442002442}",115352.89299999956,53.67747463936695,58549.87699999999,53.61710347985347,1092,327.0988060189541,271.5838682452855,46070.56602091823,23384.120707273043,1.0488551187253965,0.0,397,158.55705249026224
2400116,2400116,国領,,,24001,13,182-0022,調布市国領町３-１８-１,139.55803600000002,35.650087,0000-00-00,0000-00-00,0,2400116,kuniryou,790,2046,5.179746835443038,659,2.775949367088608,"{0: 0, 1: 131, 2: 0, 3: 576, 4: 81, 5: 2}","{0: 0.0, 1: 0.16582278481012658, 2: 0.0, 3: 0.7291139240506329, 4: 0.10253164556962026, 5: 0.002531645569620253}",115486.95999999985,56.44523949169104,59106.67200000004,56.292068571428615,1050,315.4007599319817,263.1001275888303,46107.18347624598,23597.83451373468,1.046337305898595,0.0,420,167.6814166726991
2400117,2400117,布田,,,24001,13,182-0022,調布市国領町５-６７-１,139.551557,35.649904,0000-00-00,0000-00-00,0,2400117,fuda,782,2096,5.360613810741689,674,2.8516624040920715,"{0: 0, 1: 108, 2: 6, 3: 563, 4: 104, 5: 1}","{0: 0.0, 1: 0.13810741687979539, 2: 0.0076726342710997444, 3: 0.7199488491048593, 4: 0.1329923273657289, 5: 0.0012787723785166241}",120619.11299999988,57.54728673664116,61730.658,57.37049999999999,1076,320.8721766208555,276.55734915915167,49492.73315906252,25329.47646636525,1.04893932939139,0.0,422,173.15608508184278
2400118,2400118,調布,,,24001,13,182-0024,調布市布田４-３２-１,139.54398799999998,35.652181,0000-00-00,0000-00-00,0,2400118,choufu,685,1820,5.313868613138687,596,2.8525547445255475,"{0: 0, 1: 89, 2: 7, 3: 506, 4: 82, 5: 1}","{0: 0.0, 1: 0.12992700729927006, 2: 0.010218978102189781, 3: 0.7386861313868613, 4: 0.11970802919708029, 5: 0.00145985401459854}",107367.18699999985,58.99295989010979,55723.71099999998,59.40694136460552,938,275.636766486594,239.8241063153431,43203.42226487798,22422.63287105612,1.0467121240842314,0.0,376,151.29842948753188
2400119,2400119,西調布,,,24001,13,182-0035,調布市上石原１-２５-１７,139.529822,35.657169,0000-00-00,0000-00-00,0,2400119,nishichoufu,636,1651,5.1918238993710695,539,2.830188679245283,"{0: 0, 1: 97, 2: 0, 3: 456, 4: 80, 5: 3}","{0: 0.0, 1: 0.15251572327044025, 2: 0.0, 3: 0.7169811320754716, 4: 0.12578616352201258, 5: 0.0047169811320754715}",104181.08699999994,63.10180920654145,55109.15699999999,64.3798563084112,856,254.02639494863664,215.28337559326283,41611.235774277135,22011.290065044686,1.0493442389964522,0.0,354,141.39205001858073
2400120,2400120,飛田給,,,24001,13,182-0036,調布市飛田給１-４２-１１,139.523666,35.66012100000001,0000-00-00,0000-00-00,0,2400120,hidakyuu,573,1440,5.026178010471204,455,2.720767888307156,"{0: 0, 1: 118, 2: 1, 3: 378, 4: 75, 5: 1}","{0: 0.0, 1: 0.20593368237347295, 2: 0.0017452006980802793, 3: 0.6596858638743456, 4: 0.13089005235602094, 5: 0.0017452006980802793}",88051.28500000002,61.14672569444446,45859.47799999998,61.39153681392233,747,254.479539064838,202.07363049651187,39105.14907655618,20367.01365304376,1.037199283608619,0.0,290,128.79418207469988
2400121,2400121,武蔵野台,,,24001,13,183-0011,府中市白糸台４-１８-４,139.51128899999998,35.66415900000001,0000-00-00,0000-00-00,0,2400121,musashinodai,561,1383,4.93048128342246,434,2.6791443850267385,"{0: 0, 1: 127, 2: 2, 3: 358, 4: 73, 5: 0, 6: 1}","{0: 0.0, 1: 0.22638146167557932, 2: 0.0035650623885918, 3: 0.6381461675579323, 4: 0.13012477718360071, 5: 0.0, 6: 0.0017825311942959}",92675.95900000005,67.01081634128708,48723.08500000002,68.04900139664808,716,233.9125901387284,180.9591160788024,38641.84244791552,20315.4064383234,1.0461200120524785,0.0014461315979754,301,125.5039030869113
2400122,2400122,多磨霊園,,,24001,13,183-0015,府中市清水が丘３-２６-１１,139.502615,35.666197,0000-00-00,0000-00-00,0,2400122,tamareien,633,1678,5.3017377567140604,543,2.8751974723538702,"{0: 0, 1: 90, 2: 3, 3: 436, 4: 104}","{0: 0.0, 1: 0.14218009478672985, 2: 0.004739336492890996, 3: 0.688783570300158, 4: 0.16429699842022116}",109127.03400000004,65.033989272944,57254.92199999996,65.81025517241375,870,258.5566775549042,221.795064632406,44574.28648098117,23386.480894131408,1.0548068092335672,0.00238379022646,359,146.63798932418737
2400123,2400123,東府中,,,24001,13,183-0015,府中市清水が丘１-８-３,139.495257,35.668766,0000-00-00,0000-00-00,0,2400123,higashifuchuu,594,1644,5.535353535353536,534,2.994949494949496,"{0: 0, 1: 60, 2: 3, 3: 411, 4: 120}","{0: 0.0, 1: 0.10101010101010101, 2: 0.005050505050505051, 3: 0.6919191919191919, 4: 0.20202020202020202}",100171.72199999998,60.93170437956204,52883.92699999993,61.70819953325546,857,251.4136381163721,226.01832113492043,42398.21054613103,22383.401489815868,1.0560301286517055,0.0012165450121654,346,146.44632792637162
2400124,2400124,府中,,,24001,13,183-0023,府中市宮町１-１-１０,139.4799,35.67224500000001,0000-00-00,0000-00-00,0,2400124,fuchuu,524,1491,5.690839694656487,499,3.131679389312977,"{0: 0, 1: 25, 2: 1, 3: 379, 4: 118, 5: 1}","{0: 0.0, 1: 0.04770992366412214, 2: 0.0019083969465648854, 3: 0.7232824427480916, 4: 0.22519083969465647, 5: 0.0019083969465648854}",94728.62000000008,63.53361502347423,50363.57199999997,63.91316243654818,788,232.0021128995864,220.93330980323205,41941.29769477487,22298.57846788251,1.034667632133882,0.0,345,152.7494827296895
2400125,1130321,分倍河原,,,24001,13,183-0021,府中市片町２丁目,139.468798,35.668493,0000-00-00,0000-00-00,0,2400125,bubaigawara,596,1624,5.449664429530201,521,2.865771812080537,"{0: 0, 1: 75, 2: 3, 3: 446, 4: 71, 5: 1}","{0: 0.0, 1: 0.12583892617449666, 2: 0.0050335570469798654, 3: 0.7483221476510067, 4: 0.11912751677852348, 5: 0.0016778523489932886}",104130.03299999984,64.11947844827576,52589.34399999998,64.05523020706454,821,238.8793177557972,208.8190009241113,41735.75711565203,21078.03123480692,1.0752747225177846,0.0024630541871921,365,146.2935419142047
2400126,2400126,中河原,,,24001,13,183-0034,府中市住吉町２-１-１６,139.457602,35.659549,0000-00-00,0000-00-00,0,2400126,nakagawara,464,1268,5.465517241379311,416,2.9137931034482767,"{0: 0, 1: 48, 2: 0, 3: 361, 4: 54, 5: 1}","{0: 0.0, 1: 0.10344827586206896, 2: 0.0, 3: 0.7780172413793104, 4: 0.11637931034482758, 5: 0.0021551724137931034}",87727.6610000001,69.18585252365938,45251.40400000008,69.08611297709936,655,240.1025543782997,215.2643590977859,45395.76615459818,23415.90019311299,1.0797600479856435,0.002365930599369,285,147.47678447805043
2400127,2400127,聖蹟桜ヶ丘,,,24001,13,206-0011,東京都多摩市関戸一丁目10-10,139.446979,35.65081400000001,0000-00-00,0000-00-00,0,2400127,hijiriatosakuragaoka,485,1258,5.187628865979382,419,2.8721649484536083,"{0: 0, 1: 66, 2: 2, 3: 348, 4: 66, 5: 3}","{0: 0.0, 1: 0.1360824742268041, 2: 0.004123711340206186, 3: 0.7175257731958763, 4: 0.1360824742268041, 5: 0.006185567010309278}",79107.76800000011,62.88375834658196,42600.85400000002,63.96524624624628,666,253.93617448392257,219.379911564461,41419.224696663296,22304.94411238787,1.0644894399299938,0.0,278,145.55516805470202
2400128,2400128,百草園,,,24001,13,191-0033,日野市百草２０９,139.431285,35.657362,0000-00-00,0000-00-00,0,2400128,hyakukusasono,452,1136,5.026548672566372,363,2.7234513274336285,"{0: 0, 1: 89, 2: 0, 3: 314, 4: 45, 5: 4}","{0: 0.0, 1: 0.19690265486725664, 2: 0.0, 3: 0.6946902654867256, 4: 0.09955752212389381, 5: 0.008849557522123894}",71364.09499999996,62.82050616197178,36867.60100000002,62.700001700680296,588,226.2685097193857,181.71563944278105,35724.441201598805,18455.701626546328,1.0744665274352645,0.0,241,120.64316558046896
2400129,2400129,高幡不動,,,24001,13,191-0031,日野市高幡１３９,139.41295300000002,35.662361,0000-00-00,0000-00-00,0,2400129,takahatafudou,626,1670,5.335463258785944,540,2.902555910543131,"{0: 0, 1: 86, 2: 1, 3: 427, 4: 112}","{0: 0.0, 1: 0.13738019169329074, 2: 0.001597444089456869, 3: 0.6821086261980831, 4: 0.17891373801916932}",100406.96499999994,60.1239311377245,52310.39500000005,59.98898509174317,872,264.14575954500384,227.85736446374128,42367.53040500574,22072.79396066163,1.0500096890569568,0.0,360,151.90490964249418
2400130,2400130,南平,,,24001,13,191-0041,日野市南平６-９-３１,139.392008,35.654559000000006,0000-00-00,0000-00-00,0,2400130,minamitaira,573,1591,5.553228621291448,517,2.9738219895287967,"{0: 0, 1: 56, 2: 0, 3: 422, 4: 93, 5: 2}","{0: 0.0, 1: 0.09773123909249563, 2: 0.0, 3: 0.7364746945898778, 4: 0.16230366492146597, 5: 0.0034904013961605585}",102296.01000000002,64.29667504714018,52697.00899999996,64.65890674846621,815,260.0284568066201,234.61555352359963,46422.1180065874,23913.99987538317,1.071957495331889,0.0025141420490257,368,166.9990787169916
2400131,2400131,平山城址公園,,,24001,13,191-0043,日野市平山５-１８-１０,139.379926,35.647371,0000-00-00,0000-00-00,0,2400131,hirayamajoushikouen,641,1819,5.675507020280813,574,2.9859594383775354,"{0: 0, 1: 67, 2: 0, 3: 450, 4: 123, 5: 1}","{0: 0.0, 1: 0.10452418096723869, 2: 0.0, 3: 0.7020280811232449, 4: 0.1918876755070203, 5: 0.0015600624024961}",111178.81299999997,61.12084277075314,56298.31900000003,61.061083514099806,922,274.739543934359,246.02261812530747,47652.443648648,24130.06940145252,1.0447337425838594,0.0,423,181.30238234669872
2400132,2400132,長沼,,,24001,13,192-0907,八王子市長沼町７００,139.365849,35.642788,0000-00-00,0000-00-00,0,2400132,naganuma,510,1409,5.525490196078431,452,2.949019607843137,"{0: 0, 1: 58, 2: 1, 3: 360, 4: 91}","{0: 0.0, 1: 0.11372549019607843, 2: 0.00196078431372549, 3: 0.7058823529411765, 4: 0.1784313725490196}",90205.50900000002,64.02094322214336,46043.193999999945,64.30613687150829,716,206.536103640824,183.0476840110833,36530.77324666135,18646.238995957952,1.0478726894252206,0.0,326,132.02111722923263
2400133,2400133,北野,,,24001,13,192-0911,八王子市打越町３３５-１,139.354489,35.644479,0000-00-00,0000-00-00,0,2400133,kitano,670,1806,5.391044776119404,598,2.9776119402985075,"{0: 0, 1: 72, 2: 1, 3: 472, 4: 121, 5: 3, 6: 1}","{0: 0.0, 1: 0.10746268656716418, 2: 0.0014925373134328358, 3: 0.7044776119402985, 4: 0.18059701492537314, 5: 0.004477611940298508, 6: 0.0014925373134328358}",113856.20999999985,63.04330564784046,62002.75200000006,64.99240251572333,954,282.6638275400822,252.28801323726745,48034.376280309465,26158.112236326124,1.0500233811811122,0.0011074197120708,411,173.39527331190118
2400134,2400134,京王八王子,,,24001,13,192-0046,八王子市明神町３-２７-１,139.343851,35.657416,0000-00-00,0000-00-00,0,2400134,keiouhachiouji,616,1794,5.824675324675325,587,3.1996753246753253,"{0: 0, 1: 29, 2: 3, 3: 408, 4: 168, 5: 8}","{0: 0.0, 1: 0.04707792207792208, 2: 0.00487012987012987, 3: 0.6623376623376623, 4: 0.2727272727272727, 5: 0.012987012987012988}",107380.75899999987,59.85549554069112,56966.656,60.21845243128964,946,246.9911868867594,235.36335503657105,43055.3589516413,22841.33438053528,1.0154887256568392,0.0,420,168.40308196824503
2500101,1130208,新宿,,,25001,13,160-0023,東京都新宿区西新宿一丁目1-3,139.699574,35.691435,0000-00-00,0000-00-00,0,2500101,shinjuku,706,1555,4.405099150141643,680,3.2209631728045327,"{0: 0, 1: 26, 2: 3, 3: 485, 4: 177, 5: 12, 6: 2, 7: 1}","{0: 0.0, 1: 0.036827195467422094, 2: 0.00424929178470255, 3: 0.6869688385269122, 4: 0.2507082152974504, 5: 0.0169971671388102, 6: 0.0028328611898017, 7: 0.00141643059490085}",89432.81999999996,57.513067524115726,64755.177,59.51762591911765,1088,293.8460064533632,283.02448213638377,37223.05524484768,26951.91240599245,1.0188876688244335,0.0,392,163.15528970215064
2500102,2500102,南新宿,,,25001,13,151-0053,渋谷区代々木２丁目,139.69867,35.683483,0000-00-00,0000-00-00,0,2500102,minamishinjuku,586,1435,4.897610921501706,533,3.023890784982936,"{0: 0, 1: 53, 2: 1, 3: 415, 4: 113, 5: 4}","{0: 0.0, 1: 0.09044368600682594, 2: 0.0017064846416382253, 3: 0.7081911262798635, 4: 0.19283276450511946, 5: 0.006825938566552901}",83262.75700000017,58.02282717770047,50955.93600000012,60.87925448028687,837,237.5287318344514,216.0457577948167,33749.653718856884,20654.434910439413,1.0315073448738117,0.0,307,124.43911377675184
2500103,2500103,参宮橋,,,25001,13,151-0053,渋谷区代々木４丁目,139.693568,35.678586,0000-00-00,0000-00-00,0,2500103,sanguuhashi,549,1357,4.943533697632059,490,2.9234972677595628,"{0: 0, 1: 59, 2: 3, 3: 409, 4: 77, 5: 1}","{0: 0.0, 1: 0.10746812386156648, 2: 0.00546448087431694, 3: 0.7449908925318761, 4: 0.14025500910746813, 5: 0.0018214936247723133}",83864.95800000013,61.80173765659551,51330.12900000007,66.92324511082147,767,286.5577554029652,255.76193105182685,43774.4155217559,26792.434518733466,1.0389653552520126,0.0,299,156.06697425407395
2500104,2500104,代々木八幡,,,25001,13,151-0053,渋谷区代々木５丁目,139.688913,35.66971500000001,0000-00-00,0000-00-00,0,2500104,yoyogihachiman,663,1625,4.901960784313727,590,2.917043740573152,"{0: 0, 1: 73, 2: 6, 3: 489, 4: 93, 5: 2}","{0: 0.0, 1: 0.11010558069381599, 2: 0.00904977375565611, 3: 0.7375565610859729, 4: 0.14027149321266968, 5: 0.0030165912518853697}",92071.86200000008,56.65960738461544,53388.24800000002,57.84208884073675,923,308.32007642325306,274.37231536910906,42816.898232686624,24827.554605525787,1.0420089922936355,0.0024615384615384,354,164.62338922146543
2500105,2500105,代々木上原,,,25001,13,151-0066,渋谷区西原３丁目,139.680153,35.669159,0000-00-00,0000-00-00,0,2500105,yoyogiuehara,866,2207,5.096997690531177,782,2.941108545034642,"{0: 0, 1: 84, 2: 7, 3: 653, 4: 120, 5: 2}","{0: 0.0, 1: 0.09699769053117784, 2: 0.008083140877598153, 3: 0.754041570438799, 4: 0.13856812933025403, 5: 0.0023094688221709007}",122936.48899999964,55.7029855006795,69744.39599999994,56.61071103896097,1232,351.83257373871686,317.70562663242106,49945.79830400848,28335.27753872085,1.0350817085620614,0.0018124150430448,462,187.69820908462728
2500106,2500106,東北沢,,,25001,13,155-0031,世田谷区北沢３丁目,139.673014,35.66537899999999,0000-00-00,0000-00-00,0,2500106,higashikitazawa,1049,2673,5.096282173498572,920,2.8713060057197333,"{0: 0, 1: 129, 2: 9, 3: 782, 4: 127, 5: 1, 6: 1}","{0: 0.0, 1: 0.12297426120114395, 2: 0.008579599618684462, 3: 0.7454718779790277, 4: 0.12106768350810296, 5: 0.0009532888465204957, 6: 0.0009532888465204957}",130235.85999999994,48.72273101384211,70335.50899999983,48.540723947549935,1449,421.6067184372397,369.7599437199814,52343.482895568864,28268.7541840828,1.0340690704096756,0.0,493,198.14310027603352
2500107,2400605,下北沢,,,25001,13,155-0031,世田谷区北沢２丁目,139.66751599999998,35.661655,0000-00-00,0000-00-00,0,2500107,shimokitazawa,1244,3213,5.165594855305466,1084,2.884244372990353,"{0: 0, 1: 160, 2: 9, 3: 892, 4: 182, 5: 0, 6: 1}","{0: 0.0, 1: 0.12861736334405144, 2: 0.007234726688102894, 3: 0.7170418006430869, 4: 0.14630225080385853, 5: 0.0, 6: 0.0008038585209003215}",150333.99399999992,46.78929162776218,81499.80499999995,46.75835054503726,1743,494.8226031339309,431.1798245958047,59797.956793087375,32417.96275322165,1.0359792293562498,0.0,580,230.7050722007073
2500108,2500108,世田谷代田,,,25001,13,155-0033,世田谷区代田２丁目,139.66155700000002,35.65834,0000-00-00,0000-00-00,0,2500108,setagayadaita,1199,3125,5.2126772310258565,1052,2.9566305254378653,"{0: 0, 1: 147, 2: 7, 3: 798, 4: 246, 5: 0, 6: 1}","{0: 0.0, 1: 0.12260216847372811, 2: 0.005838198498748957, 3: 0.6655546288573811, 4: 0.20517097581317764, 5: 0.0, 6: 0.0008340283569641367}",148236.9710000004,47.43583072000013,80753.42900000003,47.19662711864408,1711,477.0025521231266,418.52100486532873,58973.6559516281,32126.43179790968,1.0289446643397546,0.0,632,251.4308698430492
2500109,2500109,梅ヶ丘,,,25001,13,154-0022,東京都世田谷区梅丘,139.653628,35.656024,0000-00-00,0000-00-00,0,2500109,umekeoka,1209,3168,5.240694789081887,1054,2.9387923904052937,"{0: 0, 1: 155, 2: 3, 3: 813, 4: 237, 5: 1}","{0: 0.0, 1: 0.1282051282051282, 2: 0.0024813895781637717, 3: 0.6724565756823822, 4: 0.19602977667493796, 5: 0.0008271298593879239}",146779.05500000023,46.33177241161624,79745.96100000008,46.25635788863114,1724,479.18016466562415,417.7468102213133,58175.03039236129,31606.850887839933,1.0267285160301198,0.0,624,247.31879466612853
2500110,2500110,豪徳寺,,,25001,13,154-0021,世田谷区豪徳寺１丁目,139.647381,35.653807,0000-00-00,0000-00-00,0,2500110,goutokuji,1004,2731,5.440239043824701,894,3.025896414342629,"{0: 0, 1: 110, 2: 6, 3: 639, 4: 246, 5: 3}","{0: 0.0, 1: 0.10956175298804781, 2: 0.00597609561752988, 3: 0.6364541832669323, 4: 0.2450199203187251, 5: 0.00298804780876494}",136160.19200000007,49.85726547052364,72696.50699999987,49.65608401639336,1464,399.51110953554814,355.7399720366335,54180.786235551066,28927.35275988913,1.02719815302267,0.0,559,222.436962380848
2500111,2500111,経堂,,,25001,13,156-0052,世田谷区経堂１丁目,139.63599299999998,35.650991,0000-00-00,0000-00-00,0,2500111,kyoudou,972,2597,5.343621399176954,860,2.9886831275720165,"{0: 0, 1: 112, 2: 4, 3: 643, 4: 209, 5: 4}","{0: 0.0, 1: 0.11522633744855967, 2: 0.00411522633744856, 3: 0.661522633744856, 4: 0.21502057613168724, 5: 0.00411522633744856}",135281.11600000013,52.09130381209092,72368.79199999997,51.65509778729477,1401,388.0766591408535,343.36000705877984,54011.77319148796,28893.661548785298,1.0332954753478751,0.0,567,226.37805116549785
2500112,2500112,千歳船橋,,,25001,13,156-0055,世田谷区船橋１丁目,139.624544,35.647616,0000-00-00,0000-00-00,0,2500112,chitosefunabashi,914,2369,5.183807439824945,830,2.962800875273522,"{0: 0, 1: 84, 2: 0, 3: 697, 4: 132, 5: 1}","{0: 0.0, 1: 0.09190371991247265, 2: 0.0, 3: 0.762582056892779, 4: 0.14442013129102846, 5: 0.0010940919037199124}",126380.17800000012,53.3474791051077,69332.92600000012,53.16942177914119,1304,367.113810318772,333.374685519235,50761.38806821083,27848.002893227014,1.0337937278249196,0.0,542,217.6976862065366
2500113,2500113,祖師ヶ谷大蔵,,,25001,13,157-0072,東京都世田谷区祖師谷1丁目,139.60965900000002,35.643236,0000-00-00,0000-00-00,0,2500113,shishigayaookura,898,2345,5.2227171492204905,805,2.9576837416481068,"{0: 0, 1: 93, 2: 2, 3: 659, 4: 138, 5: 6}","{0: 0.0, 1: 0.10356347438752785, 2: 0.0022271714922048997, 3: 0.7338530066815144, 4: 0.15367483296213807, 5: 0.0066815144766146995}",125133.48500000016,53.36182729211094,67381.85499999995,52.55994929797188,1282,363.65499604350447,325.9936211748565,50674.18373339085,27287.02473655788,1.0459688297395282,0.0,499,202.0755490264017
2500114,2500114,成城学園前,,,25001,13,157-0066,世田谷区成城６丁目,139.598958,35.64011400000001,0000-00-00,0000-00-00,0,2500114,seijougakuenmae,614,1512,4.925081433224756,524,2.9218241042345285,"{0: 0, 1: 90, 2: 2, 3: 389, 4: 132, 5: 1}","{0: 0.0, 1: 0.1465798045602606, 2: 0.003257328990228013, 3: 0.6335504885993485, 4: 0.21498371335504887, 5: 0.0016286644951140066}",94405.22300000027,62.43731679894197,53873.31199999994,62.93611214953264,856,248.24449938174092,211.8568691792057,38168.69270790992,21781.35727602008,1.0449719298273925,0.0,378,152.82804685064838
2500115,2500115,喜多見,,,25001,13,157-0067,世田谷区喜多見９丁目,139.587445,35.636697,0000-00-00,0000-00-00,0,2500115,kitami,817,2080,5.091799265605875,671,2.7662178702570377,"{0: 0, 1: 146, 2: 1, 3: 569, 4: 100, 5: 1}","{0: 0.0, 1: 0.17870257037943696, 2: 0.0012239902080783353, 3: 0.6964504283965728, 4: 0.12239902080783353, 5: 0.0012239902080783353}",112786.20999999985,54.224139423076856,59528.32199999994,54.91542619926194,1084,330.95287385039256,271.8107446188659,45687.78498187741,24113.915840136517,1.0548578146836092,0.0028846153846153,433,175.40097230993882
2500116,2500116,狛江,,,25001,13,201-0014,狛江市東和泉１丁目,139.577127,35.632001,0000-00-00,0000-00-00,0,2500116,komae,770,1988,5.163636363636363,653,2.8415584415584414,"{0: 0, 1: 117, 2: 1, 3: 541, 4: 109, 5: 2}","{0: 0.0, 1: 0.15194805194805194, 2: 0.0012987012987012987, 3: 0.7025974025974026, 4: 0.14155844155844155, 5: 0.0025974025974025974}",109090.42199999971,54.87445774647874,58133.58900000005,55.26006558935366,1052,318.4201591364312,270.0368362546618,45112.45393961085,24040.13852019728,1.0479445848266755,0.0020120724346076,412,170.37546177170088
2500117,2500117,和泉多摩川,,,25001,13,201-0014,狛江市東和泉４丁目,139.573695,35.627349,0000-00-00,0000-00-00,0,2500117,izumitamagawa,567,1492,5.26278659611993,508,2.9647266313932987,"{0: 0, 1: 59, 2: 1, 3: 409, 4: 97, 5: 1}","{0: 0.0, 1: 0.10405643738977072, 2: 0.001763668430335097, 3: 0.7213403880070547, 4: 0.1710758377425044, 5: 0.001763668430335097}",85647.17900000003,57.40427546916892,46787.42800000005,58.41127091136087,801,243.8924422450397,218.51386359873044,36840.74013705129,20125.396968754787,1.032499131066594,0.0013404825737265,329,141.5178368582329
2500118,1130314,登戸,,,25001,14,214-0014,川崎市多摩区登戸,139.569449,35.62115,0000-00-00,0000-00-00,0,2500118,noborito,573,1535,5.357766143106457,494,2.9232111692844684,"{0: 0, 1: 79, 2: 0, 3: 382, 4: 110, 5: 2}","{0: 0.0, 1: 0.13787085514834205, 2: 0.0, 3: 0.6666666666666666, 4: 0.19197207678883071, 5: 0.0034904013961605585}",94470.28099999996,61.54415700325731,50263.79200000002,62.59500871731012,803,235.25844784347424,202.8231644584228,38786.96627468909,20636.966297813684,1.0293646348480023,0.0,363,149.03807428827426
2500119,2500119,向ヶ丘遊園,,,25001,14,214-0014,神奈川県川崎市多摩区登戸,139.564719,35.617273,0000-00-00,0000-00-00,0,2500119,mukougaokayuuen,578,1515,5.242214532871972,484,2.858131487889273,"{0: 0, 1: 94, 2: 0, 3: 382, 4: 98, 5: 4}","{0: 0.0, 1: 0.16262975778546712, 2: 0.0, 3: 0.6608996539792388, 4: 0.1695501730103806, 5: 0.006920415224913495}",96813.97500000017,63.90361386138624,50711.852000000006,64.03011616161618,792,255.89763268503768,214.2810626635956,42862.39967703886,22451.63127313841,1.0417515688091945,0.0013201320132013,342,151.41347816311918
2500120,2500120,生田,,,25001,14,214-0038,川崎市多摩区生田７丁目,139.542024,35.614954,0000-00-00,0000-00-00,0,2500120,ikuta,512,1419,5.54296875,444,2.869140625,"{0: 0, 1: 68, 2: 1, 3: 373, 4: 70}","{0: 0.0, 1: 0.1328125, 2: 0.001953125, 3: 0.728515625, 4: 0.13671875}",97498.20300000008,68.70909302325586,48889.273,68.76128410689168,711,217.7096579681945,188.79509401929369,41457.61802274143,20788.41192020251,1.0923076150260165,0.0,320,136.06853623012157
2500121,2500121,読売ランド前,,,25001,14,214-0037,川崎市多摩区西生田,139.527903,35.614723,0000-00-00,0000-00-00,0,2500121,yomiurirandomae,706,1802,5.104815864022664,555,2.6742209631728047,"{0: 0, 1: 151, 2: 0, 3: 483, 4: 72}","{0: 0.0, 1: 0.21388101983002833, 2: 0.0, 3: 0.6841359773371105, 4: 0.10198300283286119}",101376.42200000006,56.25772586015542,50688.21099999999,56.25772586015536,901,292.7656529836848,230.1486365523301,42039.00054388047,21019.50027194022,1.0812232281339451,0.0011098779134295,341,141.4066397555758
2500122,2500122,百合ヶ丘,,,25001,14,215-0011,川崎市麻生区百合丘一丁目21番1号,139.516121,35.60903,0000-00-00,0000-00-00,0,2500122,yurikeoka,881,2216,5.030646992054483,673,2.6220204313280364,"{0: 0, 1: 208, 2: 1, 3: 590, 4: 80, 5: 2}","{0: 0.0, 1: 0.23609534619750283, 2: 0.0011350737797956867, 3: 0.6696935300794552, 4: 0.09080590238365494, 5: 0.0022701475595913734}",124771.12200000024,56.30465794223839,62839.60099999999,56.35838654708519,1115,356.66716650570623,272.4597083522592,50512.783820065706,25440.207074936603,1.0773469295135187,0.0,426,172.4633517950407
2500123,2500123,新百合ヶ丘,,,25001,14,215-0004,川崎市麻生区万福寺一丁目18番1号,139.507608,35.603705,0000-00-00,0000-00-00,0,2500123,shinyurikeoka,650,1749,5.381538461538462,552,2.8676923076923075,"{0: 0, 1: 98, 2: 3, 3: 438, 4: 109, 5: 2}","{0: 0.0, 1: 0.15076923076923077, 2: 0.004615384615384616, 3: 0.6738461538461539, 4: 0.1676923076923077, 5: 0.003076923076923077}",113561.13800000024,64.92918124642665,57577.32099999995,64.91242502818484,887,263.1257900868171,223.4545171198816,45970.56024524328,23307.812429549653,1.0805714517220963,0.0017152658662092,408,165.16203439295597
2500124,2500124,柿生,,,25001,14,215-0021,川崎市麻生区上麻生,139.497614,35.589597,0000-00-00,0000-00-00,0,2500124,kakio,542,1387,5.118081180811808,426,2.7084870848708493,"{0: 0, 1: 116, 2: 1, 3: 350, 4: 75}","{0: 0.0, 1: 0.2140221402214022, 2: 0.0018450184501845018, 3: 0.6457564575645757, 4: 0.13837638376383765}",97374.3060000002,70.20497909156468,49253.51199999995,70.16169800569794,702,222.74849865790924,175.07538824403937,40018.41415010312,20241.96651592123,1.1116581536186434,0.0014419610670511,327,134.3888543563401
2500125,2500125,鶴川,,,25001,13,195-0053,町田市能ケ谷町,139.481759,35.583077,0000-00-00,0000-00-00,0,2500125,tsurukawa,513,1293,5.04093567251462,403,2.6959064327485383,"{0: 0, 1: 110, 2: 1, 3: 339, 4: 61, 5: 2}","{0: 0.0, 1: 0.21442495126705652, 2: 0.001949317738791423, 3: 0.6608187134502924, 4: 0.1189083820662768, 5: 0.003898635477582846}",95675.85999999975,73.99525135344142,48294.21199999998,73.73162137404576,655,206.6849051231017,162.36650441444442,38547.28274204893,19457.474902953127,1.1197983246301433,0.0015467904098994,290,116.83942005009644
2500126,2500126,玉川学園前,,,25001,13,194-0041,町田市玉川学園２丁目,139.46338799999998,35.563486,0000-00-00,0000-00-00,0,2500126,tamagawagakuenmae,704,1812,5.1477272727272725,575,2.7173295454545454,"{0: 0, 1: 129, 2: 1, 3: 514, 4: 60}","{0: 0.0, 1: 0.18323863636363635, 2: 0.0014204545454545455, 3: 0.7301136363636364, 4: 0.08522727272727272}",104915.90800000026,57.90061147902885,53365.62500000006,58.13248910675385,918,311.6394743042425,254.53508199565255,46443.09433987549,23623.345626303068,1.0827423536755258,0.0011037527593818,411,181.93724991341432
2500127,1130611,町田,,,25001,13,194-0013,町田市原町田１丁目,139.44523600000002,35.544222,0000-00-00,0000-00-00,0,2500127,machida,639,1726,5.402190923317684,573,3.037558685446009,"{0: 0, 1: 66, 2: 2, 3: 420, 4: 147, 5: 1, 6: 3}","{0: 0.0, 1: 0.10328638497652583, 2: 0.003129890453834116, 3: 0.6572769953051644, 4: 0.2300469483568075, 5: 0.001564945226917058, 6: 0.004694835680751174}",107169.99099999988,62.09153592120504,57934.51299999996,62.42943211206892,928,255.2182235034432,228.8576558176416,42803.96669154924,23139.19168606749,1.0345611704110036,0.0,406,162.1574315217495
