,pc1,pc2
0,0.2303871956069599,-1.5695420092416252
1,1.4485873780738694,-1.9073752031256188
2,2.3031586727545115,-2.714684626719519
3,-0.9403419495632026,-1.5194420517272673
4,1.5958126988545402,-2.0589547323511628
5,3.587462480944268,-1.2907611961203824
6,2.0863027964221947,-1.4243396973323454
7,0.6685497240454459,-1.8795902504187996
8,4.332540551690835,-3.2116467401247877
9,5.560675544281476,-1.211941871397095
10,-2.239507918614288,-0.28497601592190636
11,4.112318325615318,-1.918581906425231
12,3.765203303422072,-2.9360012657201944
13,3.1863352250129435,-2.7009833848787657
14,4.389091620406247,-2.5607627796882597
15,0.2303871956069599,-1.5695420092416252
16,4.132232873811529,-2.415415366671377
17,6.322145151496739,-2.2785825810801223
18,5.519704475415718,-1.7679789927885974
19,1.3737991009302633,-0.2716461397093356
20,-0.6353466389542969,-0.1997822499911077
21,2.2057120158095724,-3.001888613887127
22,1.9897459059515663,-2.8546243623771925
23,2.477309364628912,-2.222321496767969
24,0.9816651154637009,-1.4812445499259848
25,0.5969254073383121,-1.0861273437628616
26,3.694977951683971,-1.3025855670828574
27,1.3144676503948238,-2.4646538875157162
28,3.1251312445433492,-2.4659648250544572
29,0.7102738598251375,-1.168544377432747
30,-0.24367342523565158,0.5308528254289068
31,0.2303871956069599,-1.5695420092416252
32,-0.46920969621272307,-0.6011032370400596
33,0.47404570812359814,-0.16021828930075785
34,1.319614363104631,-1.1662105714405344
35,1.1300185680040207,-1.2788535563758119
36,-1.1434250137035058,-0.7417834129893373
37,1.0520336329699378,-1.0295423812541875
38,-1.7735195352327453,-0.2882009587473138
39,0.1755978542133418,-1.317507266945984
40,-1.0569486731841153,-0.7243600917288854
41,1.4466031395137835,-0.5349930531004645
42,0.1677303881363809,0.7606418508428818
43,-0.24367342523565158,0.5308528254289068
44,-0.31371142923039774,-0.03214153144243877
45,-0.04821315490591063,1.79007997664875
46,2.930397190969989,1.1090145148927426
47,-0.3880550048381225,2.5619453704348074
48,1.0679438147512537,0.9440210759735785
49,-1.1696400541027976,1.8308837759808338
50,-2.1333772984365535,2.6604212413292125
51,-2.1333772984365535,2.6604212413292125
52,-2.4243790002223786,2.4798818652833825
53,-1.1185625850790488,1.4914478925018038
54,-2.498473768501248,2.205056911165977
55,-1.1355500289366391,1.1762320132173882
56,1.8048366906944198,0.4619377165672768
57,-0.6559736252357936,0.9240513220235912
58,-0.9715950234143677,1.4729609440204257
59,-2.3814199560359097,2.6324184854117854
60,-1.1015241539409568,3.0094252167885025
61,-0.712205025840785,2.5075315652045225
62,-2.55208293227774,3.603944801315531
63,-1.0809579978819621,2.279096132478743
64,-2.339418112874795,2.510499791460896
65,-3.775312290205652,2.8277164293300157
66,-4.208493233000501,2.6046811637933702
67,-1.1820818189665083,2.2649148818144633
68,-1.1820818189665083,2.2649148818144633
69,-4.026517498734129,1.6152685492297207
70,-2.305641338911812,2.0649517460796902
71,-3.4775789180458565,4.916214399905738
72,-2.2706476784016187,2.124166011179097
73,-2.7180029561056287,1.2988861524748814
74,-3.200470451213703,2.0783706598409224
75,-3.2984441721424327,2.174820569594384
76,-3.9572976490076286,2.3237214706547458
77,-2.7819877432907436,1.7059900281681997
78,-4.115947463616166,1.7763530305159427
79,-4.932303108144142,1.506204264557305
80,-4.738109532457764,1.7467145124995025
81,-2.3072991333491544,0.6095515512699857
82,-3.141356645456022,3.363742948505668
83,-2.062398915609645,2.57504179309171
84,-2.9836681864824928,1.2054611814762421
85,-2.1333772984365535,2.6604212413292125
86,-1.1696400541027976,1.8308837759808338
87,1.0651144943577104,0.8090911237307895
88,-0.30371088078409747,2.7814733533223004
89,-0.4048196206890639,2.7774534267130093
90,-0.8333355229082186,-0.3365093324815295
91,-0.7224724687367793,0.23477130174634278
92,-1.2041095196782488,-1.369968081407043
93,0.31470908857138963,-1.456442349957468
94,2.219402364266638,-1.8264134722909138
95,1.6563479532200167,-2.1892561123255474
96,1.4762259149123569,-3.0300242332636214
97,2.0206195440397154,-1.8720762904869723
98,3.8945136414687207,-2.3231953952038844
99,2.7873769772594716,-1.9297921372474751
100,1.3323381534665508,-2.126189518543838
101,0.17104315288174415,-1.4800299415082094
102,-1.0436461529779917,-1.4617372397463333
103,2.1410933333446955,-2.6542586842687235
104,1.7944332904166564,-2.3444625666492467
105,3.8014588848792994,-2.891289645055126
106,5.560675544281476,-1.211941871397095
107,1.3737991009302633,-0.2716461397093356
108,-0.23132670627397323,0.0923829780650385
109,0.48182468812543944,-0.9222716263970772
110,-1.5043664899066975,1.1619049015531735
111,-0.8400231869241059,-0.14277226843528157
112,0.896382953863046,-1.6746393830726434
113,0.30400131836480954,-0.20072984110339206
114,1.079112842494764,-1.5086703406138195
115,0.780050165143907,-2.892377564441977
116,5.834599434508086,-0.7747138678600157
117,0.9850884777720978,0.6730577851553775
118,-2.69695628810565,3.2721250605485377
119,-1.7283835536823318,2.303000628190663
120,-3.5436701109876445,2.850497621741866
121,-0.48504886978733786,0.30125878638543685
122,-2.1565725787844996,1.4705171022893337
123,-3.5865506230284434,1.7506517452613175
124,-3.9369906357737974,1.4464739299949374
125,-1.3804879727495363,1.8177192835181437
126,-3.572575137249604,1.8611011117626186
127,-3.9432970116516857,1.185721110317861
128,-2.6917880694853173,1.1386465466249087
129,-2.9836681864824928,1.2054611814762421
130,-3.2413291635504295,2.084193678950675
131,-3.6797564275224466,1.6830492922386147
132,-3.169556806894928,0.8469418951071271
133,-0.7793455208941702,0.1353912809238292
134,1.1431295239947026,-0.27569157093291596
135,3.5235921800692935,-0.3576152539567304
136,0.13613024552541295,-1.005034859336974
137,0.6395005329265117,-0.1518808420575214
138,-0.4788457248779683,0.10770651758469024
139,-0.966036624023587,-0.5170951397014892
140,-2.9739169844391524,0.34060986324509207
141,-0.09260448780259109,-0.014471201639860445
142,-2.621585069650933,0.7960624735632854
143,2.131876589768563,-1.174753521301216
144,-2.709869333803909,1.8188059159703325
145,-2.307667027466922,3.4026486716627597
146,0.044749884293612055,0.43202573290615515
147,0.6059707880155039,-0.023401442175044255
148,1.2946989941352094,-2.06669630695728
149,1.788146885779809,-2.6287291510932858
150,-0.8359948585999203,-2.438558748979458
151,-2.9061961124371254,0.15549806848623596
152,-2.9061961124371254,0.15549806848623596
153,-2.993816583316123,-0.4333982622760248
154,-1.5904490506866709,1.8971460257945723
155,0.28205861003045046,-1.173214314325816
156,1.257199180710695,-1.5255489166745373
157,-0.3817406346250361,-1.4085764684055586
158,2.6555419236667586,-2.235541396408739
159,0.410683174077208,-2.2659865746433097
160,-3.2413291635504295,2.084193678950675
161,-0.3507185458380589,-1.0659119379035873
162,-2.1333772984365535,2.6604212413292125
163,-1.3070699919705364,2.415132164695504
164,-2.70365515769465,2.561439750542753
165,-3.996830171399325,4.020609563992007
166,-3.7334746560706997,3.6627260226300273
167,-2.604106991283903,3.248536371019975
168,-3.3592957643989227,4.202642624209588
169,-0.602529031502573,1.3887128235215946
170,-0.3907804729289348,-0.3941015773313472
171,2.0040682335626765,-1.14845758058535
172,-0.06792768021800458,-1.150893949847226
173,2.0679203779961375,-1.403028453235058
174,2.571452002202265,-1.2312469317939865
175,5.266196611106483,-1.9616767960576431
176,3.248681502873021,-2.503020116137049
177,3.248681502873021,-2.503020116137049
178,3.406081985379243,-2.3743229009633646
179,6.536236735502689,-1.2264556297009277
180,4.878722547331422,-2.576367444671971
181,2.757993345485112,-1.896728582532786
182,3.5071823227458587,-2.4079679344087124
183,4.882897658342147,-1.3873295254583662
184,2.9637554659041907,-3.006610382845657
185,6.068750370937218,-1.8875083032983522
186,4.27681726370634,-1.332966571566205
187,-0.05435429718138892,-1.534923639148491
188,3.1595479417458443,-2.9868233356010707
189,0.7856230762162966,-2.2502839903568197
190,-2.2522881085578184,-0.05936688147649978
191,3.3057709309155996,-3.0772192116874812
192,4.797330146672329,-3.2693815413283622
193,5.644525994791415,-1.6973142346964225
194,3.4658571082978034,-2.447461855714941
195,0.4747717645438315,-3.23948508001512
196,4.404338210003285,-2.06393372377386
197,3.9114446483905625,-2.586404921225785
198,1.7749568642226015,-1.4135142626927004
199,2.3820300257634663,-3.2473739955171124
200,-0.8234990048460329,-1.0343628211898999
201,-0.8234990048460329,-1.0343628211898999
202,5.14482269957837,-1.8681839931405297
203,4.01474313550881,-1.8013168285757
204,2.417980288374249,-4.19401549336247
205,6.972287538971637,-3.0681487598759456
206,3.4064255428827614,-1.8980079193910737
207,4.84688816973672,-2.1788930623417926
208,2.528572706880237,-2.0604061583699704
209,9.046836698650894,-2.09580302179548
210,6.261729029777267,-1.1505622082047855
211,6.372771261635732,-1.770694941978175
212,2.0884128034308342,-1.5205721092525197
213,4.5523400920218435,-2.7013025351230024
214,3.0166602564344194,-2.43579088641768
215,-0.23132670627397323,0.0923829780650385
216,0.5307096055391097,-0.8336933653204628
217,-0.06564030485047914,-0.5586561767294072
218,1.2332723617816375,-0.3738810370299435
219,0.7834691388185474,-0.9084307610497091
220,0.985384610085924,-0.12719685485093893
221,-0.29559486362725457,-0.45998249332795815
222,0.04343233969582596,0.3883580539858402
223,-2.3028371722506225,-0.8402033525428908
224,-0.2763063990337701,1.062469975839949
225,1.3378467216801624,0.05545229067567539
226,-0.5447410455410981,1.5495504113407792
227,-0.49804655851119983,0.43003763913302995
228,2.5163749787247145,1.0695721873590207
229,2.0815399919827526,0.29901923164286925
230,-2.1765877075949076,3.1534439378920984
231,-4.160275819930458,4.279953058451579
232,-2.836136169392097,3.5791896892029893
233,-1.480768343118664,2.417343604275579
234,-2.120372422016146,2.0231027491346136
235,-1.6998633396850271,1.878217198392177
236,-2.9254399841597154,2.678155775792836
237,-4.443163944807299,5.692083733994232
238,-1.9310464221255335,2.3401359031742004
239,-2.1333772984365535,2.6604212413292125
240,-1.756797304803317,2.689984839467761
241,-1.2836060239109015,2.0752807384079612
242,-0.5311844652763462,2.0548028983134468
243,0.6977618540524291,0.04931956941151712
244,-0.5918138596279418,1.2029886616532623
245,-1.1711450627308306,1.0437158794471748
246,0.3195910092588216,1.0214843097505433
247,0.633707820785486,1.037430938426103
248,-4.703758308608027,3.5866983329004323
249,-3.4370783468254387,2.3442042779820764
250,-3.3589699817363563,2.6357393833927243
251,1.2445962813349378,-0.5343345283324247
252,2.5733952194881624,-0.873334242371149
253,2.390272499791865,-0.6348779158926594
254,0.5792947168095133,-0.4463576009068778
255,2.2968156380101137,-1.820677754054811
256,1.4058915810834827,-2.5116138577713447
257,-0.23132670627397323,0.0923829780650385
258,0.48182468812543944,-0.9222716263970772
259,-1.5043664899066975,1.1619049015531735
260,-2.2522881085578184,-0.05936688147649978
261,0.7856230762162966,-2.2502839903568197
262,3.1595479417458443,-2.9868233356010707
263,-0.05435429718138892,-1.534923639148491
264,6.245086110707053,-2.027075200246252
265,5.607854707797219,-1.3621637105517943
266,6.290698006641638,-0.9644126663945193
267,0.14264092427128602,-0.6271317956909991
268,-2.239507918614288,-0.28497601592190636
269,-1.3804879727495363,1.8177192835181437
270,-3.572575137249604,1.8611011117626186
271,-3.9432970116516857,1.185721110317861
272,-3.5664392987174343,0.7510288279417524
273,-2.6012010766163947,2.518283770628085
274,-3.9996065243950656,3.1367440083547105
275,-1.8558094197705874,2.121679610556792
276,-4.363518869628023,4.001871037721597
277,-3.260018100242678,2.4567677609609166
278,-1.1820818189665083,2.2649148818144633
279,-2.33264314405027,2.0566526495591777
280,-2.919164976820687,0.6828677071468333
281,-1.9310464221255335,2.3401359031742004
282,1.594124734149458,0.33902981478624983
283,-2.54516151485074,1.5079107730941173
284,-4.608766594713375,2.71414184597573
285,-4.35442035050317,2.791445042670192
286,-4.450092700404301,3.427007947733428
287,-5.007657860804684,3.054040968510954
288,-1.8558094197705874,2.121679610556792
289,3.215043507572262,-0.7177217487024031
290,5.522203248419738,-1.779026361539373
291,5.421659799232617,-0.7009641208982058
292,-1.9310464221255335,2.3401359031742004
293,0.3930519435604734,-0.2508045800931528
294,-2.0543737347689754,0.7811368724303884
295,-0.17475738878524108,1.2714206312378593
296,-3.1042819932248147,2.8152512833066208
297,-4.095152995905412,3.4115509656792233
298,-2.2770112033282333,1.0837380394596619
299,-0.2546805983056912,0.05847520154536955
300,-2.305641338911812,2.0649517460796902
301,-1.3804879727495363,1.8177192835181437
302,-4.676518173987849,2.6684391084665773
303,-5.232508469040101,3.1617339256897936
304,-2.6703095383058115,1.2573999002780216
305,-1.9750236896392874,-0.20407232646939324
306,-4.898650109701909,0.30982373247395045
307,-2.15202723358145,-0.583560327133233
308,-1.1048612786512462,0.8095980556130455
309,-3.363515901596761,1.2044215074656648
310,-2.7898082982150334,1.1290929376751901
311,-0.6830156552635676,1.16932000812362
312,-2.393448693764593,3.6371566200846415
313,-1.8046531167556166,2.451184527406256
314,-1.7082026497227292,2.405698024460206
315,-0.08561717347432453,0.2077631905337825
316,0.27640883469322525,0.946717230444449
317,-0.7582396598672226,1.0699552168211646
318,0.05034590851332282,0.005625319924514256
319,-0.7083896393693471,2.851670860119744
320,-0.7021123226880611,1.8472937198880728
321,-0.8921700874358123,1.2314627467838855
322,1.4201506464786238,0.9000561253934378
323,0.48842778814961685,0.8827515889066453
324,0.4480515493470963,0.32396936578265395
325,0.7608323880876848,0.3028673252629325
326,0.8087726637498787,0.43739881125224256
327,0.9559391907519751,0.426576132110813
328,0.7046931640872783,-0.0728470107022886
329,2.536520936391393,-0.25563012188292167
330,1.451280225282256,0.24289087081894684
331,6.233010730597813,-0.36335414376698855
332,2.2613742564499644,-0.6892445313387301
333,1.9506491920841162,-1.8564294118783828
334,-0.729151960550698,0.8566800238895547
335,-3.489123544541541,0.9866291260317335
336,-1.7082026497227292,2.405698024460206
337,-1.416371163039418,1.634839249421134
338,0.8087726637498787,0.43739881125224256
339,2.054060955059599,-0.3366037366868271
340,7.085554298273755,-0.15549476209387653
341,-4.208493233000501,2.6046811637933702
342,-1.1820818189665083,2.2649148818144633
343,-2.305641338911812,2.0649517460796902
344,-2.2345354606645103,3.0601804418622374
345,-1.4306284549700987,2.379354003340062
346,-0.21959013997872884,1.757731435659538
347,0.45647801344449473,0.48188286476893216
348,-2.286511528916287,3.050152343602047
349,-2.6628485525300265,2.7134886267194482
350,-1.4083147175924322,2.1730631997750054
351,2.1870704825248937,-0.7114450354115862
352,1.426186140678861,-1.3512420668842757
353,6.226350917996935,-2.1764242224498602
354,5.4181260077324005,-1.8734167935625445
355,1.0586535829386932,-0.5479257616348848
356,3.87568365701919,-2.1721443034855943
357,2.4516516411981204,-1.9238616153950028
358,3.4939350202969175,-3.3956721607630076
359,5.13127601011581,-2.448768651653692
360,5.512147521304436,-2.5868159597951568
361,4.910676756764433,-1.3297570328532573
362,4.08516132422876,-2.304981964099118
363,1.861280266263005,-2.1779716164848746
364,1.861280266263005,-2.1779716164848746
365,1.3363854422079753,-2.4256966659692645
366,3.5167465086891885,-2.98398681029958
367,3.193832368462995,-3.0823696040811486
368,1.3603083453186655,-2.3042388235135896
369,1.1920691147735865,-2.217913798903808
370,1.0045539139539483,-2.3729237271459946
371,3.5071801797044087,-2.6641266859979638
372,2.2549507560273248,-2.0155739005335853
373,-2.2522881085578184,-0.05936688147649978
374,-0.3817406346250361,-1.4085764684055586
375,2.597411730707696,-2.4688858609764663
376,0.3814130441812746,-2.147863598427638
377,-2.3996718722722763,-1.2848755288995959
378,6.212268559867575,-2.7207000032893225
379,6.128366575051386,-1.8305877394472412
380,-2.307667027466922,3.4026486716627597
381,1.8993366258091458,1.4000782852912186
382,-1.3353617908130564,-0.3894418595590154
383,2.0146130694599216,-2.5830109385889055
384,4.301172441518843,-2.907592770815515
385,2.420286056414294,-2.83063665427194
386,3.332916593853732,-2.005059787940058
387,2.465659103879582,-3.0580846980089373
388,2.837335906681712,-3.7785757799545032
389,3.7523485503827305,-2.740546695275874
390,1.8680439786806855,-2.0334547287130973
391,3.230729852218624,-1.9312376402293165
392,0.8438875683480375,-1.9988295553745403
393,1.4149523324744324,-2.488851928592534
394,2.30691368779292,-2.1023461850927196
395,2.2159301193229215,-3.0529893550469978
396,1.7286597425200347,-2.6374966863933063
397,3.4787598533129556,-2.6382761387933655
398,4.858399005757218,-2.7184872544134993
399,3.7914852102353804,-2.50670026382343
400,3.193832368462995,-3.0823696040811486
401,-2.9061961124371254,0.15549806848623596
402,1.9658838495204973,-1.69700003211386
403,3.4340222922022274,-2.477218772744537
404,3.482298602967381,-3.1319074803737497
405,1.0566116874964362,-1.5808877129901955
406,2.595374162985251,-2.915855438811887
407,2.408014179655851,-2.7860256375680117
408,5.215184200493308,-1.557840636515679
409,4.539303335410814,-2.3201910087077464
410,4.115736326281382,-2.8440402191015175
411,3.603356471220957,-2.072078341656275
412,3.4330168790318396,-3.1030635903099606
413,3.4330168790318396,-3.1030635903099606
414,4.257228201928822,-2.9958188910871106
415,-2.9061961124371254,0.15549806848623596
416,-2.82886583414865,-0.9251755265271965
417,1.1622978976732947,-1.1530144158131903
418,2.753764651744695,-3.7986361402057343
419,2.3727905388682546,-3.261311995587708
420,-0.615632924531285,0.047715012591946535
421,0.5055528326013491,-2.394036363457281
422,1.6912640908225487,-0.21878033372799513
423,2.652613919482608,-2.7640653268777204
424,3.3027096874503092,-3.1399196881525473
425,3.1136915235996203,-2.834519427118077
426,2.9358614752690433,-3.313827933968074
427,5.8515871756820435,-2.5233155517217662
428,2.2070931226265844,-2.787491579446074
429,1.8185949922811486,-3.1018783769517233
430,3.332388625103111,-3.0084284904725167
431,3.699625427191756,-2.8495899837767835
432,0.4747717645438315,-3.23948508001512
433,1.079112842494764,-1.5086703406138195
434,0.5765540835982618,-1.9956663033987063
435,1.8703614045542656,-0.9123643785025484
436,-0.6704752872814441,1.1941674304545875
437,0.36080541550294365,0.8073765419611941
438,0.34304548567754267,-1.8093503866066476
439,2.0525769904656475,-2.1384990454373667
440,-0.2094207320480645,-1.6060947030733752
441,1.9349836088753576,-2.4092086125875056
442,2.9330954486869887,-3.5589234140279515
443,3.9942695179126457,-2.256153438779364
444,2.4756491630604853,-2.6019412805108146
445,1.1073281609315744,-0.9877663929645277
446,3.4641467048467742,-0.13050369425824274
447,3.794770768943079,-0.6588057793728832
448,3.959954498040714,-1.9284904444886297
449,1.5389666746844584,-1.231463233799811
450,0.5455568394957191,-1.2930945987676088
451,1.1657217023223887,-0.37072292867098255
452,2.05397626977207,-1.6630596257402894
453,1.1429490544173764,-2.321627371485507
454,1.3038971210631596,-2.0434904120718573
455,1.2134246183936668,-1.586141622565668
456,4.5658782963646125,-2.8356624619849895
457,0.7430088133091417,-1.1892539124145414
458,2.737217356198401,-1.952735839945176
459,3.963747287552013,-2.827073547338881
460,2.0763089216978865,-1.5273927983200974
461,1.570494522062668,-1.9298330487469944
462,2.3196637042891006,-0.43282961005620385
463,3.3490505485901676,-1.4066180309471648
464,2.826078133762311,-2.442995247577928
465,4.895777061020444,-1.0600475792505828
466,3.8111857216559004,-3.1582687489834997
467,4.341946526920762,-2.0703013565520374
468,-3.489123544541541,0.9866291260317335
469,-1.5043664899066975,1.1619049015531735
470,-0.49009381179819317,2.3382361821990196
471,3.0048180370937767,-1.7451415942489203
472,1.6387050495800928,-0.517772592402744
473,0.2554137601218552,-0.4452454086079164
474,2.9775631895543833,-2.3640773756176614
475,2.92512592905831,-1.8417152046085332
476,3.9501866769553238,-2.5448376586431336
477,2.9233403148569983,-1.3209060990782944
478,0.06530232468665181,-0.649011183768222
479,0.5337809143933617,-0.3448340032913327
480,-0.1754046614318315,0.5101517125229624
481,2.2501049255486465,-1.9360402052200774
482,0.34304548567754267,-1.8093503866066476
483,-0.6353466389542969,-0.1997822499911077
484,3.4226515156913924,-2.94890838587437
485,2.383292462206161,-3.17035343149782
486,4.289568478575167,-2.0259192346200297
487,4.514194678340621,-2.431445332731735
488,1.6079502568420598,-2.305270263342239
489,0.069047170903149,-1.7583886191695324
490,6.916408885754499,-2.33206534517502
491,6.6495085511078535,-1.2340241309401778
492,4.247679669732383,-2.2909466028989787
493,6.6456624114579945,-1.872488874460248
494,6.183405100621274,-3.1006199973107056
495,2.369457541132883,-2.4821774691091387
496,6.747423112380009,-1.7599300366400887
497,0.13074194360501465,-2.9003349866229735
498,3.925933160665265,-2.6204612385401473
499,3.743413341573545,-3.107650446313413
500,6.8312665764841265,-1.947637251307795
501,4.065752071075672,-2.463306742279275
502,5.275915107607962,-2.9404501061499952
503,4.213803364748939,-2.046355872524607
504,3.4600631299743494,-1.8310707505516712
505,9.246568902221753,-2.9139822744129744
506,3.169313860707635,-3.01255774130669
507,3.175112426561892,-3.353079776628742
508,3.399756970446634,-2.089835480904241
509,3.948301907944273,-1.4149285189844916
510,-0.021901587516508256,-0.5393375192557359
511,1.7141952167535108,-2.5370697460138887
512,1.4100841206563888,-2.8247718649199505
513,5.598042205541114,-3.0500975119850264
514,3.1782553644147153,-2.7314167110477454
515,2.635335624798051,-2.6293151546466964
516,4.884828394586065,-3.6210326993342785
517,5.058764403612717,-2.9889604306893456
518,4.094472008707562,-2.6301567191339172
519,2.8509479276045235,-2.171453160129425
520,1.649060275506051,-0.8196199234627988
521,6.183623893812666,-2.389689458159022
522,4.127383134409987,-2.1981699717530274
523,-0.8475033344887133,-0.869278642960658
524,2.190934581334608,-1.3844448751589098
525,0.7027583843566766,-2.371756226481981
526,1.3615490622996405,-2.522912961879061
527,1.5048141077894321,-2.071365686977394
528,4.5064444523068925,-2.6374222689852704
529,5.046005472938384,-2.1214677239265263
530,7.426185844849737,0.45292466316848945
531,-1.705209692017938,0.08336853274609288
532,2.4157156746668784,-2.4421535168835566
533,1.4049923417814714,-0.5846832728067245
534,1.4992734454957422,-0.44377061840679616
535,-3.489123544541541,0.9866291260317335
536,-3.489123544541541,0.9866291260317335
537,-0.6439887106202824,-0.9069380360579636
538,-2.939796846137542,-0.883250537405186
539,-3.421660070699231,2.177287741796243
540,-2.191247287026417,1.8373669156641743
541,-3.305525461709879,2.8926240490578934
542,-3.2328719707892835,1.2975963655627925
543,-6.320292461307498,4.1837795722583335
544,-4.443163944807299,5.692083733994232
545,-2.9254399841597154,2.678155775792836
546,-2.631209753312457,0.5754739910865697
547,-6.1511928710991395,2.8997973731293953
548,-7.393328474279684,3.837675100148283
549,-5.2302984237831724,2.6930872509726744
550,-2.3710261799621546,-0.08009147459576353
551,-1.6311669440533718,1.124529434426282
552,-0.48504886978733786,0.30125878638543685
553,-1.3189938135988684,1.6400910613591826
554,-0.8596823802766482,2.058865718553
555,-3.1009995261633327,1.3445819441467675
556,-4.564156172100612,2.9916200636725594
557,-7.339553764616791,4.869919260506304
558,-7.65719786711895,4.611270105849019
559,-1.1018489147942685,1.7198908372145263
560,-0.043393219396766734,1.5107925468019185
561,1.216469020009049,1.180809625479423
562,1.212849732843244,0.6046545670069207
563,-0.09337493093291245,1.1898221549951027
564,1.3213699364024631,-1.4021194031806603
565,2.538123913844609,-1.7544061266904278
566,2.796879191856861,-2.05571438363618
567,0.028096574696407008,-0.6698156866380326
568,2.6647741465089116,-2.228782621569657
569,0.3039980337566358,0.6735390997077981
570,1.2310151764504835,-0.6407401189329932
571,0.5043901319771638,-0.3823078888474673
572,-0.14136934588921565,0.3309411739970285
573,-0.1000388116270086,0.4345573945905219
574,-0.06836100836222232,-1.6627013529628534
575,-0.10028280062212486,-0.6110718273450744
576,-1.819620870470963,2.3312064897015956
577,-4.259526805839778,2.4958069630390036
578,-3.985096171578565,2.1482782840879677
579,-4.05157910850209,3.047998209641738
580,-4.484207724171342,2.262596255996804
581,-5.141451889081807,1.8802006508852498
582,-4.275394164134297,5.3346569239418145
583,-3.4030880235152186,4.91130958442706
584,-2.7862003050343445,5.050920119566519
585,-2.138353087400695,4.400332890344408
586,0.03392798147107349,0.9712670058980643
587,-0.7720178627872258,2.164289397954831
588,-2.931667516075473,3.9307106475558187
589,-0.6984121865952819,2.5629856650880933
590,-1.2354960183454626,2.5583879439085235
591,2.2987365598916836,0.06176833608386891
592,3.3625004887225045,-0.19142805724713777
593,1.9863154073978861,-0.16548254769053544
594,2.155501000392779,-0.546024333326785
595,1.4686539625378223,-0.17454458087440056
596,0.7491463313801727,0.04743487952904985
597,-1.1842686777915878,0.4020456760024662
598,1.4124498852302179,-0.9183121088143766
599,2.349926792783655,-1.0480971887344164
600,1.2836263267197174,-1.624258646515965
601,1.6912260110910151,-2.0901403055944954
602,-0.10028280062212486,-0.6110718273450744
603,-3.1009995261633327,1.3445819441467675
604,-4.564156172100612,2.9916200636725594
605,-7.339553764616791,4.869919260506304
606,-7.65719786711895,4.611270105849019
607,-7.330213132575278,3.9128618801220485
608,-6.192518800309127,3.6670132521867864
609,-5.501147396189077,4.6302560611736325
610,-4.980350200276532,3.331237220136704
611,-4.364428038720287,2.733846923548545
612,-5.73204931018063,3.7226652652133305
613,-5.145463550495976,3.042904835679532
614,-2.7254319804484535,2.758187885275483
615,-2.640103916274771,2.6268236419417157
616,-2.4684305081204108,2.9440484901777113
617,0.2996391280228208,1.328339588874043
618,-0.1601918408113684,1.817789148023566
619,1.6771484908461074,0.4547708002632592
620,0.05799980976900359,-0.11644729169619131
621,-0.42655520395643515,1.415008402521404
622,-0.2111510467217802,1.0863191820179103
623,-0.1988923797550513,0.6443359868961887
624,0.005453470001849279,-0.06797899687866678
625,0.5497222275372395,-1.0133996807537675
626,1.9980472710396615,-0.809330570099042
627,-0.5195208169342881,1.7790650260362046
628,-0.14136934588921565,0.3309411739970285
629,-0.31123400440893045,1.1185330238601212
630,0.6817203364147573,-0.6445134779704548
631,0.024540414477351422,-0.6794638576590198
632,0.2633441394567897,-2.1875505047311967
633,5.776243980140141,-2.3554890574232155
634,-0.01746413146241547,-1.2335655204896017
635,5.2506150799026985,-3.7580902689661424
636,6.024256901474283,-3.6818662931800588
637,-0.10028280062212486,-0.6110718273450744
638,-1.0202458004165447,-0.692681456102312
639,1.9141331903537577,-1.971207754485256
640,3.7087034618198977,-3.214869370275823
641,3.3394507012189645,-3.41230406285773
642,3.1817369811061673,-2.816198674251274
643,3.9942695179126457,-2.256153438779364
644,5.510850777996026,-2.067044634403674
645,1.3560248117141875,-2.648006301173138
646,5.977839849994213,-2.496684468921364
647,1.7543941917975343,-2.901618227557503
648,3.388905335287532,-2.176737866424645
649,2.7463241670729994,-3.322552619822303
650,3.2465616467206724,-3.1640770850848283
651,3.2697120263447457,-2.9464648846226367
652,11.12481003857206,-2.0950125493934992
653,2.538123913844609,-1.7544061266904278
654,1.5413860087814568,-0.9478402266890291
655,1.5311286841693434,-0.43071700295136234
656,0.2092688011471441,-0.35699441242700675
657,-0.6984121865952819,2.5629856650880933
658,-0.9193669040416794,2.7166873666413123
659,-2.792394290831642,3.2991214147389756
660,-0.5366253242273502,2.624540728556919
661,-0.6189760168558364,1.9826493293329412
662,0.6235341256602812,0.6928706876891241
663,0.5653512778534762,0.5821466495140883
664,0.9615274800002623,-0.41975262255932705
665,0.061847094132298386,-1.038659158300909
666,0.5307965445306798,-1.6545739832195958
667,2.11137842454358,-2.099113754669632
668,2.0525458689281595,-2.1591389281436193
669,-0.075123024040966,-1.354610115853548
670,-0.32940920640696203,-1.2747325555136988
671,1.4919954281755334,-1.5349813527386194
672,0.056175442661256056,0.6372309743109834
673,2.8508513225104863,-2.174107394922761
674,2.3643128478660347,-2.4993718819657915
675,1.685311113244263,-2.343800825374388
676,1.7593308670701857,-2.1488812125365655
677,-0.5613715029073768,-1.2497017209944183
678,0.1591184477647329,-1.7291168431257176
679,0.9474421865952134,-1.5287241849824538
680,-1.1842686777915878,0.4020456760024662
681,1.6146840792921051,-0.4522000860464748
682,0.7308498686695799,-2.446937108382859
683,-0.27793289576317276,-1.6622471861350288
684,-7.65719786711895,4.611270105849019
685,-6.542699468372191,3.3069168272161455
686,-5.69737680539542,3.2444608904670473
687,-4.134147398004249,2.5277470855306743
688,-3.0594458850860526,3.8430749382308727
689,-3.3748520090476943,3.931849310653073
690,-3.7748215913760697,3.144796075952475
691,-3.4719407084150813,4.102061209459326
692,-0.7099470756309909,2.5263007921708094
693,-0.4842694408968421,2.2902789819925173
694,-0.8293253470654213,1.9766434863671027
695,-0.5366253242273502,2.624540728556919
696,0.4888143979499704,1.2191215083379332
697,-0.9562376012441831,2.5037816572001748
698,-0.7939818305328386,1.780042995831958
699,-0.6448298552435044,1.9551059340844992
700,-1.1018489147942685,1.7198908372145263
701,-0.9148688873266528,1.5889330529003385
702,0.6667531935800287,0.3430742453832981
703,-5.73204931018063,3.7226652652133305
704,2.008560487777724,-0.4959171725367232
705,1.5595707596688757,0.05363142647189483
706,-1.2354960183454626,2.5583879439085235
707,0.8101297449539225,2.6016400816888448
708,-0.07828536014926485,1.905179527561083
709,-0.43498686377006945,1.9659715745340296
710,1.526068068196661,1.442733072452416
711,2.683353431297838,0.2878372542231126
712,1.6184612327073107,0.8840755457498795
713,0.610994825911745,0.4090395313340075
714,-1.9338987231631681,0.7176531800871366
715,-1.165133320588071,0.9341875165923944
716,-1.850634913987639,1.032131044556049
717,-0.4158394485435581,1.2061021831247454
718,-0.5366253242273502,2.624540728556919
719,-0.8571255595537737,0.20896688566890095
720,-0.3798786770063464,-0.5668965777139777
721,-0.9917949196148922,-0.7396259576186364
722,1.5595707596688757,0.05363142647189483
723,8.918923707940333,-3.2548936400262094
724,-1.9081260525130583,2.8507507549764175
725,-2.1098996454185417,3.415168457072235
726,-2.011509965938128,2.3040407351055174
727,-0.3201985601858467,-0.8758823327611227
728,-2.302953867627336,1.4962105789989533
729,-2.2076954831326674,2.650748531205208
730,-1.1211649818001823,1.3474486084933477
731,-0.5147059946765514,0.46012197557658086
732,1.0544175279274437,-0.45438423430117225
733,-4.59557798450084,2.640404880371471
734,-2.2572799013852154,1.8579657013263118
735,-1.9924976814836668,1.3382354928178608
736,-3.2591639144980897,2.894203830562532
737,-2.743138551422245,1.1436270858145383
738,-0.5165336964760643,0.6072756431841061
739,-0.9008348211021295,-0.4608727024875746
740,1.1878397773460372,-0.005199780204466431
741,0.969345067817351,-1.023423102578557
742,2.003715828355215,-1.4391710231749124
743,0.9473115231755271,-0.2847125237073129
744,-0.12483341089259682,-0.567861110532768
745,1.5799094574315031,-1.2260130562086828
746,1.049221883362293,-0.7742432150474738
747,0.5739809253579524,-1.2784640627894193
748,1.2994803383089444,1.0299018183537785
749,-1.1018489147942685,1.7198908372145263
750,-0.9148688873266528,1.5889330529003385
751,0.6667531935800287,0.3430742453832981
752,0.2063568614632766,2.3186580951125944
753,3.5475885542858827,0.27820299370061485
754,5.20477299264386,-0.2725936960758208
755,5.1000228179855895,-1.38359928857777
756,1.0057234257592653,4.783029065873376
757,-1.8006767117699658,2.261670628069346
758,-3.609387501185131,1.83388449351999
759,-3.9188953355011686,2.6142517434954664
760,-3.970969220347641,2.6186998863517448
761,-3.815621397372324,3.0558835515565597
762,-5.003636376443969,4.12999551587336
763,-5.164833419644514,3.904560305454225
764,-0.8081630327173598,0.6155819091590615
765,-1.6036796989711113,0.8573604753736014
766,-2.9015780362362555,1.2959080760746804
767,-1.3821360229150796,2.3186720006548516
768,-1.849615617712475,2.6951441424672917
769,-0.6128182341227075,0.44585182610321705
770,-1.3702811325620627,1.8027428651761492
771,-1.7889758984292419,1.9191134950006383
772,-0.7794226244610589,0.06973041686316228
773,-1.4246762160642938,0.09824422107388965
774,-1.211347591168186,1.0193029658994588
775,-1.4133766852942493,2.6704340324577682
776,-0.8521295726158777,2.560108840125036
777,-2.629798730762414,1.5191421175165178
778,-2.667219401550005,1.5922892712360242
779,-2.9393381555684424,1.695105955515131
780,-1.219180662751331,0.9781901900279593
781,-0.6762088541674464,2.5880343930270917
782,0.2576370583573732,1.1657584900577649
783,1.1476604175014928,0.30703553635853903
784,-2.184792801520066,1.8342811653646622
785,0.5871547653873473,1.0428897037997724
786,0.7888019044025593,-0.30216332243535104
787,0.5941556389685514,-0.0816997373446098
788,0.7849041772529561,-0.04887970525724257
789,0.008710079274773715,0.5790603750472622
790,0.40512445972795885,-0.732705095902625
791,0.41718800676953205,-0.7657879193257424
792,0.7754544201304794,-0.07353896147352812
793,0.2957327666718007,-1.6505743459872
794,4.52257173915237,-3.1205270032863344
795,2.4093314362057643,-2.2640049815059387
796,1.382648474596425,0.12856311132467263
797,-1.617311206782724,-1.3263871148717015
798,-2.184792801520066,1.8342811653646622
799,2.054060955059599,-0.3366037366868271
800,7.085554298273755,-0.15549476209387653
801,-1.617311206782724,-1.3263871148717015
802,3.8459030778323857,-3.24956960209351
803,-1.3702811325620627,1.8027428651761492
804,-2.0408517422047483,2.347385343354893
805,-0.529644352975973,1.9677507588010963
806,-1.617311206782724,-1.3263871148717015
807,1.382648474596425,0.12856311132467263
808,-1.6532004135651555,-0.38796884004575916
809,-1.2646911325166512,-0.9117294039864822
810,-0.5526220364696756,0.07289418189622358
811,0.23621522300553155,0.007741783917900035
812,2.2440768457996696,-1.6057874008860862
813,3.788780083134976,-1.8771435503542324
814,2.405855424512957,-2.3206784612774065
815,0.2957327666718007,-1.6505743459872
816,0.23716723977912718,-0.6450235741662642
817,-0.25399718761412854,-0.3889315379520218
818,0.7223505879682596,-0.8582436198416694
819,-1.8006767117699658,2.261670628069346
820,-3.428341843329343,1.6050767889296889
821,-3.609387501185131,1.83388449351999
822,-3.2461667917860377,1.9669831639410509
823,-3.9188953355011686,2.6142517434954664
824,-3.970969220347641,2.6186998863517448
825,-3.996746149984692,2.8682962692789022
826,-3.7429178313375084,2.473610277156959
827,-4.303288759115284,2.5728638995672335
828,-4.109955177207321,1.7740912434418825
829,-1.9991871908838492,0.6496892906472777
830,-3.668851888738563,2.379802061872263
831,-2.563323469704134,1.016348557415499
832,-2.965701794912987,2.9809355101576633
833,-2.17346367054878,2.7309589753489263
834,1.3388633228257107,2.572843818486488
835,-2.1648855294315883,4.511462226933935
836,-0.9221721032126371,3.1192887412448123
837,-2.140172800910333,3.059065719397436
838,-0.8898490596288604,2.4598842950022126
839,1.1785459172524335,1.7665202100600215
840,-0.18538399653920512,0.38791384331480094
841,0.4532747353561509,2.23206671339557
842,-0.26382219955350344,1.8237235391671294
843,0.6711343252556612,0.4899898436507383
844,-0.6129751453149949,1.2584163784044866
845,0.582781761115233,-1.1487406634906772
846,4.955674687693597,-1.1818081480229288
847,5.690508001187936,-0.6954477309403294
848,3.0079546440913347,-3.0985472839866643
849,3.097388802795557,-2.2035995651502605
850,2.3653356398634746,-1.7000168336879047
851,1.529575418443795,-1.2093590272188053
852,3.459154124026916,-1.3090516729362474
853,4.01832942299054,-1.7434901505357911
854,3.397529507747991,-2.5363705545773825
855,8.639207811063352,-2.6825242123079747
856,6.300459866758707,-2.9998733369308668
857,5.653579575838508,-2.257034648354792
858,8.130924708298554,-2.8870466361805787
859,7.846387054992011,-2.241010329332811
860,8.843009760704948,-0.759585209362498
861,8.843009760704948,-0.759585209362498
862,-2.8218956418566523,1.127035403106318
863,-2.679630386123805,0.8487811013748161
864,-0.4609259185871718,-0.4645197689737924
865,-0.09997175331993478,0.1356487067150537
866,-1.6078563405705324,1.2461121632685543
867,-3.970969220347641,2.6186998863517448
868,-1.4886607952145743,1.3518023460291597
869,0.07585191478937563,0.5102413581138118
870,-0.448585880925272,1.211148441039524
871,-0.5656835702365633,1.3688516224454592
872,-0.9851865328080971,1.4539934583266436
873,-1.6274805721699874,2.232751398008694
874,-1.5974235635679461,2.702480446965686
875,-1.9215224258246903,2.4867144350348815
876,-1.7694933252097456,2.499312674929677
877,-1.5875958430689499,1.8329447664966132
878,-1.5243538221440158,2.097763878306775
879,-1.977572910596179,2.6809785862796485
880,-1.3140835619043494,1.5628474753694224
881,-0.26114957626189295,0.40778316057561775
882,0.36448562768292386,-1.190318624416663
883,0.9171683296001444,-0.20863228881592044
884,2.597489531648944,-1.0509575646868112
885,-1.1876094698096962,-0.05441967472018989
886,-0.33062873294176864,0.5227642270233832
887,-1.402397886405854,0.9258821166195507
888,-1.3972012771665772,1.9350844082776952
889,-0.099177691727423,0.6735007350179625
890,2.0873608776703403,1.0789607666867542
891,-1.371314528721899,2.747144085946643
892,-2.8767094553334442,3.7075462774302124
893,-5.139181932120792,4.610816989069972
894,-5.31085725737706,5.099595174257672
895,-4.277061180249352,4.26527053311956
896,-2.319578306211758,3.1028655644248966
897,-1.6014873197178094,2.9788407999922173
898,-2.197409788442264,2.601797982714892
899,-3.502242138938056,2.4005592898334998
900,-3.493284794624436,2.8124662665141136
901,-4.481572205632238,3.2771857989992093
902,-4.844380659727827,2.7935948905980834
903,-4.263527357111666,2.4042624345413683
904,-4.119005765246624,2.5438466729965925
905,-5.579506035117831,3.774397398038349
906,-2.508707409967775,2.3673196621729455
907,-0.5236487744400788,-0.007315371948165685
908,-1.2266881244633794,1.5563244470997577
909,-0.5794273978906669,1.985855250283448
910,0.36448562768292386,-1.190318624416663
911,-1.679732343683303,0.7544072867697721
912,-0.5986777593262945,0.09081357992829331
913,-1.3209977462628146,1.3123516212269217
914,-1.5055748132030502,1.4280439976647585
915,0.4182709637220667,0.9704376766808096
916,-0.03169397560795574,0.9572619139839746
917,0.708109176506455,0.7170261839505236
918,-0.099177691727423,0.6735007350179625
919,-1.4121601220635847,1.0652645810114598
920,-0.8179772267851856,0.97779082903435
921,0.12735855397501375,0.7564978744369908
922,-1.1019262559738872,3.1046586684882445
923,-3.097824363342814,3.7459355308434112
924,-0.39519746977861253,0.6556828583808924
925,1.6748008889418362,-0.5029194996757772
926,-1.546811016328349,1.3886093802506232
927,0.1861981627055644,0.5171994226728496
928,-0.448585880925272,1.211148441039524
929,2.4743266361126586,-1.0790420838700243
930,1.7167878727356345,-0.9147990818955459
931,2.4917690728580726,1.0086294537267968
932,1.7390259602479463,1.713158366232993
933,3.089980388084642,1.134161258947971
934,1.3268613620505474,2.2170518473998615
935,0.8229463297649962,2.476270513917114
936,0.5463583650662946,2.4588060849788924
937,0.5241603076903645,2.0613981997953768
938,-0.01131127309403345,2.5897598680485503
939,-0.39170399999663935,2.487838606987476
940,1.2510399202263232,1.4864239090568736
941,1.060176694670456,1.3703336156081092
942,0.6208691637763983,0.13376318490960018
943,1.625459757531455,-0.2707980028559909
944,1.8733173727061834,-0.9556544932716985
945,0.9238217998967347,0.47964404440088515
946,0.07793023655534893,1.4412795321334266
947,-0.49506883730974577,2.4224630334087744
948,-1.6234297241763789,3.1098922382697274
949,0.785100230571611,2.0003339137122484
950,0.9981776606804049,2.4861975059659143
951,0.455031140209376,2.1138895135996942
952,-0.21909746281786563,1.1919418537378756
953,-1.3122065306168949,1.9558458737947524
954,-1.3310279643618068,2.272835808023586
955,0.3490138276436873,0.6224516138738763
956,3.699349281379357,-1.889340330560153
957,1.5469043648406522,0.6397523405704807
958,0.6208691637763983,0.13376318490960018
959,-0.5236487744400788,-0.007315371948165685
960,-1.361952155605861,1.639855357508237
961,-0.6791025525476121,1.687712992372388
962,-0.6302578170175872,1.7682346644206695
963,-2.2230788039556346,2.3316107279043186
964,-2.23734355245804,2.0974965629486713
965,-2.0010889484495693,0.6750334266747139
966,-3.1848253215857176,2.571687498833978
967,-2.882668908351267,2.0587426946994456
968,-3.792517591536071,3.67195816055468
969,-4.123528708719023,3.7408895288113695
970,-5.55511729142837,5.325188316213868
971,-2.9107416769195917,1.7421218491479167
972,-3.456184805010189,1.8376167299759025
973,-2.8553357692698196,2.7440519515497623
974,-1.7755422075733949,0.9803782837468966
975,-3.4131791420072797,1.5766475484516516
976,-3.8350696569886393,1.7654591799617643
977,-3.71007183315889,1.562587501585838
978,-4.27974444917488,3.1530667517953512
979,-2.729064044935533,3.274091609090096
980,-2.23734355245804,2.0974965629486713
981,-2.0010889484495693,0.6750334266747139
982,-3.1848253215857176,2.571687498833978
983,-2.1515925069199167,1.8342513736172137
984,-3.3844040686491224,3.0341420087651048
985,-4.110702227002981,3.5561797449020522
986,-3.901748195440216,3.5524979590445205
987,-4.163529034182832,4.162635720136802
988,-4.543861117960113,3.9961679676590465
989,-2.905299757320506,3.4417615141415845
990,-2.231266520833953,4.7967671639835565
991,-1.8986668699302216,2.7124077464507628
992,-1.6138641178703759,2.6856385670891285
993,-0.972411732229967,2.5214431148159826
994,-0.29326501405139277,2.1847670556188064
995,-1.017285776962587,1.9067196737686312
996,-2.2575768102254505,2.7495795960457983
997,-1.401775037240449,1.949553663384544
998,-1.5331593711434783,2.099968125465095
999,-0.44367191228811176,1.4254840252760985
1000,1.0399852666848426,0.6413414159221544
1001,-0.7017396977600308,2.388170553001223
1002,-4.609234845302564,3.6561018600039064
1003,-2.512646180294005,1.8638770309884982
1004,-5.235235908636579,4.513782711716504
1005,-0.8542052034404746,1.1273335197145526
1006,-3.439545669485144,3.6099755305598316
1007,-3.5522732042842753,3.6664279693914787
1008,-2.383892607143235,2.4522496432681624
1009,-2.738970455614719,2.511945346033484
1010,2.056361104186839,0.11746225971194371
1011,-1.2824568700271501,0.805647916776441
1012,-2.37852875275551,0.211134011110029
1013,-3.8423045086260266,3.332621337912703
1014,-2.460849605680166,3.396147485867919
1015,-2.785299331194273,2.494581305139988
1016,0.178255203241228,0.4169922396469885
1017,-1.7390548621410546,2.9879518711749085
1018,-2.2551760015687368,2.4094557539259993
1019,-1.8039272895728722,1.7749412435884422
1020,-2.094178217203522,2.2434034940801406
1021,-3.398467440106578,2.812371150683089
1022,-2.235924177722052,1.4037721289581995
1023,-2.312252033970132,1.4946337669754945
1024,-3.1848253215857176,2.571687498833978
1025,-2.23734355245804,2.0974965629486713
1026,-2.275680812792134,1.9213677085723777
1027,-1.507968323705647,0.9336982483354077
1028,-2.9107416769195917,1.7421218491479167
1029,-3.5195696249062687,2.7550821433481567
1030,-4.409492570748387,2.668192341595597
1031,-2.0462537299502395,1.885325919616545
1032,-2.369016624371329,1.6836839793456921
1033,-3.860668055038346,2.4561548804936213
1034,-2.2471421511704603,2.0441532031475758
1035,-1.5331593711434783,2.099968125465095
1036,-3.456184805010189,1.8376167299759025
1037,-3.122598870166833,0.7624600872936881
1038,0.06874916793857215,0.6224704045183846
1039,-4.123528708719023,3.7408895288113695
1040,-4.133638137375145,3.929270670712007
1041,-3.470416893840758,3.437511678300248
1042,-3.231396946621444,3.118793866890852
1043,-2.231266520833953,4.7967671639835565
1044,-3.57404578919164,4.056035163784719
1045,-2.1378763096426208,2.9671028422863213
1046,-0.8671134598219618,0.9643550114862731
1047,2.7057370460290553,-0.45125894197603855
1048,1.854067430464338,0.9812530663499748
1049,1.7447584983734088,-0.042683949541186046
1050,-0.966840517517912,3.4343156217348354
1051,-1.8512087984285592,3.8913411109257456
1052,-2.94236905625316,3.8921273730378654
1053,-3.1908301526034473,3.696573702159807
1054,-2.395036240124212,2.2398497944867453
1055,-3.398467440106578,2.812371150683089
1056,-0.4607658877636447,-0.3431624053910879
1057,-2.9054581993267172,2.231111093193524
1058,-5.235235908636579,4.513782711716504
1059,-5.523487544836217,4.73172243693067
1060,-1.2932756775526633,1.8180745394658442
1061,0.4120446120904862,0.7768399165226425
1062,-0.8476754134360124,2.011601059732002
1063,-2.533898657913699,2.2548579326859626
1064,-5.251673387699463,4.41849860429707
1065,-0.3299382019740969,1.260125845400477
1066,-1.3331806148367011,0.6854147441980155
1067,-1.6971676544941199,0.759082606255325
1068,-2.176812604335539,2.5507819854702056
1069,-2.0122769938927902,1.8523167005280627
1070,-2.641986665056165,2.489236938918036
1071,-2.0136921429144397,2.205946430410872
1072,-2.8711941107900976,2.035908427688124
1073,-4.515884044187705,2.9109418335357247
1074,-3.226704247335658,2.188481028896708
1075,-3.178434423033927,2.661190201369563
1076,-2.5893201913224506,2.3143618137531954
1077,-2.5805053400889535,2.0580368403195455
1078,-3.221630192651508,1.749538046795051
1079,-2.4785521076484267,2.6396374367219195
1080,-2.6975445680481394,2.4375371110030146
1081,-3.990941698346543,2.1938305263242883
1082,-2.7819395799024584,0.17814093569751746
1083,-3.2575920729449077,1.5267868323200464
1084,-4.412694784251977,1.6722088398089445
1085,-4.432631000731865,1.7120407684213124
1086,-5.54775426282641,2.288877976504438
1087,-4.622523113096714,1.3889799993955687
1088,-4.140836341947096,0.7431652055131219
1089,-4.828288880418343,1.4018862285799385
1090,-3.5775535188706087,0.8237621430516053
1091,-1.9381562632106253,0.16763383666303874
1092,-2.3173592807927395,1.8403158567770828
1093,-2.9605751431554577,3.288515953005586
1094,-1.8363160138327455,2.424336489434136
1095,-1.3189938135988684,1.6400910613591826
1096,-2.8794651954644235,1.164346247308578
1097,-3.276002942850276,2.7920211180524883
1098,-3.3388051395945397,2.6883438652128704
1099,-1.7822073651922206,2.1203310416249193
1100,-2.7704665429884563,3.993926807753403
1101,-0.1256958520760851,2.5870994392282816
1102,-0.353882263641163,0.0047560040605607356
1103,-1.1075909290303447,-0.4459650444875162
1104,-2.0122769938927902,1.8523167005280627
1105,-2.641986665056165,2.489236938918036
1106,-4.515884044187705,2.9109418335357247
1107,-3.2109606051569664,1.9295845137965937
1108,-1.3044072927232626,0.5040578767765996
1109,1.5188705317744062,-1.171311190515289
1110,0.4882708036769465,-1.5993757509080482
1111,5.001018204983118,-3.0458286260753686
1112,3.846377828056959,-2.6768511806184785
1113,-0.417556976458312,-0.48908348762518233
1114,-0.13879758572206724,-0.8315820005231089
1115,2.3981318431809124,-0.8852065258790358
1116,2.961665765488915,-0.9674011518086154
1117,1.6943125172035136,-2.709155504516583
1118,0.20796072123813047,-1.113752725670611
1119,1.9487953865051961,-1.4026320366205862
1120,2.510111358728848,-1.9885883770769766
1121,3.2016082016270815,-1.7277325029562904
1122,0.8053582102460148,0.1654088507942017
1123,3.1828343864568556,-1.5309786016376936
1124,2.430535742397323,-1.9459606640300047
1125,3.668565504578759,-3.525337834668828
1126,2.5832009789608956,-1.6912557280135752
1127,2.7696003161162044,-2.867968495842036
1128,1.6660237616492872,-2.8196309085275546
1129,2.4014683442371494,-2.5533250375383933
1130,2.281708199523242,-1.8014837371408308
1131,0.4054339942917207,-0.8517549980691254
1132,0.9387918405724663,-0.8182378437704786
1133,1.9371197857462852,-0.9799972043427585
1134,0.6377782982471132,-1.063506610323994
1135,2.961665765488915,-0.9674011518086154
1136,4.800655357823877,-1.781773126059446
1137,1.5569983820778848,-2.2018002806467867
1138,0.8053582102460148,0.1654088507942017
1139,0.9011131518031076,0.4832576021549366
1140,1.9122773328488134,-0.22153289144338154
1141,1.4670439260560115,-2.603359164343587
1142,-0.09094169461902517,-1.906721499263185
1143,2.9044672802941243,-2.4583279406672944
1144,-1.726796585672566,-0.3348952383177872
1145,0.7683929417429345,-1.0983257258488046
1146,3.3252008913477313,-1.5720792678787219
1147,3.333768973870742,-1.5770914221706267
1148,3.9972835503993256,-2.079764449992679
1149,4.687984437434871,-1.9804717069037936
1150,3.413669002380387,-1.2714021458057423
1151,-0.3844234425079325,1.3214121128005027
1152,2.6601907713630255,-0.33746234852080864
1153,12.906900980598468,-2.1028947345072253
1154,-0.12080428627575586,-0.7430656026602239
1155,-1.7175504024683452,1.3683986479159298
1156,-3.8358708994780453,2.224544958631549
1157,-4.505000045142196,2.460358834108098
1158,-3.7358348966047643,2.52299638471902
1159,-2.639982865446501,2.7737567129194693
1160,-0.18967708416438298,1.7330984199406916
1161,-0.34978103942848215,1.4780380224176397
1162,1.8091098395375307,0.5681868355984487
1163,-0.18967708416438298,1.7330984199406916
1164,-0.876254100162103,1.53239830764747
1165,-2.1277085567470664,2.089308516396198
1166,-0.027793306146099154,-0.34988821627096484
1167,2.2832154386424475,-0.5414853056211598
1168,4.245476717344817,-0.5732547865553994
1169,3.7885426669104794,0.7166746057583535
1170,5.877179815705368,-1.459793958354803
1171,2.4373420897151945,-0.18998360060525474
1172,4.545604696716575,0.6107474541492064
1173,-2.2529578759888964,-0.11398158821414602
1174,-0.6592974915272015,-1.3660181648280267
1175,1.4934372643311613,-2.9023425669445797
1176,3.398360550944412,-3.106683396381259
1177,4.004184539131648,-3.175871774945464
1178,6.3239219455568385,-2.851502151080963
1179,3.072394856802908,-2.6570152270740697
1180,3.014876494792846,-2.648662911311444
1181,5.053689389033812,-1.7090927651839534
1182,8.753974316939194,-2.3113589588599015
1183,11.077934273404441,-1.4085642460212824
1184,2.86832232595133,-3.3408107372818407
1185,2.761914918305425,-1.1508373356363057
1186,0.14530983548251,-0.14730131113834516
1187,0.14530983548251,-0.14730131113834516
1188,7.182287261651625,0.08487317467164375
1189,1.9307985744601734,-2.5709250722606085
1190,4.006858046261497,-2.008256576391559
1191,3.47309068396352,-1.3507627139573508
1192,3.2142689389787567,-1.6981332523418557
1193,4.588842794293056,-1.9515152609971531
1194,4.714593588511113,-1.7328486376674799
1195,6.165810998153005,-2.291079726069742
1196,4.777574996077991,-2.372878082756147
1197,3.9570734540362325,-1.1745280093556203
1198,4.45641320559455,-2.0262682395383997
1199,-0.7943280895134567,-0.9086861721069212
1200,-0.617686011586822,-0.08354699393650258
1201,-0.46856838533151,0.6086089008752704
1202,-1.7542174287963377,0.7953569898377542
1203,-2.5787236694724034,2.8653404442478982
1204,-2.314497538481407,2.8431439062302903
1205,0.7547955523302741,0.8893326385911556
1206,1.0280692976151893,0.35987842566518424
1207,0.6620646248493532,0.9149617738439428
1208,0.8295817024504482,0.8351443653583271
1209,-0.6926876371863769,1.2152124749991742
1210,-2.088916744132617,2.2743938483352037
1211,-2.830124223030282,3.1054430682062
1212,-2.336719445622943,2.075548125573958
1213,-1.4358382658116482,0.629197972133339
1214,-2.302953867627336,1.4962105789989533
1215,-0.2878104753985274,0.8896225862838177
1216,-1.484533795912309,1.8722902247860338
1217,-0.055129671813597174,0.35898908543214186
1218,-1.6315290424351636,1.1164034832188003
1219,-3.030444706921229,3.20142290493889
1220,-3.3396318942546195,3.05017285778295
1221,-1.6265937253502232,2.169357149712356
1222,-0.21909746281786563,1.1919418537378756
1223,3.781989367022739,-0.8427589405024801
1224,0.026084670981110877,0.5835295608696959
1225,-0.253400876384115,1.2298455840591067
1226,-0.14599115815924588,1.1218531281035362
1227,0.6620646248493532,0.9149617738439428
1228,-0.2788798100532997,1.7882889813151925
1229,-3.951209338854494,3.818056257302913
1230,-4.658724398701362,4.476870275615654
1231,-2.8401792940074535,3.647948831931489
1232,-1.1611530912738681,2.516275359880009
1233,-4.605637737254547,3.799066221686398
1234,-4.551766465754624,4.002875035166033
1235,-2.699806767625757,2.7111488897946927
1236,-2.2049475715495377,3.265675627664862
1237,-2.5127658650209277,3.496657613686406
1238,-2.874780431032714,3.6720989806209356
1239,-3.312903166784385,3.910690276975012
1240,-3.4740133407565903,3.901498864549603
1241,-2.616055263755729,3.2229891592683173
1242,-1.4988318741398468,2.6232545104820755
1243,-0.6566886709595859,1.4101000819925844
1244,0.4853133545396407,0.8325469913005322
1245,-3.312903166784385,3.910690276975012
1246,-3.275165693567467,3.8059312755913113
1247,-2.4031987647311044,3.1694398857134414
1248,-1.5337426978109867,2.684565101680326
1249,-1.0101982870415203,2.483370216098587
1250,-1.6231787664555983,2.5211705826059245
1251,-1.0749121358348754,1.8575677708087852
1252,-1.6318443686357702,1.781670126095075
1253,-2.3441635343570106,2.199725669553301
1254,-2.5945899684269405,2.6665049290987892
1255,2.3287859254816983,0.6068719392367756
1256,1.2127719574773863,-0.4334325473489656
1257,0.17045151692275148,1.6491725904565926
1258,-2.215407998981131,2.5272956441039285
1259,-1.6138641178703759,2.6856385670891285
1260,0.469245815703637,0.26540517401121844
1261,-0.3642588432281412,0.015878187974427894
1262,-0.8191340193472217,0.7900323516110777
1263,-0.08225730878299563,1.545556480851839
1264,-0.06590042142546836,1.9918649650511004
1265,0.37130953715673476,0.3120880700898297
1266,-0.10815660198650251,-1.3611997996542926
1267,-2.188810236513065,0.1784233358914021
1268,-0.8652969356810933,0.44931946039549236
1269,-1.4166071408124212,0.287462627745484
1270,-1.6544324297477118,-1.3931594139901702
1271,-1.25251387466615,-1.3889491951017525
1272,2.781335307926106,-2.0853922176980517
1273,-2.17346367054878,2.7309589753489263
1274,-1.19476465263284,2.2712548964113037
1275,2.7702147778174604,-0.8824746043366868
1276,0.986163860282932,-0.3597520254577943
1277,0.8218176223379967,-0.49159721129265793
1278,0.842464610573066,0.8282182249127253
1279,-1.0931990953831878,0.8912449730743508
1280,0.014955502876606793,1.0040956946646218
1281,0.35462092005042184,0.9246817609608989
1282,-0.1674136922855006,1.0384806314899409
1283,0.9624248882686255,0.36789513671438856
1284,1.2385170443242874,0.4288277446527759
1285,1.733304938467723,-0.2732428149596325
1286,0.9211451447785506,-0.14647749559977638
1287,1.2867850401868326,-0.46838754319819786
1288,2.1471023987888245,-0.3471310389713221
1289,-2.215407998981131,2.5272956441039285
1290,-3.1619895484223735,1.947199342067686
1291,-2.7032089556591568,1.5226718139645725
1292,-2.4234483060325456,1.6210291268362984
1293,-2.7497888034677653,1.7737377479022276
1294,-1.9574370874200866,2.2350371708956565
1295,-0.4603711269413622,1.8939708234489165
1296,-2.411057126717011,1.7419461492512927
1297,-2.2050614571090836,1.7364769748848043
1298,-1.5463698581617857,1.7838557759877733
1299,-3.702843560660117,1.3043617649437966
1300,-2.279307522974802,1.6030750702858694
1301,-1.4222669533899686,1.9592100972674986
1302,-5.811126053779476,3.6899529478151707
1303,-4.083860179893215,1.8167015762341296
1304,-2.5516255275818307,-0.27991658105485084
1305,-4.033154694489331,0.7802619198240012
1306,-1.6597331392610597,2.8799594459625117
1307,0.5901447357764356,-0.3125052983706092
1308,-2.0346213366711714,2.6085918324077304
1309,-0.5449201880402725,2.0729813107967656
1310,-2.8851372476268287,1.9212626666894772
1311,-2.6898331744490025,1.9677448517158593
1312,-4.093268047530886,1.804373910760039
1313,-4.270400481254406,2.4699269559923067
1314,-6.869733761932911,3.7168910243535547
1315,-3.6534306255507696,0.4372207165155197
1316,-2.5884484858607504,1.9933548086812856
1317,-3.637283517842545,3.1360285178462393
1318,-0.9357868394830706,1.7813242443608386
1319,-2.698732236501185,1.4316674554944249
1320,-0.4263331640334353,-0.37381533139191486
1321,0.0660712322395468,0.3231590102206585
1322,-1.8362824640179196,1.3077006656855203
1323,-2.727880866781984,1.7621516742102528
1324,-2.393138654564278,2.125590361076933
1325,-1.3586228019906799,1.8270994960729567
1326,-2.8813158976056195,2.594770951028571
1327,-5.518749502607149,3.710386253471629
1328,-4.556137571080475,2.8707480517785324
1329,-4.331557195157549,2.5797984037900163
1330,-4.010097863773263,2.7758053021852196
1331,-1.7794903317456645,2.0212779711401545
1332,-0.5501047658205529,1.0179533436041004
1333,-1.3052009886247453,0.9900992727881731
1334,-0.3619504628086649,0.42128468697273835
1335,-0.44070086525762675,1.6077907269042762
1336,-0.4810632497360245,1.5032507624857474
1337,-2.411057126717011,1.7419461492512927
1338,-2.8328575013390034,1.3247199366393252
1339,-2.155898250797115,1.4012302706081097
1340,-3.702843560660117,1.3043617649437966
1341,-3.241434644188674,1.705436962045417
1342,-3.7630350235001506,2.60939993730082
1343,-3.6129388280035823,2.546649848309071
1344,-2.340024231157856,0.5478291980110033
1345,-0.48800236335728897,0.191315124597179
1346,3.9203542445760453,-1.1264923847558315
1347,2.4285692265768093,-0.6501743778614433
1348,-2.534768658809545,2.242192664070851
1349,-4.0278216427179645,3.2124516401134504
1350,-3.4198427142753127,2.069928971155259
1351,-3.1441081953498404,1.6877621324045577
1352,-2.411057126717011,1.7419461492512927
1353,-0.7209570012892296,1.1574808996602972
1354,0.0660712322395468,0.3231590102206585
1355,-1.5449561224582606,0.35793051870228576
1356,-5.284257431402754,3.880422119794935
1357,-4.294963369482936,2.270594238010656
1358,-2.511524260417876,0.31322208712430055
1359,-1.9338987231631681,0.7176531800871366
1360,-5.355127989455796,4.477763467673096
1361,-4.464570996266241,4.174012177262792
1362,-3.1441081953498404,1.6877621324045577
1363,-3.696167073998496,1.3359682513450681
1364,-2.896515909019748,0.903055679495124
1365,-1.466273883439066,1.7832454771513682
1366,-0.7712525236579287,1.9944857661264657
1367,-2.727880866781984,1.7621516742102528
1368,-3.9534875824107805,2.5754432710011606
1369,-6.365076216317865,4.293745891288345
1370,-6.8575211901476605,4.006771864921365
1371,-7.692924068675449,5.614376691307788
1372,-5.374078614222581,4.338952477320197
1373,-3.7973168069529484,2.753928173897372
1374,-2.9054581993267172,2.231111093193524
1375,-2.561792793146837,2.337529028112545
1376,-2.698732236501185,1.4316674554944249
1377,-0.9705857991038033,1.5588201116820157
1378,-0.7209570012892296,1.1574808996602972
1379,-0.5791542898721707,1.440290978461699
1380,-0.7712525236579287,1.9944857661264657
1381,-1.9458003579186904,1.6980049635693701
1382,-2.279307522974802,1.6030750702858694
1383,-3.9188953355011686,2.6142517434954664
1384,-2.6465442289251255,2.8389641892323363
1385,-2.9190546366471057,2.6160168278405393
1386,-3.696167073998496,1.3359682513450681
1387,-3.3820764425860643,1.8267472353236613
1388,-2.2050614571090836,1.7364769748848043
1389,-0.5791542898721707,1.440290978461699
1390,-1.0146454592291292,1.5812350378523328
1391,-1.8362824640179196,1.3077006656855203
1392,-4.230073817356217,2.0452342480697783
1393,-1.540095396817044,0.6689337181242763
1394,1.0142374107071168,0.15485481008830604
1395,-1.4190845217884231,1.5215746985131964
1396,-3.4368870808057577,4.4048848786952535
1397,-1.330970326494241,1.7459262251842642
1398,-1.044279359581731,0.6062615673599834
1399,1.5113320496819245,-0.5032450674867558
1400,0.15756424139551553,1.621785502736881
1401,3.9203542445760453,-1.1264923847558315
1402,4.468745039406276,-1.0130746855605182
1403,4.554397819903109,-1.7848214628225068
1404,4.846196642642476,-1.8567932413034192
1405,4.55607949517554,-1.916873553013214
1406,3.937761051707804,-2.031690400524972
1407,4.117630903551008,-1.0405208179778436
1408,4.619734401730303,-1.6829128393876478
1409,3.4325868178680894,-1.4671178692017632
1410,-0.48800236335728897,0.191315124597179
1411,-0.07304009744759751,1.3450242883800072
1412,-2.9893826733774684,3.47823774487449
1413,-2.296689285499265,2.9370902754188104
1414,-1.7121565618295738,2.598247200544201
1415,2.9281313283691817,0.7914154248041676
1416,1.803738941428797,0.9409841752624238
1417,4.260909515390034,0.8529263127420686
1418,1.242280089311599,0.6235381818856502
1419,-1.939800529975563,1.0861741689660025
1420,0.4808420097619389,0.7088023226837874
1421,1.5058875861444454,0.9410470661833209
1422,-0.8609984244642198,2.4680681058518132
1423,-1.265807929379065,2.737183626970918
1424,4.260909515390034,0.8529263127420686
1425,3.1714729583881702,0.24029789003053847
1426,2.7285449282373464,0.021510134429120326
1427,0.5649616666680846,0.20548328593581697
1428,1.32456207919872,-1.1451592901363832
1429,-1.3808057085382126,2.074350987332255
1430,-2.8813158976056195,2.594770951028571
1431,-4.609498047696909,3.2723029599996405
1432,-5.020176179694838,3.136869907972492
1433,-4.520488963723085,2.4610232715666633
1434,-3.5394827505848,2.4344879637618186
1435,-3.8874183931448743,2.413029861988153
1436,-3.7087097297007543,2.3353699792709284
1437,-4.234169577768246,3.070886216957214
1438,-4.661700143604221,3.890197469186395
1439,-4.910739337980512,4.077595628175156
1440,-2.1273130011384316,1.6246830189531893
1441,-2.6449111492975494,1.4635832356195717
1442,-2.655573367041303,1.750013529617044
1443,-3.396705177588507,2.213005310739558
1444,-3.8475612875114718,2.5174901149114906
1445,-3.9540415741542017,2.588208576526381
1446,-4.2202906491343875,2.807793435100948
1447,-3.7840463308056425,2.7217700030842615
1448,-4.176613666995605,2.757629285910201
1449,-4.4999863815933745,3.2422523010109767
1450,-3.797564775974833,3.1241663410924794
1451,-4.661700143604221,3.890197469186395
1452,-4.91782803440759,4.187479365295541
1453,-4.891671359218791,4.063986870651261
1454,-5.193373598373204,4.15603924447112
1455,-3.2725502646642077,2.3965392276609405
1456,-1.8712626754125616,1.3564440301820515
1457,-1.889748355485398,0.8999394107321541
1458,-2.797580786637944,1.1808138569160331
1459,-3.0492916939942916,1.571267777808875
1460,-2.7223225498138013,1.4537021445805098
1461,-2.739567381281796,1.591085114489148
1462,-2.8522649059376652,1.6758478472244773
1463,-3.578615643265403,1.9543315522654932
1464,-3.949357215495661,2.532856681623192
1465,-3.8125281683237358,2.4134513571466725
1466,-2.727938333013892,1.5655700661154608
1467,-2.4052086335539684,2.651964740945535
1468,-2.4361195663915796,3.706344258256678
1469,-2.2892269729812704,2.7983969758463823
1470,0.02648155916335193,0.4452478788305114
1471,-2.831168748515119,3.2970391208773013
1472,-3.134804364095591,2.173369781426705
1473,-2.0667921636297466,2.602311669814636
1474,-3.035160312722348,1.763829608797477
1475,-4.378538247721132,2.057836946271783
1476,-4.828313110364508,2.816125532555785
1477,-4.688942369806932,3.4219075110168675
1478,-4.517112908796484,2.774054003837436
1479,-3.328598354332482,1.7843520825586274
1480,-4.828313110364508,2.816125532555785
1481,-5.151161725115116,2.9300631872567986
1482,-5.151161725115116,2.9300631872567986
1483,-1.8365869186902974,2.8080247685521686
1484,-0.10806292384367412,1.3251397421749105
1485,1.6312730926508368,0.12014558884945173
1486,-8.159609365187846,8.910498165731633
1487,-2.828823491115981,2.7913311537976395
1488,-1.6337441895135827,-0.12644623176671696
1489,-1.9084286022180634,0.7258717526452825
1490,2.4031225296054677,-0.4126260770617119
1491,2.8514755042191933,-0.9980800722842966
1492,0.18020580720706558,-1.678831391122959
1493,0.5818991580914903,0.3321403281461803
1494,0.7331327571136281,-0.374707235315281
1495,0.020594017278921694,-0.7953844031474196
1496,1.5676900553584838,-1.2171480544705744
1497,6.504591640531829,-2.3929879158951137
1498,3.3600067481281686,-1.6263407184970133
1499,1.5676900553584838,-1.2171480544705744
1500,2.495823717766679,-0.6120787533976106
1501,-0.4339677253158437,-1.0298933977160933
1502,0.18953973580927258,-0.6102953894785581
1503,3.4277529276961736,-1.0050229883716397
1504,1.2693786286301658,-0.9292369251895614
1505,1.5841278082241521,-1.6673625525261766
1506,1.6118539970442993,-1.3886359183081969
1507,1.0872410079855024,-1.05036941708383
1508,1.0120254368817967,-0.69822508068074
1509,1.0120254368817967,-0.69822508068074
1510,1.0872410079855024,-1.05036941708383
1511,1.6118539970442993,-1.3886359183081969
1512,-0.023727636995412867,-0.7238212008288256
1513,-1.1110649258805092,-0.9797494235641642
1514,-1.6722556266899327,-1.022136654961689
1515,-2.828823491115981,2.7913311537976395
1516,-2.729347915335692,2.1791814517407286
1517,-1.7427617948257146,0.8722184462505449
1518,6.898511172560963,-1.3009760834817878
1519,4.407933978318194,-3.4121831553127637
1520,-0.3475924340766031,-1.4431036551588972
1521,0.7445624031049232,-1.6026186639160434
1522,-1.1187282529684281,-2.0248688453426
1523,0.6698979461969049,-1.0520810014863673
1524,-0.6484413199836662,-0.7947671978715733
1525,-1.9375015901657981,-0.1273981853202057
1526,0.815358235284199,0.417163296334861
1527,-0.1837234351971699,0.836645883308248
1528,-1.3706564398829222,0.7026201339899086
1529,0.6305814444486588,-0.9281214283105463
1530,0.6228369952850211,-2.3269120632916254
1531,1.2335434402610996,-2.3451651042440096
1532,-0.32082477199949594,-1.3804708838594513
1533,4.977506145095218,-2.663966558983408
1534,3.332916593853732,-2.005059787940058
1535,-0.38962496031717153,1.134170011337202
1536,2.8514755042191933,-0.9980800722842966
1537,-3.328598354332482,1.7843520825586274
1538,-3.245660478854491,1.4916209561251648
1539,-1.5907526037897288,0.7919493474185769
1540,-1.319783433126855,0.9546292251797938
1541,0.1834844801387787,0.48323181218553163
1542,1.280196969854994,-0.2535152535191609
1543,4.0419790440768795,0.06374895915764651
1544,3.3599235039477557,-0.26551767427001355
1545,1.4834625470894658,0.16952256110536043
1546,-0.40369488149374133,-0.1803738439185868
1547,0.09971604011916363,-0.897709808416886
1548,1.5691894254893144,-0.1574948315173769
1549,0.8446764420900998,0.063489855457232
1550,-0.27254039285159104,0.06753841378223382
1551,-1.8964654289069645,1.178700446516349
1552,-1.101772881502577,0.7325513735704431
1553,-0.9828425525121538,-0.6068935528140654
1554,-2.984161415067439,0.21180746362746006
1555,0.8217663324944717,-0.6803699094234636
1556,-0.437244456777025,0.618073503698971
1557,0.8480968361081658,0.18877070719615727
1558,1.3562686320527908,-0.5762916153719756
1559,1.170420256896442,0.5378496365073816
1560,-0.23466865616388885,-0.015125782881057906
1561,-0.20512775820660933,-0.006887311603623486
1562,0.6083369150985708,-1.8388191794103028
1563,-1.332666271901118,-0.7027329655714099
1564,-1.0996756274227704,-1.275637171415314
1565,0.6066739376444747,0.07407734453513853
1566,-1.6276549406077254,2.9175346607673323
1567,-2.1440501709272453,-0.4284626667875196
1568,-1.0252306049833042,-0.9414300083469732
1569,-2.4295082164926227,2.9205130046013625
1570,-1.6418451838153598,3.5338353936968723
1571,0.44234384894527723,-0.8069794008727698
1572,2.614437779113782,0.8237331781672216
1573,-0.2024972135646629,-0.9864187775632254
1574,-1.1241494143111819,-1.3878958976214266
1575,-0.09811200920391322,-1.0749226638227662
1576,-1.88815225183517,0.5252641847469675
1577,-2.223884383535127,0.8779379113649208
1578,-1.1435794516252904,-1.118908676265979
1579,-2.6209230096689664,0.06720814417242674
1580,-1.88815225183517,0.5252641847469675
1581,-3.7977537612109367,0.2112960116609602
1582,-2.96656018802111,-0.3526537400722439
1583,-3.5869734009901846,-0.6746890740561333
1584,-2.7318957690295114,0.2532097695290019
1585,-1.834143815036909,1.114575590146824
1586,-2.651090717673819,1.7524045271883812
1587,-0.8652969356810933,0.44931946039549236
1588,-0.4894023992543488,-1.269480010664484
1589,1.9453268687958567,-2.579610881332425
1590,3.1065436021258783,-2.573417911187592
1591,3.6445037874883344,-2.851915605596477
1592,3.5716286087911846,-3.337480372923269
1593,3.471762830070275,-3.6428919721165323
1594,1.7016182231298769,-3.3761362720545987
1595,2.172488887258832,-1.8628171774962847
1596,0.9478055923233524,-0.7589366589348893
1597,-0.614645819779113,0.08765202608690921
1598,3.128277844777789,-2.0998108381989313
1599,3.3341199695987105,-1.3174543693305434
1600,3.3822831875867685,-0.8396603076984711
1601,3.266421393716801,-1.2579471756653733
1602,3.2275352907277193,-0.921810077276185
1603,3.967272955028751,-1.50389035226786
1604,4.091143991838508,-1.0578659396225618
1605,0.6781281272446216,0.9071199725654263
1606,0.3951937741708344,-2.2555391964403504
1607,4.705877605856623,-3.0999561843972265
1608,5.442069612084071,-1.8313217966059152
1609,3.7360001530764944,-3.8705008766830495
1610,3.4330168790318396,-3.1030635903099606
1611,4.649212317498786,-2.2564356406819757
1612,9.059896731769143,0.28497242439282844
1613,-3.6978390419636553,1.710315511324552
1614,-3.2579210781246735,1.5158978089229056
1615,1.273123541124071,-0.5355478573270522
1616,1.7206281475434735,-2.108283271770282
1617,1.9445605141660107,-2.5905515100865433
1618,1.8115389983407293,-1.7353148795567082
1619,2.261611436843816,-2.1426487082176733
1620,1.4370234144663776,-2.027711135301862
1621,0.26078036958964323,-0.8503974919942368
1622,-1.0983702457698261,1.6397772698738078
1623,-2.8832236525000656,3.2519128893886267
1624,-2.8609081069045206,2.8964825694187453
1625,-4.424402455637893,2.553793245943097
1626,-5.0737785862136935,2.838258868269192
1627,-4.919421898304566,3.6942311626256386
1628,-4.716896776340174,3.127407262886808
1629,-3.6978390419636553,1.710315511324552
1630,-3.6744442241786683,1.6475591519490629
1631,-0.6881463986418185,-0.7064209597926223
1632,0.6185074032326981,-0.6530936060371845
1633,0.12162247560114152,-1.222740762975897
1634,0.21411395462786828,-1.1067315959522428
1635,-0.9548414997862782,0.029724238919957385
1636,-2.9717065761125974,1.164918555361892
1637,-2.3248083098821795,1.8346027699689476
1638,-1.26981866274624,2.348184341306283
1639,-1.9488985167683652,2.6223449675224972
1640,-3.095010645481475,3.3372914790802146
1641,0.5123307218562493,1.027350917988019
1642,4.855667163586172,-0.16729753031187652
1643,3.5126345705010387,-1.6777861279016477
1644,2.9328642108186176,-1.832890381467619
1645,2.559695179037633,-2.4105273904697304
1646,2.2012259366616567,-3.2111356220601883
1647,2.0916618325743235,-3.6017981326826805
1648,4.321771699060892,-1.084433458309352
1649,3.076763306948137,-2.280897562194945
1650,3.175459353953571,-2.1561909742266083
1651,3.500735754989587,-1.8750676729966498
1652,-4.222967287091234,1.7630772930672267
1653,-4.429148813728044,1.7617762551297365
1654,-1.1668521094849669,-0.1876004654210004
1655,4.364896765065837,-1.8625211258682326
1656,3.9156538242071783,-1.792601761089271
1657,4.3458633365439745,-2.517025458335163
1658,2.889894037745064,-2.1567109540702663
1659,-0.28413163324731766,-1.1782887486988634
1660,-0.37402377060706204,-1.011919743518765
1661,-2.0378540874059654,-0.806767297252842
1662,-2.1705421894657104,-1.007392319917737
1663,-3.4755946359943994,0.8933766298556566
1664,-1.8929746886429626,0.37830694029559864
1665,0.5343047867916221,0.6971527666989158
1666,2.14048771222515,-1.1228537094576685
1667,2.487162144281443,-1.4696759194696705
1668,3.3418217827544647,-0.4373474517796847
1669,3.695126006734238,-0.22016992013268794
1670,3.4943566519751013,-1.6122607620548894
1671,4.679495681185026,-2.1999741749540234
1672,5.11794993274089,-2.30101086815881
1673,3.8158482879904363,-2.880100800570787
1674,2.662112724642179,-3.5560474313804025
1675,3.2496699782222698,-2.338827447357828
1676,2.582357233052207,-2.1561783361977356
1677,-0.15266117471824447,1.0514785026135431
1678,-0.6304308066680935,0.4039694522416659
1679,-3.1234638078173447,1.0262106426395525
1680,-2.6898331744490025,1.9677448517158593
1681,-4.001082665955254,1.688587080893558
1682,-2.253051692060807,0.9751489366318877
1683,-4.1801513234706125,2.6764704035012725
1684,-3.4368870808057577,4.4048848786952535
1685,-4.5158869998913165,5.718748759923363
1686,-5.284257431402754,3.880422119794935
1687,-6.365076216317865,4.293745891288345
1688,0.14530983548251,-0.14730131113834516
1689,4.792275108904336,-1.9857461400848861
1690,2.4670044762358443,-2.299390408443026
1691,5.409464839615215,-1.6597790871171945
1692,5.253684287411074,-3.147725806977841
1693,5.231067636799916,-1.7866106876513863
1694,0.036300464769816604,-0.49952283688833443
