pc1,pc2
-0.9324760258157753,0.7288407340858629
-1.1865888762001608,-0.6355035177997737
0.1370283355994219,-0.2746069756987483
0.4685082761537362,-1.378729520874332
0.9029377715081615,-0.3620983017192345
2.0471572153036455,0.33521243986654997
-0.03987803591631778,0.5081055390379288
-0.6007143892653094,0.8214560340924916
-0.9837220954874892,-0.09631204690048437
-4.524158263084993,-0.5606905836892535
-0.8806071379094976,-0.2223694720669545
-4.817782839497,-0.6216013756001878
-5.453848732648956,-0.5117303413402419
-1.7260158293034173,0.11306153664571723
-2.137192357064915,-0.7453600555272993
2.041163894905701,-0.30688087704430034
1.3582678743868382,-1.2022037100256655
1.3582678743868382,-1.2022037100256655
-2.353525085528508,-1.0037879650826373
-2.6682104803241384,-0.5267766494949675
-4.8656021811540375,-2.100381752074659
-3.294129461113328,-0.5268908459096572
-6.724219405911814,-0.5111756601112114
-6.607144939834601,-2.0481683648099924
-3.23197005683062,-0.40188567080415594
-5.145332032481221,-0.15739914731760923
-5.772758635814394,-0.8335405657192573
-2.318313459984328,-0.9766479511381536
-3.8416801912916267,-0.2091192409259882
2.000492016337011,0.08944626033199762
-1.7077223705472864,-0.9498111029334393
-0.06265147597253101,-0.844680465217981
-0.1991816430189794,0.6495585551799071
2.2048160552416074,0.43513176741593007
4.265419855917302,-0.5913823435356609
1.3919517986677301,-0.5534748496030609
-1.6099224485271555,0.588549816795993
0.9016980518321881,-0.3127039270268171
-2.571151872508192,0.4469455084486886
0.07505074013087813,0.3560752814320071
-1.4734190630020223,-0.48507435271035576
-0.6809426528636706,0.7712467480725026
-0.23365185113337616,0.07755422207074361
0.6634386623246089,-0.42958809088984123
1.7245749046744598,0.06586147345695097
1.9123057162595736,-1.0127074822697422
1.0027436129071086,-0.8604673962444934
-1.2939587240927826,-0.7233127637752133
-0.06265147597253101,-0.844680465217981
1.9569796143190283,-0.8023514428236705
0.751563300110249,-1.0864820279436997
-0.5249848569481959,-0.76959664864024
-1.4452232621902135,-0.8545641093162427
-0.06265147597253101,-0.844680465217981
1.9569796143190283,-0.8023514428236705
1.4971950110608019,-0.4069793151851873
0.751563300110249,-1.0864820279436997
-0.5249848569481959,-0.76959664864024
-1.4452232621902135,-0.8545641093162427
-5.01988882579804,-1.0681908722606517
0.11731439686974601,0.2679774033976572
-3.553484185699732,-1.0104336925972048
0.5196099702593349,-0.7876323015476907
1.3582678743868382,-1.2022037100256655
2.000492016337011,0.08944626033199762
-1.7077223705472864,-0.9498111029334393
-0.06265147597253101,-0.844680465217981
2.150597680154639,0.2655134232211083
2.3031954334795746,-0.5288915773637669
2.6505509832794414,0.20764938057952384
3.107549758643413,-1.4696029018504917
2.1785353170140667,-1.0176754030201305
0.5363307903473966,-0.28154226958093165
-0.7795594435249871,0.22241170840255162
1.7532287947427636,-0.31328611211000995
-0.4746366666319397,0.23007950578599642
1.1440927035071582,-0.5316564907006378
1.3515992620242931,-0.6064854963890144
-0.5014017272975899,0.4387541189691672
-2.8069754173435104,0.6933290107719652
0.2855507484989934,-0.030877966057977126
-1.6139948421993604,-0.08638168557443425
-0.06265147597253101,-0.844680465217981
-0.06265147597253101,-0.844680465217981
-1.7077223705472864,-0.9498111029334393
0.7612121653578732,-0.3899460809607486
1.8246111612149507,0.3182055574775425
2.000492016337011,0.08944626033199762
2.0471572153036455,0.33521243986654997
5.874742746437517,-2.126444848396216
2.863658754389308,0.7327303028390503
-0.9358279775707478,0.032154249921429505
-0.06265147597253101,-0.844680465217981
2.000492016337011,0.08944626033199762
0.09268983916624965,-0.7732034978023147
1.0749812677788289,-0.6340142589926329
0.10649052589320196,-0.3845088733151635
1.9263214736135075,-0.9807485348953227
-0.5786518577790656,-0.5563876242692146
2.1604298925756624,-0.25599130534854697
4.329993064827667,-0.8226652128798952
3.0322680519417906,-0.4076998052820892
4.356549560836697,-1.0340798490692167
0.032705858313515454,-0.1878142516724941
-1.4452232621902135,-0.8545641093162427
-2.126360564263936,-0.36853097994364786
0.8789844902817648,0.2337570623194313
0.4279182173751806,-0.6660156380345853
0.41952155631360766,0.2069311824775152
3.0337871629121436,-0.4194127974381815
1.4391648846788871,0.07898456643508324
-0.5829549018481366,0.5878066203458249
-0.31655173422048655,-0.31158614522251665
-2.6538260602936194,-0.9008808147142127
-2.087091724226963,0.6817320378804059
2.1586364465370935,0.22283558455789854
-3.294129461113328,-0.5268908459096572
-6.346967264240839,-0.70653663858876
-5.548545352201451,-0.6254077613363049
-4.757067308428323,-0.350383266763875
-3.959413843795096,-0.9594481558419553
-3.217585247486002,-0.40036528228448787
0.08378101298525464,-0.46504595003488325
-0.48088369755637095,-0.6054827660510433
-1.9496005887209078,-1.1022730685856599
1.1275656955292361,-1.3220157305793834
-0.770721344350275,-0.13635761007876834
-0.7322592072647242,-0.011141343121963115
-0.8954146088443393,-0.027351728330182012
-0.5477781989235935,0.09575903813159481
3.9475755639423453,-1.2260373981221129
2.9080917505442763,-0.784698421066204
1.3062858836560367,-1.141892067728886
-1.8151368242852923,-0.6463093757607581
-1.3698032322270537,-0.44424954164486424
-2.949929026742229,-0.621249354022109
0.12054268375524055,-1.3267812765564013
2.5736584335996393,-0.5556773117278776
-0.5727956398136941,-1.1188479686748714
0.9016980518321881,-0.3127039270268171
-0.26787578002834067,-0.34781491361889716
-3.8833959935187443,0.23232355422209136
-1.0134440307018815,-0.9489599267405479
-3.514073827105319,-0.14136170802604797
-0.942684446073498,0.3340740112504873
2.5736584335996393,-0.5556773117278776
-3.1856058834380905,0.03045816443125149
0.6910150685152199,-0.5009404394928494
-3.2788891994007057,0.7837046541102368
0.14484130728993602,0.3763818962797374
-5.706659514159623,0.14095235553847896
-5.54595406488302,0.8331479173515433
0.07900486291188334,-0.874647086885581
0.0010445174776534324,-1.015066046340176
-1.0085356005831065,-0.13476175186763703
3.4416156475646282,-0.9568658881657124
3.9027444307557198,-1.127178406468006
-0.07896842269320858,-1.3683939604390079
-2.1930930681379235,0.5187870219077555
-0.8897686421162669,-0.3792367542394883
-1.0016219910425197,-0.12275807048601578
-1.3698032322270537,-0.44424954164486424
-1.1953991742225574,-0.7024229973687672
2.8160304490042494,-0.6043353865737802
3.0337871629121436,-0.4194127974381815
-1.2220794817635476,-0.561624631803094
-5.487769351728913,-1.152655271529558
-4.259698274318971,-0.882547311042481
1.2441892431767465,-0.14028976588455372
0.41352476541333516,-0.30497938531116126
-1.3639700311088276,-0.844009245828072
-2.6682104803241384,-0.5267766494949675
0.39140109856523725,-0.341965769177097
2.3781025666223865,-0.9780311549824453
3.2382078472119367,-0.3817021821310363
5.160910387695691,-0.9571699569227476
1.8239326620833944,-0.538509876011867
-4.240278823145164,-1.1299066938094824
-1.8164038077812688,-0.6641170189596312
-2.2973232069246525,-1.260994508120983
0.6990914756063706,-1.7076500490981141
0.25273586732762887,-0.38059002690995947
2.041163894905701,-0.30688087704430034
-3.9717878091522425,-1.0509838606674844
-6.621467120224241,-2.171821802552852
-6.4701950925711955,-3.0264042925543215
-6.068063737021242,-2.9476651753883414
0.25273586732762887,-0.38059002690995947
2.041163894905701,-0.30688087704430034
-3.9717878091522425,-1.0509838606674844
-6.621467120224241,-2.171821802552852
-6.4701950925711955,-3.0264042925543215
-6.068063737021242,-2.9476651753883414
-7.416350124476088,-2.9675760281763783
-7.139624013073076,-2.787288312335883
-7.825180550012063,-2.6240402958530815
-3.3163708669777896,-1.551235850013394
-3.7477368245415104,-0.6824246551215284
2.3781025666223865,-0.9780311549824453
1.6712374876107228,-0.8438542720120105
-3.740272663502641,-1.569492924776484
-3.2138367966160426,-1.704556015653138
-3.740272663502641,-1.569492924776484
0.39140109856523725,-0.341965769177097
-1.3486101088349693,-0.5272839645856495
1.4591440150981283,-0.08538899570235113
-1.3958338275911257,-0.9206274473763884
-0.07496791273923725,-0.6656719074601538
-0.5864903134899118,-0.7965727208437956
-2.57928143927632,-1.0115663962036454
-2.4296853297816607,-0.5192149465569956
0.09268983916624965,-0.7732034978023147
0.09268983916624965,-0.7732034978023147
-0.942684446073498,0.3340740112504873
-4.260846058953152,-0.35482509775237586
-5.071742024820341,-1.1473823313440454
-5.652044685021573,-1.0562991428511652
-0.004785820382528342,0.41386076117823506
0.2499860096160504,0.16468809492215372
-2.183857870419002,-0.36272340882782705
-4.103671211099621,-0.3776391031806023
0.9829893137527276,-0.5782432986605102
2.8686601944781738,-0.6232421339327694
1.0141216933304138,-1.1364988374222769
-3.116475906705178,-1.4458781612560634
-5.144799324912414,-1.527853397038514
-4.656066020677846,-0.43521369302334323
-2.4792971148426046,0.5065519662781122
-4.367398740080524,-0.309404310208064
-3.2995045702219135,-0.0763621598825416
-2.2095813157149076,-0.4298358923318494
-4.773378412467878,-0.8702494598771083
-3.1155675623487493,-0.3697419338958499
-6.483708100145763,-2.3292614633012234
-6.649781153217599,-1.664392384493347
-5.863093865628015,-1.131751001496256
-5.608598366617731,-0.9215781343477412
-6.3904843162057725,-1.1863995283840207
-5.624370747978038,-1.3633175178072248
-4.771702842972123,-0.638626033790801
-6.946440879095533,-1.3149842758559798
-5.854604833053455,-1.1629655801441159
-3.631871225258919,-0.2342310832617228
-3.2262843509498773,-0.563780199986458
-6.294864637942826,-1.2916799622361708
-6.848956296344182,-2.460132522429079
-5.744117930631665,-1.1468603835619244
-6.509126107645858,-1.887330276447961
-7.289348695501123,-2.5545110853855437
-6.786474055811757,-2.023775292176518
-1.220556352499648,-0.05620708508719175
0.2701700608579549,0.48938653537792076
2.0628158012380933,-0.5143311249854172
-0.21234587583320705,-1.6149036537928534
-0.18945555102023012,0.33284907789684437
-0.6353499716732627,0.7888161088108874
-1.5193865880818815,-0.36253384649705944
-0.34640691399651424,-0.35020263843105953
-0.625958970962079,-0.38177652719860755
-0.05520370301363759,-0.7717745844698236
1.0661097222154516,-1.1877034485877418
0.9184789690018551,0.42030401811323176
2.1306861371430763,1.062316283780202
-1.244039795524878,0.8332308888460429
-2.2952976880932723,-0.6401371389947424
-0.730189388575234,-0.7962614439237198
-2.229250377724655,-0.480091310619312
-4.630039728984854,-0.4253906908423307
-2.751546531448927,-0.8691799542187061
-0.6730557890096172,-0.11134536523671645
-0.08766608245960028,0.33850465083024517
0.30208740282234353,0.024494626979747296
1.048283856032055,0.398204486972168
0.29654912109622283,0.101877243377499
-0.636454237289443,-0.5210775063619539
-4.000056943517336,0.752127043954334
-2.333248847239251,-1.673737016571841
-0.39648383956177197,-1.7337339456981395
0.45952381853290347,-1.6409082930624843
-0.300488640519967,-1.9355235446045203
1.1250890614131248,-1.1362236036687383
2.3905766361503757,-1.8851941797433178
0.45952381853290347,-1.6409082930624843
1.9629645275995207,-1.9324392279711196
2.1312504484047867,-1.5943638984613588
1.0121830757735266,-1.3716993417235055
-0.012713621559406568,-0.257920984498142
-0.634419424565262,-1.5675749594893342
1.9422380340667291,-0.4193358417249309
0.5403609825316572,0.2640262653759189
1.0479389898108789,0.2323506295897582
1.3482713625227398,-0.5311706655010034
-0.300488640519967,-1.9355235446045203
1.9629645275995207,-1.9324392279711196
1.0121830757735266,-1.3716993417235055
0.5403609825316572,0.2640262653759189
1.3482713625227398,-0.5311706655010034
1.4283353098673355,-0.7940376222109953
2.2114783395308377,0.5171850530841564
-1.0603471461892235,-0.1922979576022002
-4.797802670661761,1.2541408727832553
-1.2958141480997254,0.008135704874919516
-6.739779135762114,-0.8701821143561443
-4.068271255422046,-0.0797234228940614
-2.382036520654782,-0.6670571482969085
-6.0182649312686065,0.04473514109193233
-4.138080539767299,-1.580597235989822
-4.9440663850136275,0.15910413826210715
-4.050415973885269,-0.6835733618379358
-4.7162046737197505,-0.5539553527368475
-5.26103850139553,-0.6174290127179707
-4.788025454806431,-0.7130003956949272
-3.5249011404814072,-0.6244639656330495
-3.377047424892603,0.14590105459151054
-8.143763838329662,-1.9806964662951965
-8.11792658500714,-1.5475774220939222
-5.517947639468148,-0.3689882107999378
-0.6131942242951592,0.28796566151879316
-0.9807965939473113,-0.11343546493701114
-1.5033744362275288,-1.6645327117038118
-0.5648268875455088,0.13447483742775088
0.29654912109622283,0.101877243377499
-0.7439394255539411,-0.02241623293441985
-1.0607576948038953,-0.7120293991820952
0.3173032026420995,-1.1076099367899075
-2.519900810709091,-0.4181955836790932
0.06668806288775353,-0.8399995191920326
1.0070328977775689,0.6193700284336454
1.3482713625227398,-0.5311706655010034
-0.21421498721843357,-0.7576487644261651
0.07558135120810766,-0.4797577244951453
-1.0554604372837,-0.07633967301150535
0.2737694011871698,-1.1671883339334432
0.9371409766588735,-0.07186084013094948
-1.7282143402516177,-1.691639508299604
-5.301870063564872,-0.567843033124821
-3.2058796136882246,-1.0029027457532649
-1.0999200480720166,-0.5391257929379738
-1.0667989071527386,-0.8220870732701212
-4.274007706156409,-1.2148096342872468
-3.522692803788027,0.006680526484130048
-6.721474411797313,-1.677464127419315
-4.152804151581194,-2.1885924716429366
-4.138747461094035,-2.21246955025158
-2.698950078210431,-1.7204134639795963
-1.5640776175045998,-1.0187178625601288
-6.257637146676938,-2.1856671019874074
-4.036428039161094,-0.678576638365305
-3.842531492304321,-1.1161607555212774
-6.814098441863673,-2.0981836144672625
-4.906485140365031,-2.7405514508513553
-5.887699122799022,-2.8495716350045015
-5.88310143285645,-2.5440115402081442
-5.478768888578831,-1.027184347280744
-2.8472992946911226,-1.2827230212112208
1.3482713625227398,-0.5311706655010034
-0.21421498721843357,-0.7576487644261651
0.07558135120810766,-0.4797577244951453
0.33054802724650156,-0.7946376105472357
-0.41949914378929326,-1.4924507693776983
0.2897042481425845,-0.36817377000450346
-1.405089838080562,-1.1491112836015345
-3.1496714072040564,-0.07105660857853692
-2.6557080255112275,0.14882660978748932
-1.4403112295718574,-1.2612791354349562
-1.3935162547394542,0.06288860813754746
-0.02981934529209105,-0.3058818994794125
-1.729971916226806,-0.4749544463809057
-3.6404973939935434,-1.358041644176336
-5.882227246237136,-1.9894831959909909
-4.788941276000574,-2.610402744586959
-6.244725719431636,-1.8073399233123322
-6.554564576488062,-2.189036095010086
-5.130805630380974,-2.271497768887457
-4.891565205035704,0.18895039913434492
-5.049166050941515,-0.9283237326719799
-5.370024227431411,-1.7208655263464951
-2.802077956949004,-1.1365118112407318
-3.057252978827751,-0.8160036610450307
-5.817702937706023,-2.7153300675397887
-5.247728602980267,-1.7555736591935927
-6.782387148060313,-1.243192806595979
-6.983329498079943,-1.8430508851825351
-6.114878760383701,-2.191491138144927
-7.370356826944113,-1.97245136986851
-7.591311649218425,1.2615279004984221
-2.8472992946911226,-1.2827230212112208
-3.727639334691938,-0.9914899034579743
-4.349895526087611,-0.42506841006386714
-7.54347159557392,-3.181952278770687
0.45952381853290347,-1.6409082930624843
-6.654466998525373,-3.0042422418123014
-5.812461692319377,-1.8034587044643398
-5.620679482237156,-1.3358277228732367
-6.626822602278443,-3.24337510714315
-3.523545106695386,-0.4598846701031237
-3.791285161551095,-1.7617968816129452
-4.3424082281069945,-1.0934268608899849
0.07558135120810766,-0.4797577244951453
-1.2958141480997254,0.008135704874919516
-1.616392075869927,0.4630363508705436
-3.1768629910014,-0.43378793357211887
-5.545533939397455,-2.261364627078926
-6.038768389113627,-5.284802436006057
-6.297516097635068,-0.2786372114567089
-5.56668655138642,-1.7325978978312981
-5.687743354770508,-1.6542071379129792
-5.772437063828839,-1.2394247274181605
-2.0566751723735752,-0.9039337376045365
-6.162870205588379,-0.5384271343099639
-6.063401558809647,-0.6216451114642585
-4.625851753655899,-0.6874084585561536
-5.589506328208254,-0.4637310658686543
-7.052521277764925,-1.010152456782299
-6.494667053405785,-0.4287361315272941
-6.115630343538642,-0.6184612805952336
-5.517947639468148,-0.3689882107999378
-0.6131942242951592,0.28796566151879316
0.06668806288775353,-0.8399995191920326
0.23087300368325392,-0.24367531946860507
-0.6944943449363753,-0.4552640576460598
-1.546346122632927,0.5221993753193178
-2.3116821679957766,0.41233595770085657
-3.3638244625719222,-0.4953205262617213
-3.5052939157284455,0.7569448858945156
-3.8267808587216106,0.03458839098774055
-7.3055430988239065,-0.8911265621257568
1.3482713625227398,-0.5311706655010034
-1.0603471461892235,-0.1922979576022002
-3.1768629910014,-0.43378793357211887
-5.528840750891357,-2.237482846811755
-6.038768389113627,-5.284802436006057
-2.0566751723735752,-0.9039337376045365
-6.162870205588379,-0.5384271343099639
-6.970007993120908,-1.6149181700646302
-1.3935162547394542,0.06288860813754746
-1.5635440258427353,0.30572099336646963
-3.559763046400538,0.04743614889066053
-5.328488927250107,-0.9753854507567545
-3.4998656451624037,-1.3509306790502422
-4.994210197658724,-0.3713865540761385
-3.735940070806682,-0.4155996598094366
-5.484764857410373,-1.1698657792567553
-6.371685053993635,-1.1101877186373965
-6.1345906751779875,-1.9537776792022383
-6.112452388425289,-0.6800744995156972
-8.287483327831055,-3.121745246463991
-7.78160519536267,-2.3106309219386114
-7.274289379931312,0.5615379077417919
-1.7282143402516177,-1.691639508299604
-4.177562971754141,-0.26138539895728513
-1.1674121800435149,-0.27879677817292503
-5.793186786197063,0.4286122778148524
-4.138080539767299,-1.580597235989822
1.5320131612881762,-0.008121395317562334
-3.7937083934681683,-0.044165342932795754
-3.844371138200258,0.5819344581191492
-2.6250541870487383,0.7615658859998491
-2.634624961197017,0.03564314344153324
-2.5539759679646483,0.7293876788363716
-1.6795810608918775,0.2405324630036526
2.5932191937850657,0.37158960808305896
0.750673451984257,0.017291234529141743
0.2167255582739132,0.6560163971177229
0.08049453859518493,0.29442415585189846
0.3173032026420995,-1.1076099367899075
0.6296416162351048,0.30632916948773103
0.5480103728443145,0.6899764744629682
-0.3510435061433,0.7546606108817879
-1.371607320095609,0.5485201027731964
-1.2181401858402963,-0.6639239401364153
-1.0540652428300246,-1.27339050142681
1.955825519399622,-1.2544910111916932
3.6382955625992146,-1.8058063532919486
1.2379464824764024,-1.6189059574407212
2.28593565670022,-1.8696835500319606
2.1075662753821516,-1.9434185539023172
-3.4405541101500914,-1.7452208412573054
0.4187824029845947,-1.3145278616408753
2.602622809017481,-1.8018074193142721
1.8038640229260705,-1.0082417608735523
1.4871530722011252,-1.185278091207793
3.085335685167999,-1.9001895210013298
2.0830832542876863,-2.0045670096443624
1.2670209344606789,-1.8727457512499819
2.907222427219359,-2.2028414127263813
2.079313680726045,-1.8355193563492347
1.8109062469917627,-1.4968580304969785
0.32681789818725954,-1.5472788097545207
0.227421521211922,-1.1087638969666822
0.11052450224318337,-1.4130185145668328
1.9338975287371782,-0.9197716323065509
-0.4887430813630642,-0.29006224243323664
4.003052748360096,-0.2942258988118388
2.1806770369975683,-0.6599229150659205
2.8376693750400244,0.2084007503999492
2.1402277064536492,0.5499292898529154
0.7351086906819372,0.3022894465195515
0.38873551549672175,0.2918698624708824
-2.14523940003018,-1.2312241306526097
-5.466017369915932,-1.9848289725491741
-3.8125780055494323,-0.5507202207703006
-6.228665992423612,0.33996005111067706
-3.3740153358391725,-0.3856412764482262
-2.5010191740850147,-0.7485024492616509
-5.312080642949912,-4.097048194603706
-5.528840750891357,-2.237482846811755
-6.038768389113627,-5.284802436006057
0.11052450224318337,-1.4130185145668328
-0.06928716592241987,-0.2693252683479514
-0.6090571748930979,-1.2622580209754284
0.7294162222593824,-0.5431625391209685
0.07644759870080989,-0.7120326661946468
0.5685545165578578,-0.8276904480518812
1.056465233560864,-0.03990313502049643
0.2752532287404753,-0.5120688001178524
1.3807604057756875,-0.6016116929278005
0.9487912695940817,-0.691465195633113
0.9487912695940817,-0.691465195633113
1.2679510581839932,-0.3075776142728419
2.3628997964536347,-0.9791338478084205
-0.3517594184746219,-1.0355102137504295
-1.037526756161343,-0.1378730848799569
-3.8052868248889835,-0.12440328729548113
-3.9245339301122484,0.8796282658574862
-0.8564410869422449,-1.5633770577909278
-5.442500983526667,-1.1836597474398003
-5.245980021048731,-1.573023231202663
-5.197907905533917,-0.7034313417663278
-5.528840750891357,-2.237482846811755
-6.038768389113627,-5.284802436006057
-1.9159084363404741,-0.8864900051242343
-0.359140044129098,0.44205167893457364
0.4051881150807789,0.3757615960716097
0.24181790044801685,0.330183508422343
-0.37405143226725374,-1.3659460739037248
0.5029567084866592,-1.6117999309622488
2.0810355240598883,-1.044790246122252
-1.5640776175045998,-1.0187178625601288
-5.866896553673006,-2.107105786321615
-7.037654359441599,-2.365613893542264
-7.649598367670969,-0.9584430165194353
-6.628589317585742,-1.7800501385585557
-7.235101778811955,-1.9305724770290689
-6.902961164098458,-1.8411190420727463
-6.21206291972623,-1.9438374315127707
-8.517506601616297,-2.1336755277267883
-7.550832010745419,-2.8137766125893164
-8.008232211185723,-2.3336213479571697
-7.316143140463545,-2.997996903267471
-7.311395272804214,-2.5082879853073217
-7.057346900975968,-2.3954125433696043
0.9271017215830192,0.4360244614618043
-2.102286260528014,0.12168996213238857
-0.1879349189217023,0.47454243051628187
-4.382548097492887,-1.0739633653262866
-2.4312429688835695,-0.03717734977920482
0.6513583882260594,0.3611878215612786
0.7784030611312079,0.48835734724636337
-0.03762687420206647,0.4048217209112247
-4.094240153198955,-0.3943309771394029
-3.016794545546906,-0.12471554259990567
0.48423764903818983,0.21436311202862113
-5.312080642949912,-4.097048194603706
-6.806590963289654,-0.3713985035557474
0.2897042481425845,-0.36817377000450346
-2.5017826876813105,-1.3400311914911556
-4.166668900526698,-1.1611512918985583
-5.890553283513089,-0.7081212954366818
-5.532450409709635,-2.094377439718526
-2.910597806435391,-1.7158347167969341
-3.7898724060471114,-2.033022070780468
-3.5999367698224116,-0.9295162380653895
-5.599827972467107,-2.250090813157594
-5.980956663690938,-2.363222318657455
-5.896214567152294,-1.9352854551828311
-5.044811769213684,-1.9758430936017177
-7.398089179567375,-0.9977330537582806
-7.229939746421715,-1.9976139133831279
-6.0444496693642265,-2.534168984736385
-7.148172443725598,-3.0428837049907687
-7.111895098860033,-1.7397966321801503
-7.057346900975968,-2.3954125433696043
0.11052450224318337,-1.4130185145668328
1.0219757023802896,-1.3488008866421823
4.001843914100926,-1.2168940954271634
4.115990766397394,-0.8921973951922747
3.0719322041759383,-1.419182011507291
3.6015516214849956,-1.0192897762288236
5.330867824289291,-0.6952278261005256
4.763832915163246,-1.0039132399362702
1.1162297888110915,-0.6695566905991776
1.80379444438101,-0.9693821335207976
4.240692475203124,-1.1267154390431344
4.6062169584709,-1.712287275164961
4.008968139252245,-1.8298342050422933
-0.41937775098586605,-1.5807523436846855
-0.540503446199972,-2.240618914265983
-2.7983350290787508,-2.0213669667673217
-1.4813378254047964,-0.7158273316091605
0.9908920748763276,-0.8587187596024155
-2.6586340016748173,-0.5356717900224321
-0.5110219552002614,-0.5217438664239152
-1.7431432085249736,-0.9340416888770128
-1.3112731859760323,-0.51445583362466
0.28836918886846663,0.11717406188749219
-0.9807965939473113,-0.11343546493701114
-4.189606883097448,-1.2299877672676243
-2.4757165083332517,-0.8468728337265434
1.4115735996000602,-0.571520079998652
1.7131905630435296,-0.7828009323763594
0.3420560500731653,-0.9253286734489089
0.027817660968633,-0.8123274691783385
1.4115735996000602,-0.571520079998652
1.659613060522136,-0.3629890508054287
0.40876502978821044,-0.3792843550452531
0.49560735469475037,-0.5429282145021086
0.16090466500671075,-0.6276819560392315
-0.9623458592479887,-0.9854173400283543
-2.672251128050221,-0.43819850367922636
0.004791175473060086,0.5231156233044073
2.023880365014581,0.489547447300186
0.2121921242515456,-0.837511041135379
-0.523267635306502,0.4933523198362923
0.22331633708832582,0.3996499416819142
2.0394892107526768,0.6498442711579645
-0.5275481246936021,0.26784248525380516
-0.11706978035263711,0.029977914206649817
1.7628219405207999,-0.23702211196528716
1.8484147908489736,-0.005155932244803815
-0.6445440619024152,0.4031922953421369
-0.8287642516582842,0.44731294627166285
-0.6131942242951592,0.28796566151879316
-1.1337120759745642,-0.08916584706667477
-1.8906198535972225,-0.143922840017097
-0.9226419463605443,-0.32403558516948616
-0.5703583884222533,-1.3243866258897996
-1.2538469757158228,-1.8313210747984754
-2.5818672769683095,-1.9887916863013673
-4.368251963611656,-1.960604832547991
-4.646987891570889,-2.2085369276476046
-3.7662345872313496,-1.0782580305537213
0.5029567084866592,-1.6117999309622488
2.311013790514681,-2.1911427862967523
1.3420870929117774,-0.8570034459493647
3.5779891362962006,-1.0132665285375566
-0.12347216733536986,-0.18259849795249997
-1.9816199513173285,-0.4530344300119536
-2.9463838575590224,1.0525523185149654
-2.3357484257920236,-0.387131793420371
2.873191945023014,0.22291758802282835
-0.21139505925413193,-0.6542283851481677
0.06360375041183305,-1.1579010271838919
-3.2083985002224615,0.46107189386382574
-3.9245339301122484,0.8796282658574862
-5.442761041603315,-0.3455271324082118
-4.237632496811586,-1.1185856699538377
-0.8564410869422449,-1.5633770577909278
-3.288607408511096,-0.08431523791126033
-4.680314872051588,-0.5858497428585128
-5.23755968085774,0.09059987232265564
-5.442500983526667,-1.1836597474398003
-3.750460737599169,0.30181840341288846
-5.245980021048731,-1.573023231202663
-3.015642763049989,-3.587382103454042
0.8074577041817119,-2.734250153791674
-3.5373684192148187,-2.4634752370638244
0.3632989845625625,-1.7139551201278131
0.8808445371357297,-1.9665575474181753
-0.5480513273381895,-1.9095956374912773
0.31586942085669983,-1.2485536792013794
1.0371594715418024,-2.310929961366718
-2.2597398211032087,-2.1162494038516804
-1.0358013008983114,-1.3431718584069459
0.4321428665607764,-2.4337007047661574
1.4182839069273023,-2.025636063113501
1.2490148778225996,-2.128756762555074
1.1180961589742062,-1.6112514624868046
3.2407333809229506,-1.4916170664868815
2.0401179380446517,-1.1305981792455262
-0.5537811599175452,-1.5523737964003623
-0.16294554505380002,-0.7838142067653754
0.8860446548300671,-0.5996464852764097
1.0203211311045692,-0.8721744945307361
1.0364131305883066,-1.1872612587654845
0.5783614344587287,-1.9046961090422498
0.05823619268143891,-2.4492983753520465
4.128511416067122,-2.9532423588001615
5.946386770148385,-3.297572189056306
2.9563441913882467,-3.327108105305124
-3.015642763049989,-3.587382103454042
-1.6496511933937485,-3.6191921790012276
0.8074577041817119,-2.734250153791674
-2.429011794553056,-2.540022108661415
-2.747315671459826,-2.5965990202902542
-4.21100287703907,-2.314331360430119
-3.5373684192148187,-2.4634752370638244
-2.166690830064745,-0.5799553949758023
0.8535642804677542,-0.9064258505687174
-3.812537566765977,-1.4217860778946445
-2.1718013905073588,-0.585666123516898
-0.007095540688940402,-0.14610257101785992
-0.4282213268179932,-1.035317831001064
-0.26961890061178007,-1.2729991812390005
-0.35366109206015073,-1.056913601945804
0.6643010174467673,-1.1890437279791628
-0.7595005670581807,-1.0804379503007269
-2.1718013905073588,-0.585666123516898
-3.0818766772520463,-1.131610631997345
-0.11269818139804376,-1.0017453701304053
-1.3584137947350339,-0.7260197405590059
2.159831132245954,-0.9746605029736658
2.5604191006622004,0.9027362607128604
0.7831785141197047,-0.6621289258928812
0.554967583991196,-0.5228908283432366
-2.5980662311590272,-0.32584951232160786
0.9579131048834231,-0.4161766566816597
2.059651741810764,0.06108869487666629
-3.015642763049989,-3.587382103454042
0.8074577041817119,-2.734250153791674
-3.5373684192148187,-2.4634752370638244
2.8823850411195697,-1.1683140180508638
-3.015642763049989,-3.587382103454042
-1.7510071719889246,-2.5352855468158397
0.4321428665607764,-2.4337007047661574
0.14367388818966637,-1.1725714918564365
0.3096152836948108,-1.167816111071751
-0.11874848734629556,-0.36625467526948086
-0.7595005670581807,-1.0804379503007269
0.6538643620816044,-0.11288399081286121
0.26412459634606156,-0.03640615224289706
2.059651741810764,0.06108869487666629
0.7629766533047186,0.42694185139378676
-3.7266565654498227,-0.9091923248718903
-3.015642763049989,-3.587382103454042
2.9563441913882467,-3.327108105305124
4.011991754910804,-2.802183780113192
-1.7510071719889246,-2.5352855468158397
0.4321428665607764,-2.4337007047661574
4.705362785617265,-1.7745682604012947
6.6658223149619396,-1.410572232648644
6.559422755697033,-0.8969989896274999
5.03194903714583,-1.7998155645446567
1.710465110901696,-0.8322573673012585
0.14367388818966637,-1.1725714918564365
0.3096152836948108,-1.167816111071751
1.0767165428635372,-0.8077945733603494
0.5337032385739627,-0.48541383409467115
2.758704351839648,-1.1244389842640203
-0.11874848734629556,-0.36625467526948086
-0.11269818139804376,-1.0017453701304053
-1.5717173348599973,-1.3494343927696644
-0.7595005670581807,-1.0804379503007269
0.6538643620816044,-0.11288399081286121
0.26412459634606156,-0.03640615224289706
2.059651741810764,0.06108869487666629
0.7629766533047186,0.42694185139378676
-3.7266565654498227,-0.9091923248718903
0.3096152836948108,-1.167816111071751
0.14367388818966637,-1.1725714918564365
1.710465110901696,-0.8322573673012585
5.03194903714583,-1.7998155645446567
6.559422755697033,-0.8969989896274999
6.6658223149619396,-1.410572232648644
4.705362785617265,-1.7745682604012947
4.75571895006505,-1.898429510981962
2.3290050111786336,-2.105185211888861
0.4321428665607764,-2.4337007047661574
-1.0358013008983114,-1.3431718584069459
-2.0112026573490738,-1.9783724962165181
-3.1374454621694348,-2.9207854331374463
-1.7510071719889246,-2.5352855468158397
-2.43388658321134,-1.967127805072069
-1.1958213071809323,-2.0624557801668817
0.5553952967746848,-2.431588627905759
4.011991754910804,-2.802183780113192
5.946386770148385,-3.297572189056306
4.912015887589598,-3.2818336613477097
3.182825444417167,-2.462620924980895
1.8086885882692445,-1.0738188030995182
-0.5178023911403925,-2.308615056250434
0.8032965335962432,-1.9188346970170154
0.49614811218901034,-2.0857952764626515
0.7816042142827611,-1.0855163397357674
-3.015642763049989,-3.587382103454042
2.3729453821193514,-3.284610183335459
4.120282420492038,-3.487046807997042
1.8086885882692445,-1.0738188030995182
0.49614811218901034,-2.0857952764626515
-0.7595005670581807,-1.0804379503007269
-2.8535566126397076,-1.9331808835892932
-0.5148295751775911,-1.3687762895963622
1.7331131041930805,-0.9294937835804505
-1.9681685197377934,-1.0256285981647306
-0.30480006262565257,-1.4518856031842962
0.46457412904089773,-0.6332594560999664
1.3116718402851917,-0.4102728416961337
-0.036361437129799695,-0.41189015118206246
-0.4137098033590632,0.24077977352310556
-1.2433963657790807,0.8167115793824089
-1.8536391397437755,-0.2774889355948807
-4.214989726464171,-1.938279210055705
-5.557830105155733,-1.1951201228208232
-4.439944372367117,-1.5162624363654242
-3.6989983491343637,-2.198876348278804
-4.741192283616464,-1.9149751759321407
-6.304214480632938,-0.5738368217733752
-6.538539422499803,-1.9218769786260985
-7.05162699660945,-2.7411137466962208
-7.721070643092097,-1.5892861685103723
-6.45797683625592,-2.357078347757872
-7.421730289765621,-1.2250613710024625
-7.9849109312396225,-0.9650733680897481
-6.592696065622791,-2.2233218083924466
-0.30480006262565257,-1.4518856031842962
0.028297655645345463,-0.4483292721762885
-0.4839081769396552,-0.6387474633358939
-0.1827919211143951,-0.6492474193302118
-3.7315511079468537,-1.3655534612643287
-2.6926786321762446,-1.107705919162054
-4.1140957034985535,-0.6228644941495923
2.059651741810764,0.06108869487666629
-2.3166377440355412,-0.21185100085606456
-2.570498747015336,-0.534935328515697
-0.30480006262565257,-1.4518856031842962
-1.8562914661309213,-1.2089507137534012
-1.2258084830098581,-0.5264146275290907
0.05823619268143891,-2.4492983753520465
1.7665615100062326,-0.22271572095631972
2.326143486749978,-1.3570651809095424
0.05823619268143891,-2.4492983753520465
1.0364131305883066,-1.1872612587654845
4.773191270210777,-0.5999215057926345
-1.7974723696793327,-1.711545471891984
-1.761837649644596,-0.9690503945763844
1.103023801866309,-0.0028359655419322657
0.19164712029203512,-0.22880725508431032
-0.5472192762273254,-0.974261965614914
0.3632989845625625,-1.7139551201278131
0.31586942085669983,-1.2485536792013794
1.0371594715418024,-2.310929961366718
0.4321428665607764,-2.4337007047661574
3.2407333809229506,-1.4916170664868815
3.1420280039503905,-0.3761117102674656
1.2066755569985907,-1.1068534444278122
2.326143486749978,-1.3570651809095424
-2.828529386582052,-0.8580621377529679
-3.8100051076278674,-0.6455580373682966
0.05823619268143891,-2.4492983753520465
1.7665615100062326,-0.22271572095631972
2.326143486749978,-1.3570651809095424
-3.015642763049989,-3.587382103454042
2.276221003012762,-3.228761051391621
-2.2407277629837803,-1.7892948207883401
-5.4117388034052825,-1.3349752594952073
-6.951240717672675,-3.2197377768130626
-7.713428762291819,-5.028271335214277
3.2407333809229506,-1.4916170664868815
0.4321428665607764,-2.4337007047661574
-3.7266565654498227,-0.9091923248718903
2.059651741810764,0.06108869487666629
-0.7595005670581807,-1.0804379503007269
-0.11874848734629556,-0.36625467526948086
0.3096152836948108,-1.167816111071751
0.14367388818966637,-1.1725714918564365
1.0371594715418024,-2.310929961366718
-3.5373684192148187,-2.4634752370638244
-3.015642763049989,-3.587382103454042
2.326143486749978,-1.3570651809095424
2.9520339996313036,-0.7204601869390641
-0.5915121416731213,-1.3669370238789469
-0.9383230806193266,-0.8229627465044983
0.8860446548300671,-0.5996464852764097
1.0203211311045692,-0.8721744945307361
1.0364131305883066,-1.1872612587654845
0.5783614344587287,-1.9046961090422498
0.05823619268143891,-2.4492983753520465
4.128511416067122,-2.9532423588001615
5.946386770148385,-3.297572189056306
2.9563441913882467,-3.327108105305124
-3.015642763049989,-3.587382103454042
-1.6496511933937485,-3.6191921790012276
0.8074577041817119,-2.734250153791674
-2.429011794553056,-2.540022108661415
-2.747315671459826,-2.5965990202902542
-4.21100287703907,-2.314331360430119
-3.5373684192148187,-2.4634752370638244
0.9540785944120485,-1.7847056871299058
3.247150026311805,-1.5183639476633335
4.372854957390664,-1.5375342579561022
2.326143486749978,-1.3570651809095424
3.2407333809229506,-1.4916170664868815
0.4321428665607764,-2.4337007047661574
1.0371594715418024,-2.310929961366718
0.31586942085669983,-1.2485536792013794
0.3632989845625625,-1.7139551201278131
2.8823850411195697,-1.1683140180508638
-3.015642763049989,-3.587382103454042
0.05823619268143891,-2.4492983753520465
3.290863942534112,-1.3909342606112656
3.2863989554051,-0.11999536905421641
4.032822595459185,-0.42996675018506303
3.2843593098824697,-0.5794890402948987
2.5290672486899743,-0.09852520971850622
2.424429103223286,0.055348899381661064
2.459454594185259,-0.14370306920105555
1.1966792892818257,-0.6822298342606765
3.3166391385186826,-1.3309432447487983
1.743725005186299,-0.889366910823081
3.2636246502863866,-2.432552470850255
2.4437054739299873,-0.7005151201675137
2.9075683793057454,-0.65731061247266
3.709758471274905,-1.4943643463773755
4.366132245550007,-1.751679293175599
-0.9683762860014237,-1.9421376685215423
-3.50134415921452,-0.8370501498249314
-3.140497878290195,-0.6100146912462278
-1.7607994948528607,-1.08875581442814
0.06649027300526002,-0.9387140004649639
1.8120010803336102,-0.12170257629667425
-0.699580858419295,-0.26320016653030404
-0.5534386197781477,-0.07047072135519235
0.8838794420687157,0.5418309315631374
3.709758471274905,-1.4943643463773755
0.4107774783407355,-1.2403485565602723
0.054349471620723455,-1.7282383282903628
-0.36240312969208255,-2.2361264973187636
-0.24172674833803318,-2.2345025127724942
-0.5534386197781477,-0.07047072135519235
0.48187551605130685,0.2970504733718625
3.022681706446422,-1.4759401171792834
5.412817155117714,-0.5405010131017508
5.7857535640371145,-0.23800879785924972
4.3451276582039835,-0.5087062026821783
4.578508927014577,-0.4448209203037351
3.6634536276457537,-0.5718316231723666
3.399203799468944,-1.1115336729621688
4.2038793235805,-1.425321014458492
3.105887404154042,-1.2575664978023056
1.628024325594584,-0.704113741776051
-0.08345652424449078,-0.8453050161217879
-0.6835285951063652,-0.36039330867685887
1.1126428344187325,-0.2537408311494909
-0.1580990859830126,-0.4204913734475534
1.4305337881222264,-0.7278348867477289
2.130449337277951,-1.3054138863022966
2.8623531021090076,-0.7690081412703142
5.238331104261385,-0.7223884263855227
3.6634536276457537,-0.5718316231723666
3.6634536276457537,-0.5718316231723666
3.070054408032158,-0.9391025607518351
-3.445267117673327,-1.6086445567839531
1.7423586063847558,-2.697784679223546
1.2490148778225996,-2.128756762555074
3.3098931231800943,-1.7970208988264027
4.025917669073658,-1.5424954219657665
5.3242247818094945,-1.3476851881375391
5.65276924645255,-0.8181711336438292
7.202477080046626,-0.9765232079358421
6.084043097715135,-0.9481321998355798
5.724527308110559,-0.9946472279834658
5.646687091319773,-1.8014885220483952
3.0468066895904635,-2.457903285421701
1.8563267157790464,-1.0000017390038367
1.4153269193863103,-0.9610749528376508
1.088383041348011,-0.952290277323959
0.7143759737573216,-0.5645932512865445
2.4812480562385604,-0.7056169453559101
2.76092881325636,-1.0025441495058685
0.4175452093662399,-0.2338483910566378
-2.170956100474277,-0.6595040931328363
-0.29319084146790153,-0.5619354143999253
-0.8256960580010265,-0.5463660526200613
-2.170956100474277,-0.6595040931328363
-3.033439180076248,-1.1846912321321093
-2.2871900847284183,-1.0531496675631409
2.1260425757152204,-0.282815743389995
-2.1829162294341433,-1.4373239052147668
-2.0042100930396343,-1.529888216239673
-2.634154350491596,-2.0855687366404276
-0.30480006262565257,-1.4518856031842962
-0.8256960580010265,-0.5463660526200613
-1.8881910683611784,-0.9814688568645762
-0.11874848734629556,-0.36625467526948086
0.6980510138252212,-0.5130275523574577
-1.147536855182339,-1.1854330823305927
-2.2871900847284183,-1.0531496675631409
-0.8256960580010265,-0.5463660526200613
-0.4878635737943595,-0.3748008360417894
-2.335365889082043,0.02322304818725418
-1.545498118964601,-0.40020569428012914
-3.033439180076248,-1.1846912321321093
-1.2574794720281766,-0.9650206683629837
-0.049768674094541526,-1.1467107269779495
-3.445267117673327,-1.6086445567839531
1.0767165428635372,-0.8077945733603494
0.3617596216463163,-0.6510104118381586
-2.08470418420222,-1.3507680193645892
-0.14810974122665038,-0.8662492618573471
-1.5579083417156987,-1.2276916209837958
-3.5730827987027562,-1.6526110982809856
0.7028393387845517,-2.446651639491906
1.0364131305883066,-1.1872612587654845
5.546368268598629,-0.3390244999705394
2.6797325764156894,-0.17467580812526867
-1.6605598613882053,-0.49011788716912524
-3.130390771266109,-0.6177825207609489
0.6493481572258266,-0.5890323787549956
-0.423148788641066,-0.31553652495277235
-1.3259352587653435,-0.8456700684716921
-2.2297037525343795,-1.0259697698419652
0.21933165622974876,-0.19880463476585902
-2.014838982606711,-0.9415969462345634
2.9075683793057454,-0.65731061247266
4.032927093514228,-1.495846454876473
0.5263353342928425,-1.4917645737475114
-1.5467643300160037,-1.4728020087549825
-0.8675251354028779,-1.0183816478402405
-1.3259352587653435,-0.8456700684716921
-2.2297037525343795,-1.0259697698419652
-2.2297037525343795,-1.0259697698419652
-1.7263080835189812,-0.48487225160278685
-0.7882871065617809,-0.9719511124097667
0.7028393387845517,-2.446651639491906
1.0364131305883066,-1.1872612587654845
-1.3259352587653435,-0.8456700684716921
-2.2297037525343795,-1.0259697698419652
0.2962104719689781,-2.4895380284490645
6.892443676504741,-1.1676720319857186
8.137515519634709,-1.4682164402406448
5.320232615918179,-1.226566863674839
3.576695907910696,-1.3833994174144688
3.857878110125479,-1.594833127519958
3.8304438296053402,-1.7730221339512513
2.126560081119884,-1.9794867712822104
2.8580470455509497,-1.7265296365743816
1.822279628950315,-0.8813516323467914
0.2096088014082769,-1.0518664107699645
2.3019958070122404,-0.8197318322474049
1.9518538610961036,-1.0230389271758495
1.7656310294495186,-1.0695125208747156
2.025889836086144,-0.7130954918672272
0.8202866013820477,-0.8590180737165383
0.3319772831463917,-1.073305479803567
-0.27793639412126714,-1.557585269011972
-0.4073502728847475,-1.3927581671387206
0.5009510881517112,-0.48813041016077974
-0.06237258685574637,-0.40799086108427224
-0.6559506255285389,-0.47881222890151104
-0.007095540688940402,-0.14610257101785992
-0.8619786952412831,-0.3245156863233932
-0.7548963659982542,-1.297780344354625
-1.5061652121136866,-1.599451859875136
0.31247322178353787,-0.8441930008443159
0.11189317502581132,0.0045158521802035525
0.8710612981551112,-0.11372875318672779
-1.0513750092818812,-0.5058837591502857
1.0738647963289034,-0.4644820262087225
0.24333524793238234,0.07413482548984976
0.8202866013820477,-0.8590180737165383
-0.594729395102378,-1.0845633633940772
-3.167771277973457,-0.540366368912953
-1.7426170178359255,-0.920070866587639
-2.2517252683659263,-0.6443489080736385
-4.418300287585701,-1.2492925748069028
-3.1484330303268835,-0.1726380238128465
-6.077676920084558,-0.487339055913838
-1.5583991892566196,-0.8819094466410753
1.0738647963289034,-0.4644820262087225
0.9121759098708303,-0.6169785248940479
-0.466839156000731,-1.1131292557934647
2.6733114882132454,0.3437305516136238
-1.773624526306949,-0.9959123471250335
-3.8220910629874982,-0.8592199452222528
-5.638907006417847,-0.6358953812191815
-0.06237258685574637,-0.40799086108427224
-2.3084177107373285,-0.9496508484339333
0.31247322178353787,-0.8441930008443159
-3.603002893942757,-0.9959793772351153
1.202982086075125,-2.310810454443827
0.364395094338096,-2.4724628612081627
1.9027152141186512,-2.1535677899058805
0.21045383170831952,-1.7682306551308842
3.8675737791275013,-1.1069694894236093
6.892443676504741,-1.1676720319857186
6.402687659038899,-1.04049022840267
6.22835579801513,-0.9475822034442781
5.643203729151489,-0.8254919498211656
5.320232615918179,-1.226566863674839
4.652672733662327,-1.4336016217312355
5.480503705107221,-1.4946983627720203
4.648933380393934,-1.6214765096270727
3.111607649538417,-2.1694897810719174
1.6857366706189374,-1.6763948760992753
2.0663945556002368,-1.6447187879580354
3.1902225056822338,-1.451938118908228
2.339672138676528,-1.0101429815990146
0.44349087231321477,-1.1235607784000863
2.0765723669816256,-1.6876161696810992
4.0429159497108955,-0.7850152412608595
0.372605017271306,-2.628715726833055
-0.7620277031843989,-1.779749778344978
-0.04057073001850789,-1.8367613044962428
0.5728517957936425,-1.371779742683589
2.796677620290945,-0.976871502566759
4.317176384184049,-1.3203894063662156
6.236477951594131,-1.0832403835154893
5.936337649061356,-0.8857729018291864
5.953289792856484,-0.8745287017964879
4.179510638814884,-0.523090175061411
4.022771814628079,-0.6526710938300997
3.503617335392279,-1.0130766238718107
3.0674289237636985,-0.9190650128691555
-0.1234691721970437,-1.51891028833464
1.9227840608795717,-0.7771670884385211
1.5530222105599234,-0.8219763179601185
-0.6154672260948014,-0.8750632078181945
-0.9398643648365929,-1.0086081717674324
1.308221374733955,-0.9809799300450344
0.7633265393346726,-0.7777669608365485
-2.688761198343574,-0.4159023890986527
-4.218214428173284,-1.2393915619832616
-5.272595094378308,-0.09825963359367303
0.568305708580693,-2.4586761473834713
1.115603195853869,-1.205259545463103
0.4730903897480327,-1.2095707064364232
4.338526514433552,-0.2394589924823058
3.561205170645634,-0.1997900064860689
2.3536180284593877,-1.316699399484449
3.110816572668119,-0.938765178453299
1.2288682895914302,-0.6036628414029643
-1.0389298746197364,-0.9675072326241687
-0.33315612173755554,-1.997231273956305
2.2412105457595315,-1.7869582604788425
3.896807206055414,-0.6059302702120375
4.668710597143256,-0.21843936783840523
4.726486381259144,-0.49141988725348196
2.850281699522546,-0.9600487130700801
3.7075301529246794,-0.5240009499216386
1.2288682895914302,-0.6036628414029643
-1.0389298746197364,-0.9675072326241687
0.9565365299791919,-2.321147704005018
1.5325396234489552,-1.759125225127096
4.9305464874307265,-1.2428254571342185
2.8059408058984503,-1.2092281633254056
0.71351557152803,-1.6643263869068063
0.35174401735440924,-1.9801528996247282
-1.6686113312444362,-1.4943410084516189
0.6244266645134884,0.039439537755052
-1.7568604850573106,-0.5302763016560158
-0.8902155629158157,-1.2293114448082514
0.9370587827756445,-1.7176197387713867
1.2061246452078989,-1.2990627459110562
2.7064911005391545,-1.593338981698928
2.751774975877926,-1.7670799807766548
3.528038216371282,-1.3910051025036492
3.4130481517668136,-0.9887626415713457
3.3734818872705827,-0.8555286579785963
2.850281699522546,-0.9600487130700801
3.105069384444979,-1.024539642404342
3.110816572668119,-0.938765178453299
1.1360570756110515,-0.9567556560816658
1.0941265780605582,-1.6534091205115846
1.0900844702378074,-1.6825912511572085
-0.48056048581626937,-1.3148284196719304
-1.6686113312444362,-1.4943410084516189
0.8251967939889894,-1.9489470982850556
2.0196171743048708,-1.6836919510456085
3.4639750832640113,-1.3939724133097924
2.7819026142149283,-1.6837982595869463
3.4130481517668136,-0.9887626415713457
2.7632764957464113,-0.8716754501678358
2.230237144605865,-0.9263091230895736
2.412461309688136,-0.7800825465333883
2.7673385024759796,-0.5204825540508566
2.320981825720914,-0.575762334668497
3.20950709948953,-0.4793966841125415
3.4088070367233123,-0.7431852210551465
2.8904395919345394,-1.151772406423313
3.8945479549572966,-1.2722704747144162
3.9835513356791767,-1.5363462896502647
-1.0389298746197364,-0.9675072326241687
-0.4521686300830792,-1.5445816375628398
1.4135903614215022,-1.2754409204038584
2.3166914759797037,-0.7957684574967274
2.0852310565263763,-1.1667181696481315
2.000299881783836,-1.280812022602387
3.9835513356791767,-1.5363462896502647
4.9305464874307265,-1.2428254571342185
5.983365326363077,-1.1058460713541722
6.229709244567776,-1.2560970944384344
4.975051361262846,-1.2117256154171043
3.375716626494412,-0.8728737535049215
2.7447745523062,-0.8537416905762468
3.8960746543453895,-0.8900845448431997
4.416771918680439,-0.44000077612570077
4.540192560805774,-0.3318140145606757
3.576695907910696,-1.3833994174144688
-3.458290127214811,-2.3955521343060444
-2.8821231334844253,-2.2923446163931955
-1.515726896354314,-2.247573532813288
-0.7078941371985199,-1.6905483108450632
-0.45419088217854753,-1.7009189270159402
-1.0858168569056619,-2.2075630076754145
-0.9287410374534352,-1.9132120367770868
-0.787283293206958,-2.0647511652114523
0.5246276631389434,-2.19314134654446
1.8284103305104513,-1.8616386079836276
2.822596980335468,-1.454826544034619
3.901543344642347,-1.1651352681275893
2.2573746163218527,-1.0743661028815836
-2.6390477554952088,-1.939546392534654
3.901543344642347,-1.1651352681275893
2.8713424803416046,-1.074039290945493
1.0555313229182723,-0.939538969517545
-0.7560726610171504,-0.9971655262915458
-4.070760969398687,-1.5589811754092109
-7.4170691085041565,-4.413283037204397
-5.732851667027164,-5.440369146934369
3.429713672938839,-2.4025525558112917
4.2055842043286145,-2.906457736212152
3.9296560247649372,-2.8075920299214703
1.5932888685949766,-2.575493970545702
3.1562172408871048,-2.763801645782129
4.50480713767093,-2.8248848783653067
3.306970245032642,-3.3632865550602875
1.9206657797582993,-3.3364726335687984
0.8926827283274599,-3.592894787883483
1.412229996028641,-3.6095924539668833
0.12208672735433286,-3.370798440434743
0.9578253372988845,-2.7775240042500644
-0.8264338392301656,-2.959823153669867
-2.46369600705843,-2.9704559911937873
-3.6666681143825928,-2.372736047226666
-3.175907009505708,-3.0520799659696993
-1.1462991923857988,-2.529604590604344
0.4422423330341702,-2.3526235517736467
1.047422870962436,-2.3530196081099835
3.2407333809229506,-1.4916170664868815
2.1174941519155412,-1.1573992503479913
-0.2724476667598329,-1.2118471366655
0.020630270141075716,-2.4689641664839175
0.19833111762577518,-2.221630481198124
4.105810208579808,-2.5713565546535073
3.3586744190571483,-3.30428263427634
-1.4933343520523894,-3.3100244965359455
-3.85611345083913,-3.5217342925402098
0.12208672735433286,-3.370798440434743
-3.2375527878382364,-3.332923830609538
-2.483995905957286,-3.2259736558236836
-3.6666681143825928,-2.372736047226666
-1.7507216189818693,-2.596769751682516
1.4827735404401967,-2.6664924818565083
0.1780640242943975,-2.4251175001238208
0.37190364931273345,-2.3804914930379955
0.3284559244850308,-2.676063024747848
1.8266430696040796,-2.338562094980592
5.004265869796615,-1.9121617927425545
6.431781894312291,-1.4640209699231037
6.606479762541539,-1.8414421676866055
6.764593836301419,-1.215684328361739
5.9728009804428535,-1.3186156899006287
4.947402749178068,-1.799074264886717
6.481669125526988,-1.2089599853517157
6.2051604025602884,-1.4236790003566757
6.541578426834279,-1.8810883365070439
-1.8320089748415738,-0.6335341828292137
-1.0051835223542172,-1.7175938645049558
3.9858385608111564,-1.2676870708209214
3.5965421448129313,-2.039779226787263
1.5932888685949766,-2.575493970545702
4.741875522667906,-3.0415350051863923
6.076900036945803,-3.305569034790592
4.191797426728251,-3.667984075109533
3.9128869504028616,-3.828653679296589
3.2098828279855094,-3.4891497372907208
2.501806273455096,-3.329309396240011
0.5316317249304003,-3.2889228643697437
1.247700442697184,-3.358457809732517
0.12208672735433286,-3.370798440434743
-2.602374498903178,-3.464060341108015
-3.2375527878382364,-3.332923830609538
-0.44004467717829465,-2.615261756461814
-0.43471102657370786,-2.5711867270197035
-0.044208670441618206,-2.4405331729218016
-1.0273602359672893,-2.0363710373977804
0.3359353508055384,-1.1724818543240174
0.4730903897480327,-1.2095707064364232
4.705362785617265,-1.7745682604012947
3.7444320316712543,-1.7388598900902994
1.0561804181724899,-2.094469740547033
1.451500624052367,-1.4895147693951127
2.5501218265839456,-1.2207259450548096
-1.2727509545347737,-2.231256072968815
-0.635052130504355,-2.3515348058747767
-1.895404620619514,-3.1319871807486006
-2.4650842745236465,-3.3730007270998965
0.8926827283274599,-3.592894787883483
3.2098828279855094,-3.4891497372907208
0.36292051888211946,-1.755086225534739
-1.7995993455148214,-1.864821689502516
-3.8766260181587437,-1.871968411906189
-5.848757644001795,-1.473804530389645
-1.3048187995057885,-0.734166489891502
0.852824355024661,-0.3040945479444132
0.7106783529595879,0.12313601218220785
1.103023801866309,-0.0028359655419322657
-1.8320089748415738,-0.6335341828292137
3.263829200469688,-0.14216803770513683
0.9731599608724463,-0.9631952031277021
-1.7460400908211853,-1.2443589225016103
-3.0378865594879234,-1.1803783395694845
1.3796210348919513,-2.5254644077761492
3.959710866904826,-3.0488371038331272
-3.162757030014855,-3.3083377993572016
-5.00885357105241,-3.4127800128693813
-2.5833245796622,-3.35010886695249
-3.2375527878382364,-3.332923830609538
-2.483995905957286,-3.2259736558236836
-2.9755150786045435,-2.526372456338966
-0.06810073005128656,-2.6027447312008865
0.4422423330341702,-2.3526235517736467
-1.4330897839555465,-2.1728313363308103
0.7158859113271836,-1.6319131270010587
2.796677620290945,-0.976871502566759
0.9024556560983886,-0.774247464556978
3.5899916507971854,-1.335848969867985
3.763153570532626,-1.3546658692938602
3.792945916620773,-0.6075845021980012
2.8623531021090076,-0.7690081412703142
4.8431852998388685,-0.45810808925251234
4.255853778573527,-0.5851439638517433
3.2731291181177578,-1.4883412818149604
2.5550610549749564,-1.8507668085670301
0.8443075624314568,-1.209708242880939
2.1043615286814967,-1.6363201067381425
-1.214977906843014,-1.8703585810942966
-2.6044027716065985,-1.80561992823465
-3.233425495606721,-2.2875327076970673
-3.5710833963956845,-2.66156270737539
-5.9516155747295105,-4.069074855596399
-2.1466046545624486,-3.6511800537099552
1.121784513165411,-3.582482845622816
1.4934826306574573,-3.2210687882685964
-4.371487046787731,-2.20008495603049
-6.372599288592167,-2.848246144350241
-7.446486281648811,-2.5188517831894304
-6.82772702676852,-3.3297459788684423
1.047422870962436,-2.3530196081099835
0.4422423330341702,-2.3526235517736467
-3.175907009505708,-3.0520799659696993
-3.5710833963956845,-2.66156270737539
-3.9003054888465387,-2.287548139647876
-0.635052130504355,-2.3515348058747767
0.9741013120212625,-2.7422327587747106
-2.045407243753171,-3.332563661119009
0.961319048941657,-3.383469185139472
2.2796708114066186,-3.579108894637909
-0.1288987036030957,-2.586759895977371
-0.7076706977726522,-1.9254441193374365
1.744367344236796,-1.1109163332451837
2.9075683793057454,-0.65731061247266
1.4061668889631733,-1.9635466037648115
2.0831580043060662,-1.1230596361489584
0.18765146079489675,-0.5113301513413522
-0.3604982121806906,-1.400094289102721
-1.1976224596426819,-1.1198020172673564
-0.01459379255133162,-1.0148352573260182
-0.5614069714234899,-1.099085176157869
-0.45065354862844204,-1.574761572736654
0.020630270141075716,-2.4689641664839175
-1.214977906843014,-1.8703585810942966
-2.582345804502269,-1.6825903989590545
-1.4226390011841517,-2.611391495092584
-3.5710833963956845,-2.66156270737539
-2.46369600705843,-2.9704559911937873
-1.6835291461911175,-2.526041404862505
-0.3157489786024568,-2.272279133221727
-1.056053451453482,-2.4216903363254807
-0.29355646929775864,-1.4377126060510852
-0.33315612173755554,-1.997231273956305
0.9024556560983886,-0.774247464556978
3.5899916507971854,-1.335848969867985
3.763153570532626,-1.3546658692938602
3.792945916620773,-0.6075845021980012
2.8623531021090076,-0.7690081412703142
4.8431852998388685,-0.45810808925251234
4.255853778573527,-0.5851439638517433
3.3978776974505873,-1.2094640312783058
2.4651256718835857,-1.5052778917222833
-0.4457452314224486,-2.213793492535351
0.5520363387220215,-2.3113425549092597
0.3889166927829821,-2.369904098050938
-1.1696229254134207,-1.1624306730948304
-1.0780671317183226,-2.180717795182111
0.568305708580693,-2.4586761473834713
1.0121875281375778,-1.9740234849507317
0.9669827318943,-2.7769256683877783
0.9394634580742127,-2.4140956995165754
1.138166883943236,-1.732710976662958
1.497867029910485,-1.4722244703096765
0.5293034745641321,-1.323084261160527
-1.3094107323420179,-2.075546290471295
0.20936155700077733,-2.393236215876921
0.22140904412516632,-2.1352711813760332
3.6798849019799817,-2.909529379637224
5.619354992672636,-3.165592668900869
3.7000169113265526,-3.0582481063183953
3.1767301566684973,-1.614509260682897
1.1684882389211944,-2.2859551589831155
-0.1288987036030957,-2.586759895977371
0.36292051888211946,-1.755086225534739
-4.371487046787731,-2.20008495603049
-4.645700218062561,-2.2128840350840773
-1.8570872173495172,-3.5282420013111637
0.5941701263690299,-2.6551538318172474
-1.5391860822636305,-2.3738243788334983
-0.6498323659540732,-2.5050705426549933
-0.20773712300935404,-2.2457789330082183
-0.05227197561633269,-2.479403914690008
-3.17209513310716,-3.0697509788981465
-2.2933131172792356,-2.0199742215050387
-0.871632357579859,-1.434469748558576
0.364395094338096,-2.4724628612081627
3.573578774135291,-1.489132399228889
5.403776043985541,-1.7633169137514302
4.805017966255069,-1.9103045587962082
3.8544436570419602,-1.507269890086395
4.896148118982608,-0.9719257923893656
3.199246795640808,-0.4942382898502694
3.67498200559139,-0.47763778802800383
3.2059095763260714,-0.8243809727330613
2.5332168828019754,-1.3041173241462725
-1.3772498859091085,-0.7831009427053441
0.3549317119550172,-0.19354619554208716
2.9794077333755613,-0.9292962825111514
2.5755905312503082,-1.6552406830324282
3.492856352436874,-1.3695637827950387
0.9764688989015406,-1.8934717144933417
-0.16905637836083007,-1.6009057724621707
-3.458290127214811,-2.3955521343060444
-2.270157374654867,-2.6892048169613774
-1.5391860822636305,-2.3738243788334983
0.8020698971064535,-2.7836675021645867
1.247700442697184,-3.358457809732517
2.3348806683424255,-3.5341992819670156
2.182954003200686,-3.5635395495205295
3.9128869504028616,-3.828653679296589
3.4638180526588913,-3.4423718911949304
4.126198337211919,-3.136079358658882
3.7000169113265526,-3.0582481063183953
3.4182981705781446,-2.2644659534628375
2.3573431186088034,-0.853314970379763
2.9075683793057454,-0.65731061247266
-0.33315612173755554,-1.997231273956305
-0.29355646929775864,-1.4377126060510852
-1.056053451453482,-2.4216903363254807
-2.270157374654867,-2.6892048169613774
-1.0266554948920517,-2.6216684468448768
0.5076028378143077,-2.2653276029017686
0.19995012011820024,-3.0554331941085544
-3.9180413397370155,-3.519756936956918
-3.952332754919702,-3.3281375257438324
0.7874642918192346,-2.67987991421275
0.07541462079190138,-2.4065693660955687
0.20936155700077733,-2.393236215876921
0.5428475699780902,-1.5719398559154059
0.7789377808497283,-1.0059693985356084
-0.4226042157891497,-1.454543132294241
0.5352177808358805,-0.8291563052207696
2.0037225556585714,-0.6859339323747496
2.22502951365948,-0.6634328902123103
2.432943404264236,-0.8182929744874554
-0.5675555737054938,-1.1514721958238283
-0.9166868875095174,-0.5195060491256615
-0.7872907946405329,-0.5397988720231103
-1.9896240168948072,-0.8636484656451637
-2.277301796457672,-1.223801397269289
-3.1124964406887843,-1.672168233025373
-2.8230809765159424,-1.4948381615138735
-1.3077792975559266,-0.9806713975559729
0.364395094338096,-2.4724628612081627
0.06520679504528443,-2.4723063587508824
1.3590017268812566,-2.4474422278481534
-2.819505497241486,-1.6633740212782113
-0.635052130504355,-2.3515348058747767
0.9741013120212625,-2.7422327587747106
3.3377587684390235,-3.310766071492912
5.138338918042483,-3.2920142948157287
4.012743175482046,-3.565357075816069
3.0815034678909266,-3.124371597577585
1.1684882389211944,-2.2859551589831155
0.5448311991388942,-2.0258725234875605
-0.7076706977726522,-1.9254441193374365
-3.3176277396107308,-1.967257458743344
-2.5316544279923363,-1.8239439457027873
-3.9684717150512694,-2.16766968607452
-1.6466679751510138,-0.29026268493150637
3.132019631329912,-1.031569364193363
4.8487154537664345,-0.0029424424249755304
0.1583425086112835,-1.2088666936397388
2.641421440723862,-1.1735307232099388
1.9655549251409257,-0.9536634604308507
2.133610304832198,-0.9570624558800356
1.3334968565061713,-0.7586281907196022
0.9633245163896585,-0.25299302662573303
2.894872682253776,-0.18885630053128705
4.959112351035177,-0.15795271905161223
4.178411794176609,-0.17697849267082477
1.7360994297004324,-0.7214327722897862
2.436555792320939,-0.5494771590000738
2.8563040424391524,-0.43994656299499824
2.0940498298553925,-0.21271283084353945
0.039811475710282464,-0.3790788118253732
-0.931473660979722,-0.8233881642860648
-1.42191733393401,-1.5210636620429587
-0.3893973623336334,-1.4045507279235243
-1.0237147679805227,-1.4595798105991518
-0.6922999954950935,-1.2606709024575908
-0.09758969642236058,-1.121430001492824
0.32273205103765595,-0.9591354075174634
0.5900416774194696,-0.7523852491364896
0.9873611609390321,-1.0202897586116757
1.916248089264736,-1.0343586124169084
2.596920724095697,-1.4979334164333629
2.832570485069361,-1.760935015318062
2.122131971688548,-1.799596914995234
2.344475135817292,-1.528403785933805
2.2911242265176557,-1.5018216784897211
1.576072926901788,-1.8959180759636156
2.1451829786330934,-1.6275646332987233
1.4061668889631733,-1.9635466037648115
6.07380090991388,-3.2706486452538814
5.619354992672636,-3.165592668900869
5.137621274908113,-2.452875339583099
0.006807501166138416,-1.614527190139646
-1.8026391856776365,-0.6944777550307668
0.23222128233757136,-0.0009316055211691897
1.805576364341435,0.6593555954148644
0.792194398840808,-2.7739490635640123
0.3176119839172863,-2.6186004691343374
-4.400916357156852,-2.915247194820334
-4.1205259742861156,-3.037296502154216
-4.819396741859073,-2.552777505623687
-7.429057456920755,-4.095218853347354
-7.444762484728287,-4.193895516534234
-7.514795819141691,-3.894158233417569
-8.238146983427722,-3.6309385549525834
-7.806424375530939,-4.093438866170407
-8.011734584317376,-2.7214395225737604
-7.376167694095007,-2.806571184878955
-7.670272489058518,-3.906273358458783
-9.512416321456284,-4.149434856776661
-8.165555539760092,-2.439067037059568
-6.582607509724377,-2.8291972323592933
-4.297419603644412,-1.1561115367580537
-2.294565723990455,-0.9780684588389108
-1.4610753802662835,-0.7076120266648173
-4.893931010607352,-0.8159515504682935
-4.392207216232504,-0.5241245810186601
-1.0498536055887473,-0.34588371702559695
0.18877117459400758,-0.8467886777962728
-1.3062386339980627,-0.4277628641914059
-0.38561869688933775,-0.8724225193722542
-1.3448389417295543,-1.1717941221173147
-0.2780786296269702,-1.041169889088136
-1.0598880757520952,-1.126051031518097
-4.850118360529992,-2.3082633162152426
-3.3387349437568576,-1.5833191652420455
-2.3120656171680967,-1.2920009111840438
-1.7959738823064366,-1.3172629208982154
-2.132165437938867,-1.5516895177934804
-2.2685506670888147,-0.9295358123696835
-2.1129728063030537,-0.7686220475286187
-2.375432586321094,-2.4750185420888338
-4.418072353251102,-2.2330881313015003
-6.105941953517655,-3.6900616263346597
-6.277793265632644,-3.910281511792238
-4.847007099272567,-1.8927833019608358
-3.995911313879677,-2.0771598167937118
-4.070760969398687,-1.5589811754092109
-7.4170691085041565,-4.413283037204397
-6.376802204534865,-4.700058145271319
-5.816551953681375,-5.048207801907662
-5.7132765236884575,-5.494868888344299
-6.951240717672675,-3.2197377768130626
-7.229367871437913,-2.3998402589880605
-7.385340953101597,-2.729455124866599
-7.525975437405024,-4.103295599015448
-4.093983494017025,-1.791039124841259
-3.6972453285600118,-1.9129990588789267
0.9370587827756445,-1.7176197387713867
0.3632989845625625,-1.7139551201278131
-2.2297037525343795,-1.0259697698419652
-1.014829335294748,-0.014365788675467756
1.0364131305883066,-1.1872612587654845
1.0203211311045692,-0.8721744945307361
5.764530493706498,-0.3883204237793822
1.9691568503743637,-0.6818109263362849
-2.6727774601103405,-1.3367420264355077
-0.8337718523699712,-0.6714948705218529
-0.5324376062396017,-0.1952578575112679
-0.24662363265580228,-0.45746922316091987
1.3328456577051946,0.012213832811723016
0.5775526644631166,0.9016763524861734
-3.50229929138097,0.3895163357632032
-2.1315739449180655,0.4006066366612443
-0.39004693495460735,-0.287827394001148
-0.8528776785095132,-2.1307211186625157
-0.8488888911302479,-2.3406126504294327
-1.576264102369693,-1.1191224801004744
-1.1835414833037996,-0.8674067594345163
2.190745787644768,-0.37769579091867667
2.920087353688023,-1.408096444613761
0.5959039013341296,-1.0904529033655717
1.1904493341091098,0.10703457379471285
-2.686245514941807,-1.4246673043428477
-3.5950435112301187,-1.836083981498514
-4.989992496971076,-1.8782200255439712
1.3949059614075632,-0.14776824291147728
-2.459028498952347,-0.8221295242134745
-3.4294358961165745,-1.1831708478305731
-5.80869024872392,-2.5334231238385274
-3.288164958586127,-1.709810087097508
-1.3485081872461553,-0.6910282804238986
-0.8528776785095132,-2.1307211186625157
-0.23382779639300294,-1.4872527417503132
1.1388370879704957,-1.0422656336349216
0.6122175098022283,-0.7970401040153695
-0.1035779935942167,-1.0820241751712438
-0.5918728602690576,-1.637448907767114
0.7928052952601243,-1.2249004442425324
-0.6208253200135002,-0.47435179217488627
0.933403995573746,-0.9125448378150988
-0.9762153202749745,-1.6791597931503943
-1.1832155988823834,-1.5738249386506742
-1.5745715649028418,-1.0607899920185928
-0.40794391170197164,-0.9040556314209914
-0.09729688285162937,-0.6555036283849215
-1.6645217692393013,-0.8568186680618628
-2.470370704295175,-0.461653972337509
0.4578621828743536,-1.3874702327206827
2.4713519942798268,-0.5175799208290904
1.5183911314278444,-0.6441730873947003
-1.994985121237521,-1.0710516717383454
-0.9986791172340296,-0.9855794351116419
-2.203960060080949,-1.4534923445403363
-2.479347809357472,-0.5125459093177095
-3.019877692581591,-0.5641793329209324
-4.0605390336884986,-0.30192200979289685
-0.20148719059819858,-5.7650973654988436
-3.407189671324807,-1.3503910493102182
-6.90734209563711,-1.9578466675569133
-4.787654471450774,-1.273196716642432
-3.1684388069546197,-1.0668132791737186
-8.691218194073782,1.1940638687832164
-10.301227493264816,10.680293734870414
1.0611451039775581,-0.9951781740525186
2.550312896980699,-0.05149853720020182
1.95469951386381,-1.3282701473027472
-1.0295751959082347,-1.3639645242414802
-2.818474396538065,-1.4534697379592263
-1.1697450769342521,-1.0627000222450433
-0.4162088524637075,-1.1399536764269413
-0.97618692784773,-0.466099535931054
-0.3624664103969569,-0.4905045343830423
1.0359215984036565,-0.8377194735565742
0.3155948183044242,0.2531369803520452
-1.7698815761123732,0.3403341147849744
-2.029898097268321,-1.2330128477550593
0.47476229275165793,-0.17236807979057264
-0.8488888911302479,-2.3406126504294327
-1.1081454490436933,-2.3805794098115935
1.1603258044111453,-1.745092923998036
0.46498158487463337,-1.4023671678003522
0.8136089472733183,-2.153994368249548
-2.304060441154027,-2.8713347957287176
-4.266655434001216,-2.7720428253843243
-1.7049351329851834,-2.0030560311024357
-0.7429497199995635,-0.5082527227455678
-0.6873713327524896,0.18683828824610488
-0.6035071672444354,-0.4761208755868475
-1.1835414833037996,-0.8674067594345163
0.5568649913546098,-1.292866801155819
-1.3588054122604536,-1.2519356735365381
-0.8488888911302479,-2.3406126504294327
0.0872230901209207,-1.4689700469540417
-1.8524597203345472,-1.0474572741621355
-1.576264102369693,-1.1191224801004744
-1.1835414833037996,-0.8674067594345163
-5.03708012817588,-2.1736059099277343
-2.0670675281893143,-2.4503599996905407
-0.8911301754229624,-1.315604538469217
-1.6213187893736014,-1.117197673547542
-4.798498152198623,-1.1359225810633289
-4.832408424199734,-2.6780436196995554
0.5911195189016683,-0.9767749063721161
1.2456748771281447,-1.8908463278232739
0.5959039013341296,-1.0904529033655717
-1.7168221862797421,-0.5463108843529909
1.9938884361069447,-1.1672565184041654
-0.15132834652468,-1.2643310049669958
-4.876196522218847,-1.318623806141314
-3.8048797343901195,-0.40567773698208665
-2.453480977301708,-0.6431140583992995
-3.9958518717730813,-1.5039325143112532
-3.1657216488128213,-0.5454496385957076
-3.0185374932982105,-1.169769365189397
-1.2548740982673035,-0.38494942082245953
-1.9228174121956803,-0.7320331747796445
-3.2696764446123963,-1.2005227245490082
-0.13747518835008682,-0.5114670146613255
-0.6716456731265903,-1.078522287238398
0.0840439975479053,-0.2388895342801123
-1.6287309623944115,-0.1575198059830657
0.47476229275165793,-0.17236807979057264
-5.822812755392887,-0.9665578821357027
-5.160928878447645,-2.5742035862011257
-1.1835414833037996,-0.8674067594345163
-1.576264102369693,-1.1191224801004744
-0.8488888911302479,-2.3406126504294327
0.5568649913546098,-1.292866801155819
-0.8528776785095132,-2.1307211186625157
-0.9986791172340296,-0.9855794351116419
-1.9944819486582583,-1.3582624629795743
1.0611451039775581,-0.9951781740525186
-0.8488888911302479,-2.3406126504294327
0.7928052952601243,-1.2249004442425324
-1.3588054122604536,-1.2519356735365381
-0.8488888911302479,-2.3406126504294327
0.0872230901209207,-1.4689700469540417
-1.8524597203345472,-1.0474572741621355
-1.576264102369693,-1.1191224801004744
-1.1835414833037996,-0.8674067594345163
-4.989992496971076,-1.8782200255439712
-2.415695112803595,-0.1938063409355819
-4.50606975828777,-1.5186191025029872
-1.350067474666398,-1.0016573831333695
-2.956207717666187,-0.955596042595136
-4.688849561343829,-1.7010687415523902
-4.661979394421716,-1.059447715175274
-8.164939859940525,-1.2788731487238338
-2.2503114103127664,-0.3045438192474856
-3.5319024131969714,-0.7432041210260983
0.5543194879660782,0.01265463702794574
-0.08989471860420387,-0.9180823343754995
0.1888140801260091,-0.9484359072248513
-0.6705711033650678,-0.42654624864553403
1.0482547427979128,-1.1758964880611775
3.2635252475307084,-1.3753755811351658
1.0604880685006857,-0.42194711614749225
-0.5388881858840789,-0.8762598168213157
0.6803728972475845,-0.4016592900637561
3.0077406541096856,-0.4481667327704022
1.8384338515365186,-0.06483721943998491
-0.4970419038463175,-0.5269373287266066
-3.0287758440397297,-1.3173805272930974
-2.721918545206289,-0.7548320001578737
1.248753578408803,-1.4452446402897272
1.2006121442750264,-1.4618390931478298
2.0749560962819675,-0.757172690599113
-0.1348599378615375,-0.6198262987721638
1.3599391452229572,-1.1503726786953785
1.3030109111508419,-1.1507328810283008
4.627142960978173,-1.767846571204338
-2.501945094410154,-1.0661093797964374
-3.2172200067410883,-0.17648393230423226
-2.348663777676357,-0.9723734909594857
-0.913505712610628,-0.7523603649171278
-0.8195278312928543,-1.107888450104079
-1.7602021954677567,-1.6802743427345328
-2.566015013767553,-0.8617924990609902
0.6803728972475845,-0.4016592900637561
2.7910686114179986,-0.3889666687095719
0.8474935025691928,0.3493250940420695
1.541841228201406,-0.655966054094372
1.4791898251001134,-0.7773259222661002
0.8467492026502117,-0.5370488040841762
1.8548861712562912,-0.26471188959863884
2.617765751885998,-0.5657417552689152
1.92921881185146,-0.7446830457634964
0.2679932835273962,0.6283109573109582
0.7344911588553552,-0.2606600510469912
-0.3931022538881908,-0.47701961416535377
0.5291074064188585,-1.2176217663451023
2.2048400226907177,-0.37653517527646996
1.6489156248473258,-0.8965665491294011
0.24797542051568183,-1.1261850656408916
-3.0124795624883145,-1.3113493689691516
1.0604880685006857,-0.42194711614749225
-0.823774282349719,-0.6853497923480414
-1.260673474841894,-0.05146493941168227
-2.6567638236508424,-0.07517472075140984
-3.615552302760945,-0.035398789040961776
0.17568369808979095,-1.0945968435127604
0.6608442355077195,-1.2262674414435208
0.403939110754225,-0.17908834904248783
-0.7775077358926631,-1.2242693534815563
-0.009441137984385332,-0.9133752908333819
1.4672103626871187,-0.7400076740652126
2.0475740939443443,-1.3507934567614504
3.763861206632191,-0.8176801753225987
4.453743201306057,-0.9239393706228769
3.9033920915949034,-1.103894411474907
3.050465820820014,-1.0571114902769674
-0.6828887214418198,-2.2150435747058075
0.17568369808979095,-1.0945968435127604
0.6608442355077195,-1.2262674414435208
0.403939110754225,-0.17908834904248783
-0.7775077358926631,-1.2242693534815563
-0.4665523995727112,-1.749039313780463
0.5683270211448481,-1.3744501546410897
-0.3463978591668211,-1.5975833403314232
-0.9171057586587248,-1.121679086427715
-0.09530937625323256,-0.12951431339741218
-0.996961934683223,-0.008502658768403493
-0.4720618114454528,-0.048059327831363505
-1.6735397237466911,0.35084070512635085
-0.9235989204100329,0.16166128682113054
-0.6394319538100595,0.133030590884939
-0.05388907245314667,-0.4071835171934867
0.9365403759139677,-0.5962007773783813
0.06613711393123715,-0.13495187349823068
0.682938966395603,-0.24097735136217535
-0.5225280056112379,-0.2877044822896484
1.105023803792057,0.04300466606209445
0.7054478144062412,0.35031864158064824
-0.4665523995727112,-1.749039313780463
0.5683270211448481,-1.3744501546410897
-0.3463978591668211,-1.5975833403314232
-0.5225280056112379,-0.2877044822896484
-1.8208502026383453,-0.23693599620934327
-1.54417055222083,-0.12563730134414036
-2.0540329340168553,-2.5377846503657264
0.357371873912622,-1.411380508701722
-0.5763317518486684,-0.6056814345112351
-0.7575175861358167,-0.8234271989848758
-1.2867221176153136,-1.3058195229120821
-0.8011127180607133,-1.6145428769010515
-2.0438061504559832,-1.3944277165785017
-0.1375845576122911,-0.8849510062200734
-0.6650046954630829,-1.2591517057024013
0.0949538181579419,-0.9826953629276922
1.1006823980494687,-1.2177212535299866
-0.9469014618361065,-2.3715090739219504
1.6008544597335317,-1.7604682617220238
0.25565891836629473,-2.0073029032472576
0.7402285874180673,-1.8203573245605331
0.1772682227806891,-1.5943636793598075
1.9852708860343726,-0.8810629680796193
1.2514649481625295,-0.9090904572562166
1.253718875902828,-0.698579354489494
-0.5892953050253558,-2.172745402198529
0.9482270542624841,-1.134015662382204
-0.42813060423336535,-0.27518067428965287
-1.102242328764408,0.055669052228143286
0.6267075613728894,-1.331318507112324
-1.4957034821574204,-1.494225363129985
-0.3173625343888614,-1.1810613936744223
-3.0888981453698534,-0.6526740125170791
-5.213709090522603,-1.6154984161062174
-4.889181169591658,-2.7481926768739164
-3.9908976271860865,-2.4467070508780497
-1.2172352329658467,-1.833311251545289
-1.5274845062189386,-1.1316792622542668
-1.228157259949594,-1.8234513844483786
-0.6434497251187967,-2.0573725676617713
1.0395203001715503,-0.47393854204463715
0.18941596791988466,-0.6637378870640693
-2.0540329340168553,-2.5377846503657264
-2.9914006435750613,-1.5694159620849342
-1.8512715553383805,-0.7826826586172244
-0.7817915281832987,-0.7999800943352142
-1.3619169948477545,-0.5680390134341523
-1.6413682058218113,-0.4182711064956454
-2.5028297017875345,-0.6825582014542904
-1.4957034821574204,-1.494225363129985
1.5877179471368628,-0.8498999927262997
-2.577493018638969,-0.6325772729551447
-1.1710947940577179,-1.3689682929898002
-1.228157259949594,-1.8234513844483786
0.0678136522487851,-1.921240525323689
0.7370823552419588,-1.7958859963786091
0.7588652456455072,-1.9291697391362257
2.2102422637300414,-2.245318952158469
-1.19077171644098,-1.8768510397468776
-2.9318650167763196,-1.9590757852809255
-3.6729133727953074,-1.6652509992967681
-4.429159472853158,-1.398716306697037
-0.6692752335801636,-2.3703114330420254
1.8530949018196274,-1.9690233017214025
1.5697934619055833,-1.3547470415444076
0.17796892635438752,-1.1478872898837085
0.03110386560125368,-0.867036410118516
-0.15214325316653488,-1.4977355183868453
1.3688159467561263,-1.780414753972295
0.6446081765629512,-0.8561078571954895
1.617979517868428,-1.2764228588619069
1.749653438854457,-1.3863657118453736
3.4243318232908844,-0.2250515883445862
4.385053022251635,-0.10246700501848914
2.416667542334271,-0.5047676174408715
0.7505301842116103,-0.5663593766599265
-1.51797552406815,-0.32983805875838645
1.2595513559746832,0.3478231758540079
1.66368585513343,-0.705176023880944
-2.4521575282646833,-1.2824634980038971
1.749653438854457,-1.3863657118453736
2.225886112365185,0.039737717760040245
-1.553494973411952,0.44932273416313057
-1.0493398968321512,-0.2909996191355551
-3.1246150143510016,-1.4594110511591138
0.5563642160478277,-0.6698495691269917
-2.37230256733896,-0.7456766462708763
0.26559684904807696,0.6334279887361794
-1.48743691209591,-1.914845946011948
0.6446081765629512,-0.8561078571954895
-0.6828887214418198,-2.2150435747058075
-2.7079548249459924,-2.602268504421257
-4.927678192179088,-3.242990430982173
-2.670610246552106,-2.719609956912907
-2.1434634274368283,-2.3015815442193097
-2.3946939965048304,-2.3139681085194037
-2.440656356211115,-0.7210388250595186
-0.9412624501004726,-0.9200419204077488
-1.3373862814408657,-1.298161261557399
-2.3977770193376777,-1.8663225691162642
-1.7868740932771885,-1.8413199193472949
-1.603779777998917,-1.4557638506993527
-1.2829218291936655,-1.1566222109265198
-0.8834216635041736,-1.4592698454331963
-0.752106158682294,-1.3226360697090107
-1.9048466822133232,-0.8953083478562124
-1.649139943261465,-0.9345142426190958
-2.7528589582230754,-1.055527410894191
-1.0065686691117044,-0.040586139490295464
-1.3901890075231298,0.17753131437316447
-2.9937242822363426,0.2420110053190061
-2.7069988765481905,0.01197692233166553
-3.0193300419664753,0.36287472550221156
-2.6421611453311518,-1.1841210850217292
-3.663387206585471,-1.72890809114026
-1.493187687022483,-1.583976361523662
2.1682664887386243,-1.3051944725588849
1.0281964426317756,-0.8810235906945009
1.213817000829751,-1.8858563589334787
3.024189450201324,-1.3251421519906166
-0.14568771009940082,-2.205023787523017
0.387759163789191,-2.2866113523724976
-0.4545522187529424,-2.343323187604413
-0.25282601425065676,-2.1332377777020617
1.5459648248534996,-1.5255432201283563
1.19902789853849,-1.2269494343724385
0.5981039021534489,-1.2893738024745283
-0.5966681641340613,-1.312849783302345
0.441288596181021,-1.464800792474593
1.439324227142751,-0.7046089100627411
2.0629886147399423,-0.8583342915201168
2.4238493771060554,-0.12217121251199514
-0.011846274059006037,0.246285294722499
-3.3169256914059293,-0.9846115685130399
-1.4391649990912876,-1.0341735782004804
3.452355801248201,-0.5455727467558807
3.659656470880497,-0.11383027179325594
1.4846885160604475,-0.8577249563268254
-2.858487905949326,-0.6912393283060796
0.1802478124506901,0.6503380829088985
-2.146376458580774,-2.006415848478313
-5.818676079052947,-1.731445318509644
-6.770085809238491,-1.4044586237385517
-6.7590076078325945,-2.118486549187138
-6.82863834801331,-2.0991080863132394
-6.708964067314769,-1.6971874983110586
-6.66271464738709,-1.3035070496605823
-6.681260698332032,-1.785333990346526
-7.0677766705257055,-2.397193408450244
-5.364707048848931,-0.4236701638507201
-2.274569883856071,-0.626737713074486
-0.5900152000581871,-1.8695163860200519
-2.376567708988299,-0.6474561809218737
-1.3916354188868314,-1.4740069252666361
2.332045006870817,-0.5732055062369864
1.3370116797482379,-0.5353921630716525
1.5379071978341883,-0.7800682078948193
2.232368922430951,-0.9752280451179458
0.6611415521473106,-0.8825825365191698
-1.5729175586771378,-1.124698877506736
-3.255434727485265,-0.8537922768141999
-3.7488916700781876,-0.4776862687651345
-3.114117759703194,-0.6603783439920297
-3.786885224134007,-1.8498791872140397
-3.705498964619842,-1.598677509224204
-3.2893285825562173,-2.2849750695421736
-1.7898651168074902,-2.318291398056164
-1.0071454805643474,-2.3627546125358987
-1.8440076954364581,-2.4137562279632663
-1.3194913005683846,-0.9056287810770673
-1.9272779276919758,-1.1387920352287577
-2.9314056668195776,-0.24547921562388697
-2.6717404504770106,-0.09231250360741314
-0.39500266517185784,0.5151336820855202
0.08251505278941645,0.5624210084789024
0.18081602086604284,-0.6858664247773085
-0.9928796529387413,-0.9563312322797607
-2.566015013767553,-0.8617924990609902
-2.237352302210099,-0.7457617836306083
-5.409594317791372,-2.4281488303183854
-5.6310065376998635,-2.5676932803739487
-5.6941569181829035,-2.1737658498151258
-6.658582706764227,-2.793746022413366
-5.338961455662655,-0.7716777734979273
-8.12953166106151,-2.010112191335055
-6.828506467807362,-1.8473153505860738
-5.937349264084796,-1.2747096428298688
-5.554056324736496,-0.8982097295692063
-0.24990503235377065,-1.1364459097707176
-1.27735163204443,-0.7694591874001357
-3.213792976477274,1.29733826244376
-2.726460707665497,0.010649018325744629
-2.990557840038818,0.24365517595745023
-0.8960666734874749,0.23706777532583276
-0.6133535898927442,-0.8260858458399272
2.5187005590688596,-0.8644211784161775
2.0165983520854063,-0.9339585992940401
-1.1164763113364724,-1.2691885421879174
-5.554056324736496,-0.8982097295692063
-5.44613445015317,-0.826114324877533
-5.655474555173224,-0.6310741275264001
-5.958576348073248,-0.7192972844256964
-6.2963990374493495,0.4577117075681314
-6.634681005500817,0.8605400983926187
